path	split	class	video_id	w	h	fps	nb_frames	codec	duration	size	bitrate	encoder	title	comment	date
train/fighting_or_violence/videos/TR00510.mp4	train	fighting_or_violence	TR00510	1280	720	15.0	87	h264	5.800000	2605585	3593910	Lavf58.76.100	EV录屏3.9.5软件录制	本视频由湖南一唯信息科技开发的EV录屏软件录制，www.ieway.cn	
train/fighting_or_violence/videos/TR00511.mp4	train	fighting_or_violence	TR00511	1280	720	15.0	135	h264	9.000000	1198397	1065241	Lavf58.76.100			0
train/fighting_or_violence/videos/TR00512.mp4	train	fighting_or_violence	TR00512	1280	720	15.0	88	h264	5.866667	1222022	1666393	Lavf58.76.100	EV录屏3.9.5软件录制	本视频由湖南一唯信息科技开发的EV录屏软件录制，www.ieway.cn	
train/fighting_or_violence/videos/TR00513.mp4	train	fighting_or_violence	TR00513	1280	720	15.0	88	h264	5.866667	2996338	4085915	Lavf58.76.100	EV录屏3.9.5软件录制	本视频由湖南一唯信息科技开发的EV录屏软件录制，www.ieway.cn	
train/fighting_or_violence/videos/TR00514.mp4	train	fighting_or_violence	TR00514	1280	720	15.0	450	h264	30.000000	1853050	494146	Lavf58.76.100			0
train/fighting_or_violence/videos/TR00515.mp4	train	fighting_or_violence	TR00515	1280	720	15.0	88	h264	5.866667	833290	1136304	Lavf58.76.100	EV录屏3.9.5软件录制	本视频由湖南一唯信息科技开发的EV录屏软件录制，www.ieway.cn	
train/fighting_or_violence/videos/TR00516.mp4	train	fighting_or_violence	TR00516	1280	720	15.0	87	h264	5.800000	1787773	2465893	Lavf58.76.100	EV录屏3.9.5软件录制	本视频由湖南一唯信息科技开发的EV录屏软件录制，www.ieway.cn	
train/fighting_or_violence/videos/TR00517.mp4	train	fighting_or_violence	TR00517	1280	720	15.0	450	h264	30.000000	2444613	651896	Lavf58.76.100			0
train/fighting_or_violence/videos/TR00518.mp4	train	fighting_or_violence	TR00518	1280	720	15.0	450	h264	30.000000	1681722	448459	Lavf58.76.100			0
train/fighting_or_violence/videos/TR00519.mp4	train	fighting_or_violence	TR00519	1280	720	15.0	392	h264	26.133333	2288126	700446	Lavf58.76.100			0
train/fighting_or_violence/videos/TR00520.mp4	train	fighting_or_violence	TR00520	1280	720	15.0	450	h264	30.000000	1948876	519700	Lavf58.76.100			0
train/fighting_or_violence/videos/TR00521.mp4	train	fighting_or_violence	TR00521	1280	720	15.0	88	h264	5.866667	2706728	3690992	Lavf58.76.100	EV录屏3.9.5软件录制	本视频由湖南一唯信息科技开发的EV录屏软件录制，www.ieway.cn	
train/fighting_or_violence/videos/TR00522.mp4	train	fighting_or_violence	TR00522	1280	720	15.0	449	h264	29.933333	2776603	742076	Lavf58.76.100			0
train/fighting_or_violence/videos/TR00523.mp4	train	fighting_or_violence	TR00523	1280	720	15.0	87	h264	5.800000	2222796	3065925	Lavf58.76.100	EV录屏3.9.5软件录制	本视频由湖南一唯信息科技开发的EV录屏软件录制，www.ieway.cn	
train/fighting_or_violence/videos/TR00524.mp4	train	fighting_or_violence	TR00524	1280	720	15.0	450	h264	30.000000	2939908	783975	Lavf58.76.100			0
train/fighting_or_violence/videos/TR00525.mp4	train	fighting_or_violence	TR00525	1280	720	15.0	69	h264	4.600000	768665	1336808	Lavf58.76.100			0
train/fighting_or_violence/videos/TR00526.mp4	train	fighting_or_violence	TR00526	1280	720	15.0	87	h264	5.800000	2861284	3946598	Lavf58.76.100	EV录屏3.9.5软件录制	本视频由湖南一唯信息科技开发的EV录屏软件录制，www.ieway.cn	
train/fighting_or_violence/videos/TR00527.mp4	train	fighting_or_violence	TR00527	1280	720	15.0	87	h264	5.800000	723514	997950	Lavf58.76.100	EV录屏3.9.5软件录制	本视频由湖南一唯信息科技开发的EV录屏软件录制，www.ieway.cn	
train/fighting_or_violence/videos/TR00528.mp4	train	fighting_or_violence	TR00528	1280	720	15.0	450	h264	30.000000	2241431	597714	Lavf58.76.100			0
train/fighting_or_violence/videos/TR00529.mp4	train	fighting_or_violence	TR00529	1280	720	15.0	87	h264	5.800000	3408991	4702056	Lavf58.76.100	EV录屏3.9.5软件录制	本视频由湖南一唯信息科技开发的EV录屏软件录制，www.ieway.cn	
train/fighting_or_violence/videos/TR00530.mp4	train	fighting_or_violence	TR00530	1280	720	15.0	450	h264	30.000000	6053595	1614292	Lavf58.76.100			0
train/fighting_or_violence/videos/TR00531.mp4	train	fighting_or_violence	TR00531	1280	720	15.0	450	h264	30.000000	1624352	433160	Lavf58.76.100			0
train/fighting_or_violence/videos/TR00532.mp4	train	fighting_or_violence	TR00532	1280	720	15.0	395	h264	26.333333	1621263	492535	Lavf58.76.100			0
train/fighting_or_violence/videos/TR00533.mp4	train	fighting_or_violence	TR00533	1280	720	15.0	450	h264	30.000000	4881235	1301662	Lavf58.76.100			0
train/fighting_or_violence/videos/TR00534.mp4	train	fighting_or_violence	TR00534	1280	720	15.0	87	h264	5.800000	2247425	3099896	Lavf58.76.100	EV录屏3.9.5软件录制	本视频由湖南一唯信息科技开发的EV录屏软件录制，www.ieway.cn	
train/fighting_or_violence/videos/TR00535.mp4	train	fighting_or_violence	TR00535	1280	720	15.0	223	h264	14.866667	1360158	731923	Lavf58.76.100			0
train/fighting_or_violence/videos/TR00536.mp4	train	fighting_or_violence	TR00536	1280	720	15.0	450	h264	30.000000	1477844	394091	Lavf58.76.100			0
train/fighting_or_violence/videos/TR00537.mp4	train	fighting_or_violence	TR00537	1280	720	15.0	450	h264	30.000000	1885176	502713	Lavf58.76.100			0
train/fighting_or_violence/videos/TR00538.mp4	train	fighting_or_violence	TR00538	1280	720	15.0	88	h264	5.866667	806635	1099956	Lavf58.76.100	EV录屏3.9.5软件录制	本视频由湖南一唯信息科技开发的EV录屏软件录制，www.ieway.cn	
train/fighting_or_violence/videos/TR00539.mp4	train	fighting_or_violence	TR00539	1280	720	15.0	450	h264	30.000000	2955851	788226	Lavf58.76.100			0
train/fighting_or_violence/videos/TR00540.mp4	train	fighting_or_violence	TR00540	1280	720	15.0	87	h264	5.800000	1723570	2377337	Lavf58.76.100	EV录屏3.9.5软件录制	本视频由湖南一唯信息科技开发的EV录屏软件录制，www.ieway.cn	
train/fighting_or_violence/videos/TR00541.mp4	train	fighting_or_violence	TR00541	1280	720	15.0	301	h264	20.066667	1787569	712652	Lavf58.76.100			0
train/fighting_or_violence/videos/TR00542.mp4	train	fighting_or_violence	TR00542	1280	720	15.0	450	h264	30.000000	2130768	568204	Lavf58.76.100			0
train/fighting_or_violence/videos/TR00543.mp4	train	fighting_or_violence	TR00543	1280	720	15.0	88	h264	5.866667	714701	974592	Lavf58.76.100	EV录屏3.9.5软件录制	本视频由湖南一唯信息科技开发的EV录屏软件录制，www.ieway.cn	
train/fighting_or_violence/videos/TR00544.mp4	train	fighting_or_violence	TR00544	1280	720	15.0	136	h264	9.066667	609233	537558	Lavf58.76.100			0
train/fighting_or_violence/videos/TR00545.mp4	train	fighting_or_violence	TR00545	1280	720	15.0	88	h264	5.866667	1591015	2169565	Lavf58.76.100	EV录屏3.9.5软件录制	本视频由湖南一唯信息科技开发的EV录屏软件录制，www.ieway.cn	
train/fighting_or_violence/videos/TR00546.mp4	train	fighting_or_violence	TR00546	1280	720	15.0	88	h264	5.866667	1625156	2216121	Lavf58.76.100	EV录屏3.9.5软件录制	本视频由湖南一唯信息科技开发的EV录屏软件录制，www.ieway.cn	
train/fighting_or_violence/videos/TR00547.mp4	train	fighting_or_violence	TR00547	1280	720	15.0	450	h264	30.000000	1702889	454103	Lavf58.76.100			0
train/fighting_or_violence/videos/TR00548.mp4	train	fighting_or_violence	TR00548	1280	720	15.0	87	h264	5.800000	1810695	2497510	Lavf58.76.100	EV录屏3.9.5软件录制	本视频由湖南一唯信息科技开发的EV录屏软件录制，www.ieway.cn	
train/fighting_or_violence/videos/TR00549.mp4	train	fighting_or_violence	TR00549	1280	720	15.0	87	h264	5.800000	1782135	2458117	Lavf58.76.100	EV录屏3.9.5软件录制	本视频由湖南一唯信息科技开发的EV录屏软件录制，www.ieway.cn	
train/fighting_or_violence/videos/TR00550.mp4	train	fighting_or_violence	TR00550	1280	720	15.0	88	h264	5.866667	1685631	2298587	Lavf58.76.100	EV录屏3.9.5软件录制	本视频由湖南一唯信息科技开发的EV录屏软件录制，www.ieway.cn	
train/fighting_or_violence/videos/TR00551.mp4	train	fighting_or_violence	TR00551	1280	720	15.0	87	h264	5.800000	1491806	2057663	Lavf58.76.100	EV录屏3.9.5软件录制	本视频由湖南一唯信息科技开发的EV录屏软件录制，www.ieway.cn	
train/fighting_or_violence/videos/TR00552.mp4	train	fighting_or_violence	TR00552	1280	720	15.0	450	h264	30.000000	1484661	395909	Lavf58.76.100			0
train/fighting_or_violence/videos/TR00553.mp4	train	fighting_or_violence	TR00553	1280	720	15.0	450	h264	30.000000	1716927	457847	Lavf58.76.100			0
train/fighting_or_violence/videos/TR00554.mp4	train	fighting_or_violence	TR00554	1280	720	15.0	450	h264	30.000000	3489029	930407	Lavf58.76.100			0
train/fighting_or_violence/videos/TR00555.mp4	train	fighting_or_violence	TR00555	1280	720	15.0	450	h264	30.000000	1258808	335682	Lavf58.76.100			0
train/fighting_or_violence/videos/TR00556.mp4	train	fighting_or_violence	TR00556	1280	720	15.0	450	h264	30.000000	1565793	417544	Lavf58.76.100			0
train/fighting_or_violence/videos/TR00557.mp4	train	fighting_or_violence	TR00557	1280	720	15.0	88	h264	5.866667	1804309	2460421	Lavf58.76.100	EV录屏3.9.5软件录制	本视频由湖南一唯信息科技开发的EV录屏软件录制，www.ieway.cn	
train/fighting_or_violence/videos/TR00558.mp4	train	fighting_or_violence	TR00558	1280	720	15.0	450	h264	30.000000	2406624	641766	Lavf58.76.100			0
train/fighting_or_violence/videos/TR00559.mp4	train	fighting_or_violence	TR00559	1280	720	15.0	450	h264	30.000000	3858254	1028867	Lavf58.76.100			0
train/fighting_or_violence/videos/TR00560.mp4	train	fighting_or_violence	TR00560	1280	720	15.0	378	h264	25.200000	4450920	1412990	Lavf58.76.100			0
train/fighting_or_violence/videos/TR00561.mp4	train	fighting_or_violence	TR00561	1280	720	15.0	88	h264	5.866667	782553	1067117	Lavf58.76.100	EV录屏3.9.5软件录制	本视频由湖南一唯信息科技开发的EV录屏软件录制，www.ieway.cn	
train/fighting_or_violence/videos/TR00562.mp4	train	fighting_or_violence	TR00562	1280	720	15.0	450	h264	30.000000	4143058	1104815	Lavf58.76.100			0
train/fighting_or_violence/videos/TR00563.mp4	train	fighting_or_violence	TR00563	1280	720	15.0	450	h264	30.000000	8144339	2171823	Lavf58.76.100			0
train/fighting_or_violence/videos/TR00564.mp4	train	fighting_or_violence	TR00564	1280	720	15.0	450	h264	30.000000	1727270	460605	Lavf58.76.100			0
train/fighting_or_violence/videos/TR00565.mp4	train	fighting_or_violence	TR00565	1280	720	15.0	237	h264	15.800000	2072976	1049608	Lavf58.76.100			0
train/fighting_or_violence/videos/TR00566.mp4	train	fighting_or_violence	TR00566	1280	720	15.0	450	h264	30.000000	1110067	296017	Lavf58.76.100			0
train/fighting_or_violence/videos/TR00567.mp4	train	fighting_or_violence	TR00567	1280	720	15.0	184	h264	12.266667	580594	378648	Lavf58.76.100			0
train/fighting_or_violence/videos/TR00568.mp4	train	fighting_or_violence	TR00568	1280	720	15.0	450	h264	30.000000	2735033	729342	Lavf58.76.100			0
train/fighting_or_violence/videos/TR00569.mp4	train	fighting_or_violence	TR00569	1280	720	15.0	450	h264	30.000000	782445	208652	Lavf58.76.100			0
train/fighting_or_violence/videos/TR00570.mp4	train	fighting_or_violence	TR00570	1280	720	15.0	446	h264	29.733333	3228499	868654	Lavf58.76.100			0
train/fighting_or_violence/videos/TR00571.mp4	train	fighting_or_violence	TR00571	1280	720	15.0	450	h264	30.000000	1879495	501198	Lavf58.76.100			0
train/fighting_or_violence/videos/TR00572.mp4	train	fighting_or_violence	TR00572	1280	720	15.0	96	h264	6.400000	1297334	1621667	Lavf58.76.100	EV录屏3.9.5软件录制	本视频由湖南一唯信息科技开发的EV录屏软件录制，www.ieway.cn	
train/fighting_or_violence/videos/TR00573.mp4	train	fighting_or_violence	TR00573	1280	720	15.0	450	h264	30.000000	1218102	324827	Lavf58.76.100			0
train/fighting_or_violence/videos/TR00574.mp4	train	fighting_or_violence	TR00574	1280	720	15.0	450	h264	30.000000	4492542	1198011	Lavf58.76.100			0
train/fighting_or_violence/videos/TR00575.mp4	train	fighting_or_violence	TR00575	1280	720	15.0	421	h264	28.066667	1572650	448261	Lavf58.76.100			0
train/fighting_or_violence/videos/TR00576.mp4	train	fighting_or_violence	TR00576	1280	720	15.0	450	h264	30.000000	3715741	990864	Lavf58.76.100			0
train/fighting_or_violence/videos/TR00577.mp4	train	fighting_or_violence	TR00577	1280	720	15.0	450	h264	30.000000	1564329	417154	Lavf58.76.100			0
train/fighting_or_violence/videos/TR00578.mp4	train	fighting_or_violence	TR00578	1280	720	15.0	450	h264	30.000000	1161859	309829	Lavf58.76.100			0
train/fighting_or_violence/videos/TR00579.mp4	train	fighting_or_violence	TR00579	1280	720	15.0	87	h264	5.800000	1337894	1845371	Lavf58.76.100	EV录屏3.9.5软件录制	本视频由湖南一唯信息科技开发的EV录屏软件录制，www.ieway.cn	
train/fighting_or_violence/videos/TR00580.mp4	train	fighting_or_violence	TR00580	1280	720	15.0	88	h264	5.866667	823202	1122548	Lavf58.76.100	EV录屏3.9.5软件录制	本视频由湖南一唯信息科技开发的EV录屏软件录制，www.ieway.cn	
train/fighting_or_violence/videos/TR00581.mp4	train	fighting_or_violence	TR00581	1280	720	15.0	450	h264	30.000000	1888191	503517	Lavf58.76.100			0
train/fighting_or_violence/videos/TR00582.mp4	train	fighting_or_violence	TR00582	1280	720	15.0	450	h264	30.000000	2909877	775967	Lavf58.76.100			0
train/fighting_or_violence/videos/TR00583.mp4	train	fighting_or_violence	TR00583	1280	720	15.0	450	h264	30.000000	968333	258222	Lavf58.76.100			0
train/fighting_or_violence/videos/TR00584.mp4	train	fighting_or_violence	TR00584	1280	720	15.0	450	h264	30.000000	1210197	322719	Lavf58.76.100			0
train/fighting_or_violence/videos/TR00585.mp4	train	fighting_or_violence	TR00585	1280	720	15.0	88	h264	5.866667	1714971	2338596	Lavf58.76.100	EV录屏3.9.5软件录制	本视频由湖南一唯信息科技开发的EV录屏软件录制，www.ieway.cn	
train/fighting_or_violence/videos/TR00586.mp4	train	fighting_or_violence	TR00586	1280	720	15.0	450	h264	30.000000	2833771	755672	Lavf58.76.100			0
train/fighting_or_violence/videos/TR00587.mp4	train	fighting_or_violence	TR00587	1280	720	15.0	450	h264	30.000000	2759744	735931	Lavf58.76.100			0
train/fighting_or_violence/videos/TR00588.mp4	train	fighting_or_violence	TR00588	1280	720	15.0	87	h264	5.800000	1600760	2207944	Lavf58.76.100	EV录屏3.9.5软件录制	本视频由湖南一唯信息科技开发的EV录屏软件录制，www.ieway.cn	
train/fighting_or_violence/videos/TR00589.mp4	train	fighting_or_violence	TR00589	1280	720	15.0	450	h264	30.000000	2083650	555640	Lavf58.76.100			0
train/fighting_or_violence/videos/TR00590.mp4	train	fighting_or_violence	TR00590	1280	720	15.0	450	h264	30.000000	2542977	678127	Lavf58.76.100			0
train/fighting_or_violence/videos/TR00591.mp4	train	fighting_or_violence	TR00591	1280	720	15.0	87	h264	5.800000	1675677	2311278	Lavf58.76.100	EV录屏3.9.5软件录制	本视频由湖南一唯信息科技开发的EV录屏软件录制，www.ieway.cn	
train/fighting_or_violence/videos/TR00592.mp4	train	fighting_or_violence	TR00592	1280	720	15.0	450	h264	30.000000	2527188	673916	Lavf58.76.100			0
train/fighting_or_violence/videos/TR00593.mp4	train	fighting_or_violence	TR00593	1280	720	15.0	450	h264	30.000000	462570	123352	Lavf58.76.100			0
train/fighting_or_violence/videos/TR00594.mp4	train	fighting_or_violence	TR00594	1280	720	15.0	286	h264	19.066667	990881	415754	Lavf58.76.100			0
train/fighting_or_violence/videos/TR00595.mp4	train	fighting_or_violence	TR00595	1280	720	15.0	450	h264	30.000000	2487315	663284	Lavf58.76.100			0
train/fighting_or_violence/videos/TR00596.mp4	train	fighting_or_violence	TR00596	1280	720	15.0	450	h264	30.000000	1400968	373591	Lavf58.76.100			0
train/fighting_or_violence/videos/TR00597.mp4	train	fighting_or_violence	TR00597	1280	720	15.0	88	h264	5.866667	3004183	4096612	Lavf58.76.100	EV录屏3.9.5软件录制	本视频由湖南一唯信息科技开发的EV录屏软件录制，www.ieway.cn	
train/fighting_or_violence/videos/TR00598.mp4	train	fighting_or_violence	TR00598	1280	720	15.0	88	h264	5.866667	1483455	2022893	Lavf58.76.100	EV录屏3.9.5软件录制	本视频由湖南一唯信息科技开发的EV录屏软件录制，www.ieway.cn	
train/fighting_or_violence/videos/TR00599.mp4	train	fighting_or_violence	TR00599	1280	720	15.0	450	h264	30.000000	4019722	1071925	Lavf58.76.100			0
train/fighting_or_violence/videos/TR00600.mp4	train	fighting_or_violence	TR00600	1280	720	15.0	450	h264	30.000000	5620109	1498695	Lavf58.76.100			0
train/fighting_or_violence/videos/TR00601.mp4	train	fighting_or_violence	TR00601	1280	720	15.0	88	h264	5.866667	2368081	3229201	Lavf58.76.100	EV录屏3.9.5软件录制	本视频由湖南一唯信息科技开发的EV录屏软件录制，www.ieway.cn	
train/fighting_or_violence/videos/TR00602.mp4	train	fighting_or_violence	TR00602	1280	720	15.0	50	h264	3.333333	423926	1017422	Lavf58.76.100			
train/fighting_or_violence/videos/TR00603.mp4	train	fighting_or_violence	TR00603	1280	720	15.0	88	h264	5.866667	3110972	4242234	Lavf58.76.100	EV录屏3.9.5软件录制	本视频由湖南一唯信息科技开发的EV录屏软件录制，www.ieway.cn	
train/fighting_or_violence/videos/TR00604.mp4	train	fighting_or_violence	TR00604	1280	720	15.0	450	h264	30.000000	3202847	854092	Lavf58.76.100			0
train/fighting_or_violence/videos/TR00605.mp4	train	fighting_or_violence	TR00605	1280	720	15.0	450	h264	30.000000	2671320	712352	Lavf58.76.100			0
train/fighting_or_violence/videos/TR00606.mp4	train	fighting_or_violence	TR00606	1280	720	15.0	88	h264	5.866667	1915069	2611457	Lavf58.76.100	EV录屏3.9.5软件录制	本视频由湖南一唯信息科技开发的EV录屏软件录制，www.ieway.cn	
train/fighting_or_violence/videos/TR00607.mp4	train	fighting_or_violence	TR00607	1280	720	15.0	450	h264	30.000000	2883008	768802	Lavf58.76.100			0
train/fighting_or_violence/videos/TR00608.mp4	train	fighting_or_violence	TR00608	1280	720	15.0	88	h264	5.866667	1601963	2184494	Lavf58.76.100	EV录屏3.9.5软件录制	本视频由湖南一唯信息科技开发的EV录屏软件录制，www.ieway.cn	
train/fighting_or_violence/videos/TR00609.mp4	train	fighting_or_violence	TR00609	1280	720	15.0	450	h264	30.000000	2823117	752831	Lavf58.76.100			0
train/fighting_or_violence/videos/TR00610.mp4	train	fighting_or_violence	TR00610	1280	720	15.0	88	h264	5.866667	1757287	2396300	Lavf58.76.100	EV录屏3.9.5软件录制	本视频由湖南一唯信息科技开发的EV录屏软件录制，www.ieway.cn	
train/fighting_or_violence/videos/TR00611.mp4	train	fighting_or_violence	TR00611	1280	720	15.0	450	h264	30.000000	1736777	463140	Lavf58.76.100			0
train/fighting_or_violence/videos/TR00612.mp4	train	fighting_or_violence	TR00612	1280	720	15.0	450	h264	30.000000	4208296	1122212	Lavf58.76.100			0
train/fighting_or_violence/videos/TR00613.mp4	train	fighting_or_violence	TR00613	1280	720	15.0	88	h264	5.866667	823505	1122961	Lavf58.76.100	EV录屏3.9.5软件录制	本视频由湖南一唯信息科技开发的EV录屏软件录制，www.ieway.cn	
train/fighting_or_violence/videos/TR00614.mp4	train	fighting_or_violence	TR00614	1280	720	15.0	450	h264	30.000000	5249369	1399831	Lavf58.76.100			0
train/fighting_or_violence/videos/TR00615.mp4	train	fighting_or_violence	TR00615	1280	720	15.0	87	h264	5.800000	2147251	2961725	Lavf58.76.100	EV录屏3.9.5软件录制	本视频由湖南一唯信息科技开发的EV录屏软件录制，www.ieway.cn	
train/fighting_or_violence/videos/TR00616.mp4	train	fighting_or_violence	TR00616	1280	720	15.0	450	h264	30.000000	1605015	428004	Lavf58.76.100			0
train/fighting_or_violence/videos/TR00617.mp4	train	fighting_or_violence	TR00617	1280	720	15.0	450	h264	30.000000	2797000	745866	Lavf58.76.100			0
train/fighting_or_violence/videos/TR00618.mp4	train	fighting_or_violence	TR00618	1280	720	15.0	88	h264	5.866667	1656865	2259361	Lavf58.76.100	EV录屏3.9.5软件录制	本视频由湖南一唯信息科技开发的EV录屏软件录制，www.ieway.cn	
train/fighting_or_violence/videos/TR00619.mp4	train	fighting_or_violence	TR00619	1280	720	15.0	150	h264	10.000000	661273	529018	Lavf58.76.100			0
train/fighting_or_violence/videos/TR00620.mp4	train	fighting_or_violence	TR00620	1280	720	15.0	450	h264	30.000000	1764144	470438	Lavf58.76.100			0
train/fighting_or_violence/videos/TR00621.mp4	train	fighting_or_violence	TR00621	1280	720	15.0	87	h264	5.800000	776815	1071468	Lavf58.76.100	EV录屏3.9.5软件录制	本视频由湖南一唯信息科技开发的EV录屏软件录制，www.ieway.cn	
train/fighting_or_violence/videos/TR00622.mp4	train	fighting_or_violence	TR00622	1280	720	15.0	450	h264	30.000000	3847703	1026054	Lavf58.76.100			0
train/fighting_or_violence/videos/TR00623.mp4	train	fighting_or_violence	TR00623	1280	720	15.0	88	h264	5.866667	840442	1146057	Lavf58.76.100	EV录屏3.9.5软件录制	本视频由湖南一唯信息科技开发的EV录屏软件录制，www.ieway.cn	
train/fighting_or_violence/videos/TR00624.mp4	train	fighting_or_violence	TR00624	1280	720	15.0	88	h264	5.866667	1281472	1747461	Lavf58.76.100	EV录屏3.9.5软件录制	本视频由湖南一唯信息科技开发的EV录屏软件录制，www.ieway.cn	
train/fighting_or_violence/videos/TR00625.mp4	train	fighting_or_violence	TR00625	1280	720	15.0	450	h264	30.000000	1403062	374149	Lavf58.76.100			0
train/fighting_or_violence/videos/TR00626.mp4	train	fighting_or_violence	TR00626	1280	720	15.0	88	h264	5.866667	1584556	2160758	Lavf58.76.100	EV录屏3.9.5软件录制	本视频由湖南一唯信息科技开发的EV录屏软件录制，www.ieway.cn	
train/fighting_or_violence/videos/TR00627.mp4	train	fighting_or_violence	TR00627	1280	720	15.0	450	h264	30.000000	2022651	539373	Lavf58.76.100			0
train/fighting_or_violence/videos/TR00628.mp4	train	fighting_or_violence	TR00628	1280	720	15.0	88	h264	5.866667	1645476	2243830	Lavf58.76.100	EV录屏3.9.5软件录制	本视频由湖南一唯信息科技开发的EV录屏软件录制，www.ieway.cn	
train/fighting_or_violence/videos/TR00629.mp4	train	fighting_or_violence	TR00629	1280	720	15.0	88	h264	5.866667	1264370	1724140	Lavf58.76.100	EV录屏3.9.5软件录制	本视频由湖南一唯信息科技开发的EV录屏软件录制，www.ieway.cn	
train/fighting_or_violence/videos/TR02757.mp4	train	fighting_or_violence	TR02757	320	240	30.0	1213	h264	40.448005	9649411	1908506	Lavf56.36.100			0
train/fighting_or_violence/videos/TR02767.mp4	train	fighting_or_violence	TR02767	320	240	30.0	2132	h264	71.089002	18447293	2075965	Lavf56.36.100			0
train/fighting_or_violence/videos/TR02777.mp4	train	fighting_or_violence	TR02777	320	240	30.0	5618	h264	187.361995	16324286	697015	Lavf56.36.100			0
train/fighting_or_violence/videos/TR02786.mp4	train	fighting_or_violence	TR02786	640	480	25.0	84	h264	3.360000	2585164	6155152				
train/fire/videos/TR00341.mp4	train	fire	TR00341	1280	720	15.0	88	h264	5.866667	752490	1026122	Lavf58.76.100	EV录屏3.9.5软件录制	本视频由湖南一唯信息科技开发的EV录屏软件录制，www.ieway.cn	
train/fire/videos/TR00342.mp4	train	fire	TR00342	1280	720	15.0	450	h264	30.000000	1529333	407822	Lavf58.76.100			0
train/fire/videos/TR00343.mp4	train	fire	TR00343	1280	720	15.0	87	h264	5.800000	945499	1304136	Lavf58.76.100	EV录屏3.9.5软件录制	本视频由湖南一唯信息科技开发的EV录屏软件录制，www.ieway.cn	
train/fire/videos/TR00344.mp4	train	fire	TR00344	1280	720	15.0	87	h264	5.800000	694573	958031	Lavf58.76.100	EV录屏3.9.5软件录制	本视频由湖南一唯信息科技开发的EV录屏软件录制，www.ieway.cn	
train/fire/videos/TR00345.mp4	train	fire	TR00345	1280	720	15.0	87	h264	5.800000	1769581	2440801	Lavf58.76.100	EV录屏3.9.5软件录制	本视频由湖南一唯信息科技开发的EV录屏软件录制，www.ieway.cn	
train/fire/videos/TR00346.mp4	train	fire	TR00346	1280	720	15.0	87	h264	5.800000	1531643	2112611	Lavf58.76.100	EV录屏3.9.5软件录制	本视频由湖南一唯信息科技开发的EV录屏软件录制，www.ieway.cn	
train/fire/videos/TR00347.mp4	train	fire	TR00347	1280	720	15.0	87	h264	5.800000	1971120	2718786	Lavf58.76.100	EV录屏3.9.5软件录制	本视频由湖南一唯信息科技开发的EV录屏软件录制，www.ieway.cn	
train/fire/videos/TR00348.mp4	train	fire	TR00348	1280	720	15.0	148	h264	9.866667	2151342	1744331	Lavf58.76.100			
train/fire/videos/TR00349.mp4	train	fire	TR00349	1280	720	15.0	87	h264	5.800000	1765766	2435539	Lavf58.76.100	EV录屏3.9.5软件录制	本视频由湖南一唯信息科技开发的EV录屏软件录制，www.ieway.cn	
train/fire/videos/TR00350.mp4	train	fire	TR00350	1280	720	15.0	226	h264	15.066667	3142526	1668597	Lavf58.76.100			
train/fire/videos/TR00351.mp4	train	fire	TR00351	1280	720	15.0	450	h264	30.000000	1577361	420629	Lavf58.76.100			0
train/fire/videos/TR00352.mp4	train	fire	TR00352	1280	720	15.0	87	h264	5.800000	391054	539384	Lavf58.76.100	EV录屏3.9.5软件录制	本视频由湖南一唯信息科技开发的EV录屏软件录制，www.ieway.cn	
train/fire/videos/TR00353.mp4	train	fire	TR00353	1280	720	15.0	88	h264	5.866667	893734	1218728	Lavf58.76.100	EV录屏3.9.5软件录制	本视频由湖南一唯信息科技开发的EV录屏软件录制，www.ieway.cn	
train/fire/videos/TR00354.mp4	train	fire	TR00354	1280	720	15.0	450	h264	30.000000	1559809	415949	Lavf58.76.100			0
train/fire/videos/TR00355.mp4	train	fire	TR00355	1280	720	15.0	87	h264	5.800000	1061319	1463888	Lavf58.76.100	EV录屏3.9.5软件录制	本视频由湖南一唯信息科技开发的EV录屏软件录制，www.ieway.cn	
train/fire/videos/TR00356.mp4	train	fire	TR00356	1280	720	15.0	450	h264	30.000000	1683157	448841	Lavf58.76.100			0
train/fire/videos/TR00357.mp4	train	fire	TR00357	1280	720	15.0	87	h264	5.800000	594775	820379	Lavf58.76.100	EV录屏3.9.5软件录制	本视频由湖南一唯信息科技开发的EV录屏软件录制，www.ieway.cn	
train/fire/videos/TR00358.mp4	train	fire	TR00358	1280	720	15.0	87	h264	5.800000	1222962	1686844	Lavf58.76.100	EV录屏3.9.5软件录制	本视频由湖南一唯信息科技开发的EV录屏软件录制，www.ieway.cn	
train/fire/videos/TR00359.mp4	train	fire	TR00359	1280	720	15.0	87	h264	5.800000	1330388	1835017	Lavf58.76.100	EV录屏3.9.5软件录制	本视频由湖南一唯信息科技开发的EV录屏软件录制，www.ieway.cn	
train/fire/videos/TR00360.mp4	train	fire	TR00360	1280	720	15.0	88	h264	5.866667	1117153	1523390	Lavf58.76.100	EV录屏3.9.5软件录制	本视频由湖南一唯信息科技开发的EV录屏软件录制，www.ieway.cn	
train/fire/videos/TR00361.mp4	train	fire	TR00361	1280	720	15.0	88	h264	5.866667	949654	1294982	Lavf58.76.100	EV录屏3.9.5软件录制	本视频由湖南一唯信息科技开发的EV录屏软件录制，www.ieway.cn	
train/fire/videos/TR00362.mp4	train	fire	TR00362	1280	720	15.0	450	h264	30.000000	1973262	526203	Lavf58.76.100			0
train/fire/videos/TR00363.mp4	train	fire	TR00363	1280	720	15.0	87	h264	5.800000	804674	1109895	Lavf58.76.100	EV录屏3.9.5软件录制	本视频由湖南一唯信息科技开发的EV录屏软件录制，www.ieway.cn	
train/fire/videos/TR00364.mp4	train	fire	TR00364	1280	720	15.0	450	h264	30.000000	478491	127597	Lavf58.76.100			0
train/fire/videos/TR00365.mp4	train	fire	TR00365	1280	720	15.0	87	h264	5.800000	1412914	1948846	Lavf58.76.100	EV录屏3.9.5软件录制	本视频由湖南一唯信息科技开发的EV录屏软件录制，www.ieway.cn	
train/fire/videos/TR00366.mp4	train	fire	TR00366	1280	720	15.0	88	h264	5.866667	1398509	1907057	Lavf58.76.100	EV录屏3.9.5软件录制	本视频由湖南一唯信息科技开发的EV录屏软件录制，www.ieway.cn	
train/fire/videos/TR00367.mp4	train	fire	TR00367	1280	720	15.0	87	h264	5.800000	765642	1056057	Lavf58.76.100	EV录屏3.9.5软件录制	本视频由湖南一唯信息科技开发的EV录屏软件录制，www.ieway.cn	
train/fire/videos/TR00368.mp4	train	fire	TR00368	1280	720	15.0	87	h264	5.800000	1786573	2464238	Lavf58.76.100	EV录屏3.9.5软件录制	本视频由湖南一唯信息科技开发的EV录屏软件录制，www.ieway.cn	
train/fire/videos/TR00369.mp4	train	fire	TR00369	1280	720	15.0	226	h264	15.066667	1164448	618290	Lavf58.76.100			
train/fire/videos/TR00370.mp4	train	fire	TR00370	1280	720	15.0	126	h264	8.400000	1218990	1160942	Lavf58.76.100			0
train/fire/videos/TR00371.mp4	train	fire	TR00371	1280	720	15.0	87	h264	5.800000	1424184	1964391	Lavf58.76.100	EV录屏3.9.5软件录制	本视频由湖南一唯信息科技开发的EV录屏软件录制，www.ieway.cn	
train/fire/videos/TR00372.mp4	train	fire	TR00372	1280	720	15.0	450	h264	30.000000	2027062	540549	Lavf58.76.100			0
train/fire/videos/TR00373.mp4	train	fire	TR00373	1280	720	15.0	87	h264	5.800000	307356	423939	Lavf58.76.100	EV录屏3.9.5软件录制	本视频由湖南一唯信息科技开发的EV录屏软件录制，www.ieway.cn	
train/fire/videos/TR00374.mp4	train	fire	TR00374	1280	720	15.0	87	h264	5.800000	1101861	1519808	Lavf58.76.100	EV录屏3.9.5软件录制	本视频由湖南一唯信息科技开发的EV录屏软件录制，www.ieway.cn	
train/fire/videos/TR00375.mp4	train	fire	TR00375	1280	720	15.0	87	h264	5.800000	1239072	1709064	Lavf58.76.100	EV录屏3.9.5软件录制	本视频由湖南一唯信息科技开发的EV录屏软件录制，www.ieway.cn	
train/fire/videos/TR00376.mp4	train	fire	TR00376	1280	720	15.0	87	h264	5.800000	1013263	1397604	Lavf58.76.100	EV录屏3.9.5软件录制	本视频由湖南一唯信息科技开发的EV录屏软件录制，www.ieway.cn	
train/fire/videos/TR00377.mp4	train	fire	TR00377	1280	720	15.0	87	h264	5.800000	1544509	2130357	Lavf58.76.100	EV录屏3.9.5软件录制	本视频由湖南一唯信息科技开发的EV录屏软件录制，www.ieway.cn	
train/fire/videos/TR00378.mp4	train	fire	TR00378	1280	720	15.0	88	h264	5.866667	911314	1242700	Lavf58.76.100	EV录屏3.9.5软件录制	本视频由湖南一唯信息科技开发的EV录屏软件录制，www.ieway.cn	
train/fire/videos/TR00379.mp4	train	fire	TR00379	1280	720	15.0	447	h264	29.800000	1805516	484702	Lavf58.76.100			0
train/fire/videos/TR00380.mp4	train	fire	TR00380	1280	720	15.0	88	h264	5.866667	1288324	1756805	Lavf58.76.100	EV录屏3.9.5软件录制	本视频由湖南一唯信息科技开发的EV录屏软件录制，www.ieway.cn	
train/fire/videos/TR00381.mp4	train	fire	TR00381	1280	720	15.0	226	h264	15.066667	2328774	1236517	Lavf58.76.100			
train/fire/videos/TR00382.mp4	train	fire	TR00382	1280	720	15.0	87	h264	5.800000	799709	1103046	Lavf58.76.100	EV录屏3.9.5软件录制	本视频由湖南一唯信息科技开发的EV录屏软件录制，www.ieway.cn	
train/fire/videos/TR00383.mp4	train	fire	TR00383	1280	720	15.0	120	h264	8.000000	2766921	2766921	Lavf58.76.100			
train/fire/videos/TR00384.mp4	train	fire	TR00384	1280	720	15.0	87	h264	5.800000	670508	924838	Lavf58.76.100	EV录屏3.9.5软件录制	本视频由湖南一唯信息科技开发的EV录屏软件录制，www.ieway.cn	
train/fire/videos/TR00385.mp4	train	fire	TR00385	1280	720	15.0	87	h264	5.800000	735693	1014748	Lavf58.76.100	EV录屏3.9.5软件录制	本视频由湖南一唯信息科技开发的EV录屏软件录制，www.ieway.cn	
train/fire/videos/TR00386.mp4	train	fire	TR00386	1280	720	15.0	87	h264	5.800000	793669	1094715	Lavf58.76.100	EV录屏3.9.5软件录制	本视频由湖南一唯信息科技开发的EV录屏软件录制，www.ieway.cn	
train/fire/videos/TR00387.mp4	train	fire	TR00387	1280	720	15.0	87	h264	5.800000	701718	967886	Lavf58.76.100	EV录屏3.9.5软件录制	本视频由湖南一唯信息科技开发的EV录屏软件录制，www.ieway.cn	
train/fire/videos/TR00388.mp4	train	fire	TR00388	1280	720	15.0	450	h264	30.000000	2620668	698844	Lavf58.76.100			0
train/fire/videos/TR00389.mp4	train	fire	TR00389	1280	720	15.0	450	h264	30.000000	477092	127224	Lavf58.76.100			0
train/fire/videos/TR00390.mp4	train	fire	TR00390	1280	720	15.0	87	h264	5.800000	776864	1071536	Lavf58.76.100	EV录屏3.9.5软件录制	本视频由湖南一唯信息科技开发的EV录屏软件录制，www.ieway.cn	
train/fire/videos/TR00391.mp4	train	fire	TR00391	1280	720	15.0	87	h264	5.800000	917116	1264987	Lavf58.76.100	EV录屏3.9.5软件录制	本视频由湖南一唯信息科技开发的EV录屏软件录制，www.ieway.cn	
train/fire/videos/TR00392.mp4	train	fire	TR00392	1280	720	15.0	87	h264	5.800000	1243043	1714542	Lavf58.76.100	EV录屏3.9.5软件录制	本视频由湖南一唯信息科技开发的EV录屏软件录制，www.ieway.cn	
train/fire/videos/TR00393.mp4	train	fire	TR00393	1280	720	15.0	87	h264	5.800000	732662	1010568	Lavf58.76.100	EV录屏3.9.5软件录制	本视频由湖南一唯信息科技开发的EV录屏软件录制，www.ieway.cn	
train/fire/videos/TR00394.mp4	train	fire	TR00394	1280	720	15.0	450	h264	30.000000	1016473	271059	Lavf58.76.100			0
train/fire/videos/TR00395.mp4	train	fire	TR00395	1280	720	15.0	226	h264	15.066667	1138293	604403	Lavf58.76.100			
train/fire/videos/TR00396.mp4	train	fire	TR00396	1280	720	15.0	87	h264	5.800000	983050	1355931	Lavf58.76.100	EV录屏3.9.5软件录制	本视频由湖南一唯信息科技开发的EV录屏软件录制，www.ieway.cn	
train/fire/videos/TR00397.mp4	train	fire	TR00397	1280	720	15.0	88	h264	5.866667	2251562	3070311	Lavf58.76.100	EV录屏3.9.5软件录制	本视频由湖南一唯信息科技开发的EV录屏软件录制，www.ieway.cn	
train/fire/videos/TR00398.mp4	train	fire	TR00398	1280	720	15.0	88	h264	5.866667	2583833	3523408	Lavf58.76.100	EV录屏3.9.5软件录制	本视频由湖南一唯信息科技开发的EV录屏软件录制，www.ieway.cn	
train/fire/videos/TR00399.mp4	train	fire	TR00399	1280	720	15.0	87	h264	5.800000	1007979	1390315	Lavf58.76.100	EV录屏3.9.5软件录制	本视频由湖南一唯信息科技开发的EV录屏软件录制，www.ieway.cn	
train/fire/videos/TR00400.mp4	train	fire	TR00400	1280	720	15.0	88	h264	5.866667	1359828	1854310	Lavf58.76.100	EV录屏3.9.5软件录制	本视频由湖南一唯信息科技开发的EV录屏软件录制，www.ieway.cn	
train/fire/videos/TR00401.mp4	train	fire	TR00401	1280	720	15.0	87	h264	5.800000	556731	767904	Lavf58.76.100	EV录屏3.9.5软件录制	本视频由湖南一唯信息科技开发的EV录屏软件录制，www.ieway.cn	
train/fire/videos/TR00402.mp4	train	fire	TR00402	1280	720	15.0	87	h264	5.800000	803534	1108322	Lavf58.76.100	EV录屏3.9.5软件录制	本视频由湖南一唯信息科技开发的EV录屏软件录制，www.ieway.cn	
train/fire/videos/TR00403.mp4	train	fire	TR00403	1280	720	15.0	226	h264	15.066667	676805	359365	Lavf58.76.100			
train/fire/videos/TR00404.mp4	train	fire	TR00404	1280	720	15.0	87	h264	5.800000	2000497	2759306	Lavf58.76.100	EV录屏3.9.5软件录制	本视频由湖南一唯信息科技开发的EV录屏软件录制，www.ieway.cn	
train/fire/videos/TR00405.mp4	train	fire	TR00405	1280	720	15.0	87	h264	5.800000	1079420	1488855	Lavf58.76.100	EV录屏3.9.5软件录制	本视频由湖南一唯信息科技开发的EV录屏软件录制，www.ieway.cn	
train/fire/videos/TR00406.mp4	train	fire	TR00406	1280	720	15.0	369	h264	24.600000	2291516	745208	Lavf58.76.100			0
train/fire/videos/TR00407.mp4	train	fire	TR00407	1280	720	15.0	87	h264	5.800000	801951	1106139	Lavf58.76.100	EV录屏3.9.5软件录制	本视频由湖南一唯信息科技开发的EV录屏软件录制，www.ieway.cn	
train/fire/videos/TR00408.mp4	train	fire	TR00408	1280	720	15.0	450	h264	30.000000	2590131	690701	Lavf58.76.100			0
train/fire/videos/TR00409.mp4	train	fire	TR00409	1280	720	15.0	150	h264	10.000000	467676	374140	Lavf58.76.100			
train/fire/videos/TR00410.mp4	train	fire	TR00410	1280	720	15.0	87	h264	5.800000	1243869	1715681	Lavf58.76.100	EV录屏3.9.5软件录制	本视频由湖南一唯信息科技开发的EV录屏软件录制，www.ieway.cn	
train/fire/videos/TR00411.mp4	train	fire	TR00411	1280	720	15.0	87	h264	5.800000	969793	1337645	Lavf58.76.100	EV录屏3.9.5软件录制	本视频由湖南一唯信息科技开发的EV录屏软件录制，www.ieway.cn	
train/fire/videos/TR00412.mp4	train	fire	TR00412	1280	720	15.0	88	h264	5.866667	2073541	2827555	Lavf58.76.100	EV录屏3.9.5软件录制	本视频由湖南一唯信息科技开发的EV录屏软件录制，www.ieway.cn	
train/fire/videos/TR00413.mp4	train	fire	TR00413	1280	720	15.0	87	h264	5.800000	921582	1271147	Lavf58.76.100	EV录屏3.9.5软件录制	本视频由湖南一唯信息科技开发的EV录屏软件录制，www.ieway.cn	
train/fire/videos/TR00414.mp4	train	fire	TR00414	1280	720	15.0	450	h264	30.000000	2383184	635515	Lavf58.76.100			0
train/fire/videos/TR02753.mp4	train	fire	TR02753	256	192	30.0	240	mpeg4	8.000000	1439596	1439596	Lavf59.27.100			
train/fire/videos/TR02763.mp4	train	fire	TR02763	640	480	25.0	501	h264	20.040000	8005382	3195761	Lavf60.3.100			
train/fire/videos/TR02773.mp4	train	fire	TR02773	320	240	30.0	1729	h264	57.633333	14490312	2011379	Lavf56.36.100			0
train/loitering_or_suspicious_presence/videos/TR01050.mp4	train	loitering_or_suspicious_presence	TR01050	1280	720	1.875	56	h264	29.866667	13515552	3620237	Lavf58.76.100			
train/loitering_or_suspicious_presence/videos/TR01051.mp4	train	loitering_or_suspicious_presence	TR01051	1280	720	1.875	56	h264	29.866667	6374066	1707339	Lavf58.76.100			
train/loitering_or_suspicious_presence/videos/TR01052.mp4	train	loitering_or_suspicious_presence	TR01052	1280	720	1.875	56	h264	29.866667	10395434	2784491	Lavf58.76.100			
train/loitering_or_suspicious_presence/videos/TR01053.mp4	train	loitering_or_suspicious_presence	TR01053	1280	720	1.875	56	h264	29.866667	10706058	2867694	Lavf58.76.100			
train/loitering_or_suspicious_presence/videos/TR01054.mp4	train	loitering_or_suspicious_presence	TR01054	1280	720	1.875	56	h264	29.866667	7510455	2011728	Lavf58.76.100			
train/loitering_or_suspicious_presence/videos/TR01055.mp4	train	loitering_or_suspicious_presence	TR01055	1280	720	1.875	56	h264	29.866667	8075240	2163010	Lavf58.76.100			
train/loitering_or_suspicious_presence/videos/TR01056.mp4	train	loitering_or_suspicious_presence	TR01056	1280	720	1.875	56	h264	29.866667	8624428	2310114	Lavf58.76.100			
train/loitering_or_suspicious_presence/videos/TR01057.mp4	train	loitering_or_suspicious_presence	TR01057	1280	720	1.875	56	h264	29.866667	8158305	2185260	Lavf58.76.100			
train/loitering_or_suspicious_presence/videos/TR01058.mp4	train	loitering_or_suspicious_presence	TR01058	1280	720	1.875	56	h264	29.866667	6511366	1744115	Lavf58.76.100			
train/loitering_or_suspicious_presence/videos/TR01059.mp4	train	loitering_or_suspicious_presence	TR01059	1280	720	1.875	56	h264	29.866667	10946006	2931965	Lavf58.76.100			
train/loitering_or_suspicious_presence/videos/TR01060.mp4	train	loitering_or_suspicious_presence	TR01060	1280	720	1.875	56	h264	29.866667	5620534	1505500	Lavf58.76.100			
train/loitering_or_suspicious_presence/videos/TR01061.mp4	train	loitering_or_suspicious_presence	TR01061	1280	720	1.875	56	h264	29.866667	11440690	3064470	Lavf58.76.100			
train/loitering_or_suspicious_presence/videos/TR01062.mp4	train	loitering_or_suspicious_presence	TR01062	1280	720	1.875	56	h264	29.866667	10644391	2851176	Lavf58.76.100			
train/loitering_or_suspicious_presence/videos/TR01063.mp4	train	loitering_or_suspicious_presence	TR01063	1280	720	1.875	56	h264	29.866667	9389906	2515153	Lavf58.76.100			
train/loitering_or_suspicious_presence/videos/TR01064.mp4	train	loitering_or_suspicious_presence	TR01064	1280	720	1.875	56	h264	29.866667	11357656	3042229	Lavf58.76.100			
train/loitering_or_suspicious_presence/videos/TR01065.mp4	train	loitering_or_suspicious_presence	TR01065	1280	720	1.875	56	h264	29.866667	9627238	2578724	Lavf58.76.100			
train/loitering_or_suspicious_presence/videos/TR01066.mp4	train	loitering_or_suspicious_presence	TR01066	1280	720	1.875	56	h264	29.866667	10762974	2882939	Lavf58.76.100			
train/loitering_or_suspicious_presence/videos/TR01067.mp4	train	loitering_or_suspicious_presence	TR01067	1280	720	1.875	56	h264	29.866667	10831654	2901335	Lavf58.76.100			
train/loitering_or_suspicious_presence/videos/TR01068.mp4	train	loitering_or_suspicious_presence	TR01068	1280	720	1.875	56	h264	29.866667	14159411	3792699	Lavf58.76.100			
train/loitering_or_suspicious_presence/videos/TR01069.mp4	train	loitering_or_suspicious_presence	TR01069	1280	720	1.875	56	h264	29.866667	9022707	2416796	Lavf58.76.100			
train/loitering_or_suspicious_presence/videos/TR01070.mp4	train	loitering_or_suspicious_presence	TR01070	1280	720	1.875	56	h264	29.866667	8524350	2283308	Lavf58.76.100			
train/loitering_or_suspicious_presence/videos/TR01071.mp4	train	loitering_or_suspicious_presence	TR01071	1280	720	1.875	56	h264	29.866667	5858404	1569215	Lavf58.76.100			
train/loitering_or_suspicious_presence/videos/TR01072.mp4	train	loitering_or_suspicious_presence	TR01072	1280	720	1.875	56	h264	29.866667	11429300	3061419	Lavf58.76.100			
train/loitering_or_suspicious_presence/videos/TR01073.mp4	train	loitering_or_suspicious_presence	TR01073	1280	720	1.875	56	h264	29.866667	11074447	2966369	Lavf58.76.100			
train/loitering_or_suspicious_presence/videos/TR01074.mp4	train	loitering_or_suspicious_presence	TR01074	1280	720	1.875	56	h264	29.866667	7215799	1932803	Lavf58.76.100			
train/loitering_or_suspicious_presence/videos/TR01075.mp4	train	loitering_or_suspicious_presence	TR01075	1280	720	1.875	56	h264	29.866667	11145265	2985338	Lavf58.76.100			
train/loitering_or_suspicious_presence/videos/TR01076.mp4	train	loitering_or_suspicious_presence	TR01076	1280	720	1.875	56	h264	29.866667	6584980	1763833	Lavf58.76.100			
train/loitering_or_suspicious_presence/videos/TR01077.mp4	train	loitering_or_suspicious_presence	TR01077	1280	720	1.875	56	h264	29.866667	10937607	2929716	Lavf58.76.100			
train/loitering_or_suspicious_presence/videos/TR01078.mp4	train	loitering_or_suspicious_presence	TR01078	1280	720	1.875	56	h264	29.866667	7225653	1935442	Lavf58.76.100			
train/loitering_or_suspicious_presence/videos/TR01079.mp4	train	loitering_or_suspicious_presence	TR01079	1280	720	1.875	56	h264	29.866667	9631907	2579975	Lavf58.76.100			
train/loitering_or_suspicious_presence/videos/TR01080.mp4	train	loitering_or_suspicious_presence	TR01080	1280	720	1.875	56	h264	29.866667	10112302	2708652	Lavf58.76.100			
train/loitering_or_suspicious_presence/videos/TR01081.mp4	train	loitering_or_suspicious_presence	TR01081	1280	720	1.875	56	h264	29.866667	15238441	4081725	Lavf58.76.100			
train/loitering_or_suspicious_presence/videos/TR01082.mp4	train	loitering_or_suspicious_presence	TR01082	1280	720	1.875	56	h264	29.866667	10367741	2777073	Lavf58.76.100			
train/loitering_or_suspicious_presence/videos/TR01083.mp4	train	loitering_or_suspicious_presence	TR01083	1280	720	1.875	56	h264	29.866667	9084862	2433445	Lavf58.76.100			
train/loitering_or_suspicious_presence/videos/TR01084.mp4	train	loitering_or_suspicious_presence	TR01084	1280	720	1.875	56	h264	29.866667	6774958	1814720	Lavf58.76.100			
train/loitering_or_suspicious_presence/videos/TR01085.mp4	train	loitering_or_suspicious_presence	TR01085	1280	720	1.875	56	h264	29.866667	9744632	2610169	Lavf58.76.100			
train/loitering_or_suspicious_presence/videos/TR01086.mp4	train	loitering_or_suspicious_presence	TR01086	1280	720	1.875	56	h264	29.866667	6782804	1816822	Lavf58.76.100			
train/loitering_or_suspicious_presence/videos/TR01087.mp4	train	loitering_or_suspicious_presence	TR01087	1280	720	1.875	56	h264	29.866667	11437089	3063505	Lavf58.76.100			
train/loitering_or_suspicious_presence/videos/TR01088.mp4	train	loitering_or_suspicious_presence	TR01088	1280	720	1.875	56	h264	29.866667	9444521	2529782	Lavf58.76.100			
train/loitering_or_suspicious_presence/videos/TR01089.mp4	train	loitering_or_suspicious_presence	TR01089	1280	720	1.875	56	h264	29.866667	9371850	2510316	Lavf58.76.100			
train/loitering_or_suspicious_presence/videos/TR01090.mp4	train	loitering_or_suspicious_presence	TR01090	1280	720	1.875	56	h264	29.866667	10130360	2713489	Lavf58.76.100			
train/loitering_or_suspicious_presence/videos/TR01091.mp4	train	loitering_or_suspicious_presence	TR01091	1280	720	1.875	56	h264	29.866667	7165135	1919232	Lavf58.76.100			
train/loitering_or_suspicious_presence/videos/TR01092.mp4	train	loitering_or_suspicious_presence	TR01092	1280	720	1.875	56	h264	29.866667	9462294	2534543	Lavf58.76.100			
train/loitering_or_suspicious_presence/videos/TR01093.mp4	train	loitering_or_suspicious_presence	TR01093	1280	720	1.875	56	h264	29.866667	10596205	2838269	Lavf58.76.100			
train/loitering_or_suspicious_presence/videos/TR01094.mp4	train	loitering_or_suspicious_presence	TR01094	1280	720	1.875	56	h264	29.866667	13946103	3735563	Lavf58.76.100			
train/loitering_or_suspicious_presence/videos/TR01095.mp4	train	loitering_or_suspicious_presence	TR01095	1280	720	1.875	56	h264	29.866667	10760642	2882314	Lavf58.76.100			
train/loitering_or_suspicious_presence/videos/TR01096.mp4	train	loitering_or_suspicious_presence	TR01096	1280	720	1.875	56	h264	29.866667	8656250	2318638	Lavf58.76.100			
train/loitering_or_suspicious_presence/videos/TR01097.mp4	train	loitering_or_suspicious_presence	TR01097	1280	720	1.875	56	h264	29.866667	7097176	1901029	Lavf58.76.100			
train/loitering_or_suspicious_presence/videos/TR01098.mp4	train	loitering_or_suspicious_presence	TR01098	1280	720	1.875	56	h264	29.866667	10226243	2739172	Lavf58.76.100			
train/loitering_or_suspicious_presence/videos/TR01099.mp4	train	loitering_or_suspicious_presence	TR01099	1280	720	1.875	56	h264	29.866667	8459312	2265887	Lavf58.76.100			
train/loitering_or_suspicious_presence/videos/TR01100.mp4	train	loitering_or_suspicious_presence	TR01100	1280	720	1.875	56	h264	29.866667	3753907	1005510	Lavf58.76.100			
train/loitering_or_suspicious_presence/videos/TR01101.mp4	train	loitering_or_suspicious_presence	TR01101	1280	720	1.875	56	h264	29.866667	8039110	2153333	Lavf58.76.100			
train/loitering_or_suspicious_presence/videos/TR01102.mp4	train	loitering_or_suspicious_presence	TR01102	1280	720	1.875	56	h264	29.866667	7398908	1981850	Lavf58.76.100			
train/loitering_or_suspicious_presence/videos/TR01103.mp4	train	loitering_or_suspicious_presence	TR01103	1280	720	1.875	56	h264	29.866667	11248840	3013082	Lavf58.76.100			
train/loitering_or_suspicious_presence/videos/TR01104.mp4	train	loitering_or_suspicious_presence	TR01104	1280	720	1.875	56	h264	29.866667	8291898	2221044	Lavf58.76.100			
train/loitering_or_suspicious_presence/videos/TR01105.mp4	train	loitering_or_suspicious_presence	TR01105	1280	720	1.875	56	h264	29.866667	5898377	1579922	Lavf58.76.100			
train/loitering_or_suspicious_presence/videos/TR01106.mp4	train	loitering_or_suspicious_presence	TR01106	1280	720	1.875	56	h264	29.866667	11787787	3157442	Lavf58.76.100			
train/loitering_or_suspicious_presence/videos/TR01107.mp4	train	loitering_or_suspicious_presence	TR01107	1280	720	1.875	56	h264	29.866667	10660628	2855525	Lavf58.76.100			
train/loitering_or_suspicious_presence/videos/TR01108.mp4	train	loitering_or_suspicious_presence	TR01108	1280	720	1.875	56	h264	29.866667	11010323	2949193	Lavf58.76.100			
train/loitering_or_suspicious_presence/videos/TR01109.mp4	train	loitering_or_suspicious_presence	TR01109	1280	720	1.875	56	h264	29.866667	10825513	2899690	Lavf58.76.100			
train/loitering_or_suspicious_presence/videos/TR01110.mp4	train	loitering_or_suspicious_presence	TR01110	1280	720	1.875	56	h264	29.866667	10789004	2889911	Lavf58.76.100			
train/loitering_or_suspicious_presence/videos/TR01111.mp4	train	loitering_or_suspicious_presence	TR01111	1280	720	1.875	56	h264	29.866667	11558122	3095925	Lavf58.76.100			
train/loitering_or_suspicious_presence/videos/TR01112.mp4	train	loitering_or_suspicious_presence	TR01112	1280	720	1.875	56	h264	29.866667	10610007	2841966	Lavf58.76.100			
train/loitering_or_suspicious_presence/videos/TR01113.mp4	train	loitering_or_suspicious_presence	TR01113	1280	720	1.875	56	h264	29.866667	8673978	2323386	Lavf58.76.100			
train/loitering_or_suspicious_presence/videos/TR01114.mp4	train	loitering_or_suspicious_presence	TR01114	1280	720	1.875	56	h264	29.866667	10381534	2780768	Lavf58.76.100			
train/loitering_or_suspicious_presence/videos/TR01115.mp4	train	loitering_or_suspicious_presence	TR01115	1280	720	1.875	56	h264	29.866667	9137435	2447527	Lavf58.76.100			
train/loitering_or_suspicious_presence/videos/TR01116.mp4	train	loitering_or_suspicious_presence	TR01116	1280	720	1.875	56	h264	29.866667	10527930	2819981	Lavf58.76.100			
train/loitering_or_suspicious_presence/videos/TR01117.mp4	train	loitering_or_suspicious_presence	TR01117	1280	720	1.875	56	h264	29.866667	10228060	2739658	Lavf58.76.100			
train/loitering_or_suspicious_presence/videos/TR01118.mp4	train	loitering_or_suspicious_presence	TR01118	1280	720	1.875	56	h264	29.866667	10870978	2911869	Lavf58.76.100			
train/loitering_or_suspicious_presence/videos/TR01119.mp4	train	loitering_or_suspicious_presence	TR01119	1280	720	1.875	56	h264	29.866667	14883862	3986748	Lavf58.76.100			
train/loitering_or_suspicious_presence/videos/TR01120.mp4	train	loitering_or_suspicious_presence	TR01120	1280	720	1.875	56	h264	29.866667	13512084	3619308	Lavf58.76.100			
train/loitering_or_suspicious_presence/videos/TR01121.mp4	train	loitering_or_suspicious_presence	TR01121	1280	720	1.875	56	h264	29.866667	12008985	3216692	Lavf58.76.100			
train/loitering_or_suspicious_presence/videos/TR01122.mp4	train	loitering_or_suspicious_presence	TR01122	1280	720	1.875	56	h264	29.866667	11600400	3107249	Lavf58.76.100			
train/loitering_or_suspicious_presence/videos/TR01123.mp4	train	loitering_or_suspicious_presence	TR01123	1280	720	1.875	56	h264	29.866667	7691912	2060333	Lavf58.76.100			
train/loitering_or_suspicious_presence/videos/TR01124.mp4	train	loitering_or_suspicious_presence	TR01124	1280	720	1.875	56	h264	29.866667	8986060	2406980	Lavf58.76.100			
train/loitering_or_suspicious_presence/videos/TR01125.mp4	train	loitering_or_suspicious_presence	TR01125	1280	720	1.875	56	h264	29.866667	8527610	2284181	Lavf58.76.100			
train/loitering_or_suspicious_presence/videos/TR01126.mp4	train	loitering_or_suspicious_presence	TR01126	1280	720	1.875	56	h264	29.866667	8709577	2332922	Lavf58.76.100			
train/loitering_or_suspicious_presence/videos/TR01127.mp4	train	loitering_or_suspicious_presence	TR01127	1280	720	1.875	56	h264	29.866667	8992548	2408718	Lavf58.76.100			
train/loitering_or_suspicious_presence/videos/TR01128.mp4	train	loitering_or_suspicious_presence	TR01128	1280	720	1.875	56	h264	29.866667	11699375	3133761	Lavf58.76.100			
train/loitering_or_suspicious_presence/videos/TR01129.mp4	train	loitering_or_suspicious_presence	TR01129	1280	720	1.875	56	h264	29.866667	8736615	2340164	Lavf58.76.100			
train/loitering_or_suspicious_presence/videos/TR01130.mp4	train	loitering_or_suspicious_presence	TR01130	1280	720	1.875	55	h264	29.333333	9704244	2646612	Lavf58.76.100			
train/loitering_or_suspicious_presence/videos/TR01131.mp4	train	loitering_or_suspicious_presence	TR01131	1280	720	1.875	56	h264	29.866667	10817411	2897520	Lavf58.76.100			
train/loitering_or_suspicious_presence/videos/TR01132.mp4	train	loitering_or_suspicious_presence	TR01132	1280	720	1.875	56	h264	29.866667	8869342	2375716	Lavf58.76.100			
train/loitering_or_suspicious_presence/videos/TR01133.mp4	train	loitering_or_suspicious_presence	TR01133	1280	720	1.875	56	h264	29.866667	7099481	1901646	Lavf58.76.100			
train/loitering_or_suspicious_presence/videos/TR01134.mp4	train	loitering_or_suspicious_presence	TR01134	1280	720	1.875	56	h264	29.866667	8265975	2214100	Lavf58.76.100			
train/loitering_or_suspicious_presence/videos/TR01135.mp4	train	loitering_or_suspicious_presence	TR01135	1280	720	1.875	56	h264	29.866667	10819747	2898146	Lavf58.76.100			
train/loitering_or_suspicious_presence/videos/TR01136.mp4	train	loitering_or_suspicious_presence	TR01136	1280	720	1.875	56	h264	29.866667	11083872	2968894	Lavf58.76.100			
train/loitering_or_suspicious_presence/videos/TR01137.mp4	train	loitering_or_suspicious_presence	TR01137	1280	720	1.875	56	h264	29.866667	6657090	1783149	Lavf58.76.100			
train/loitering_or_suspicious_presence/videos/TR01138.mp4	train	loitering_or_suspicious_presence	TR01138	1280	720	1.875	56	h264	29.866667	8635780	2313155	Lavf58.76.100			
train/loitering_or_suspicious_presence/videos/TR01139.mp4	train	loitering_or_suspicious_presence	TR01139	1280	720	1.875	56	h264	29.866667	7877030	2109918	Lavf58.76.100			
train/loitering_or_suspicious_presence/videos/TR01140.mp4	train	loitering_or_suspicious_presence	TR01140	1280	720	1.875	56	h264	29.866667	6512217	1744343	Lavf58.76.100			
train/loitering_or_suspicious_presence/videos/TR01141.mp4	train	loitering_or_suspicious_presence	TR01141	1280	720	1.875	56	h264	29.866667	15045045	4029922	Lavf58.76.100			
train/loitering_or_suspicious_presence/videos/TR01142.mp4	train	loitering_or_suspicious_presence	TR01142	1280	720	1.875	56	h264	29.866667	11625712	3114029	Lavf58.76.100			
train/loitering_or_suspicious_presence/videos/TR01143.mp4	train	loitering_or_suspicious_presence	TR01143	1280	720	1.875	56	h264	29.866667	13562814	3632896	Lavf58.76.100			
train/loitering_or_suspicious_presence/videos/TR01144.mp4	train	loitering_or_suspicious_presence	TR01144	1280	720	1.875	56	h264	29.866667	7343300	1966955	Lavf58.76.100			
train/loitering_or_suspicious_presence/videos/TR01145.mp4	train	loitering_or_suspicious_presence	TR01145	1280	720	1.875	56	h264	29.866667	7158729	1917516	Lavf58.76.100			
train/loitering_or_suspicious_presence/videos/TR01146.mp4	train	loitering_or_suspicious_presence	TR01146	1280	720	1.875	56	h264	29.866667	14072328	3769373	Lavf58.76.100			
train/loitering_or_suspicious_presence/videos/TR01147.mp4	train	loitering_or_suspicious_presence	TR01147	1280	720	1.875	56	h264	29.866667	9734091	2607345	Lavf58.76.100			
train/loitering_or_suspicious_presence/videos/TR01148.mp4	train	loitering_or_suspicious_presence	TR01148	1280	720	1.875	56	h264	29.866667	10968788	2938068	Lavf58.76.100			
train/loitering_or_suspicious_presence/videos/TR01149.mp4	train	loitering_or_suspicious_presence	TR01149	1280	720	1.875	56	h264	29.866667	9021522	2416479	Lavf58.76.100			
train/loitering_or_suspicious_presence/videos/TR01150.mp4	train	loitering_or_suspicious_presence	TR01150	1280	720	1.875	56	h264	29.866667	8381320	2244996	Lavf58.76.100			
train/loitering_or_suspicious_presence/videos/TR01151.mp4	train	loitering_or_suspicious_presence	TR01151	1280	720	1.875	56	h264	29.866667	6647431	1780561	Lavf58.76.100			
train/loitering_or_suspicious_presence/videos/TR01152.mp4	train	loitering_or_suspicious_presence	TR01152	1280	720	1.875	56	h264	29.866667	10753927	2880516	Lavf58.76.100			
train/loitering_or_suspicious_presence/videos/TR01153.mp4	train	loitering_or_suspicious_presence	TR01153	1280	720	1.875	56	h264	29.866667	8648555	2316577	Lavf58.76.100			
train/loitering_or_suspicious_presence/videos/TR01154.mp4	train	loitering_or_suspicious_presence	TR01154	1280	720	1.875	56	h264	29.866667	8555737	2291715	Lavf58.76.100			
train/loitering_or_suspicious_presence/videos/TR01155.mp4	train	loitering_or_suspicious_presence	TR01155	1280	720	1.875	56	h264	29.866667	7143730	1913499	Lavf58.76.100			
train/loitering_or_suspicious_presence/videos/TR01156.mp4	train	loitering_or_suspicious_presence	TR01156	1280	720	1.875	56	h264	29.866667	9992333	2676517	Lavf58.76.100			
train/loitering_or_suspicious_presence/videos/TR01157.mp4	train	loitering_or_suspicious_presence	TR01157	1280	720	1.875	56	h264	29.866667	13358187	3578085	Lavf58.76.100			
train/loitering_or_suspicious_presence/videos/TR01158.mp4	train	loitering_or_suspicious_presence	TR01158	1280	720	1.875	56	h264	29.866667	9590457	2568872	Lavf58.76.100			
train/loitering_or_suspicious_presence/videos/TR01159.mp4	train	loitering_or_suspicious_presence	TR01159	1280	720	1.875	56	h264	29.866667	10295648	2757762	Lavf58.76.100			
train/loitering_or_suspicious_presence/videos/TR01160.mp4	train	loitering_or_suspicious_presence	TR01160	1280	720	1.875	56	h264	29.866667	6113634	1637580	Lavf58.76.100			
train/loitering_or_suspicious_presence/videos/TR01161.mp4	train	loitering_or_suspicious_presence	TR01161	1280	720	1.875	56	h264	29.866667	10678679	2860360	Lavf58.76.100			
train/loitering_or_suspicious_presence/videos/TR01162.mp4	train	loitering_or_suspicious_presence	TR01162	1280	720	1.875	56	h264	29.866667	4537757	1215470	Lavf58.76.100			
train/loitering_or_suspicious_presence/videos/TR01163.mp4	train	loitering_or_suspicious_presence	TR01163	1280	720	1.875	56	h264	29.866667	10569472	2831108	Lavf58.76.100			
train/loitering_or_suspicious_presence/videos/TR01164.mp4	train	loitering_or_suspicious_presence	TR01164	1280	720	1.875	56	h264	29.866667	9582253	2566674	Lavf58.76.100			
train/loitering_or_suspicious_presence/videos/TR01165.mp4	train	loitering_or_suspicious_presence	TR01165	1280	720	1.875	56	h264	29.866667	11481752	3075469	Lavf58.76.100			
train/loitering_or_suspicious_presence/videos/TR01166.mp4	train	loitering_or_suspicious_presence	TR01166	1280	720	1.875	56	h264	29.866667	7368028	1973578	Lavf58.76.100			
train/loitering_or_suspicious_presence/videos/TR01167.mp4	train	loitering_or_suspicious_presence	TR01167	1280	720	1.875	56	h264	29.866667	6318822	1692541	Lavf58.76.100			
train/loitering_or_suspicious_presence/videos/TR01168.mp4	train	loitering_or_suspicious_presence	TR01168	1280	720	1.875	56	h264	29.866667	6979307	1869457	Lavf58.76.100			
train/loitering_or_suspicious_presence/videos/TR01169.mp4	train	loitering_or_suspicious_presence	TR01169	1280	720	1.875	56	h264	29.866667	8866350	2374915	Lavf58.76.100			
train/loitering_or_suspicious_presence/videos/TR01170.mp4	train	loitering_or_suspicious_presence	TR01170	1280	720	1.875	56	h264	29.866667	10613001	2842768	Lavf58.76.100			
train/loitering_or_suspicious_presence/videos/TR01171.mp4	train	loitering_or_suspicious_presence	TR01171	1280	720	1.875	56	h264	29.866667	10907413	2921628	Lavf58.76.100			
train/loitering_or_suspicious_presence/videos/TR01172.mp4	train	loitering_or_suspicious_presence	TR01172	1280	720	1.875	56	h264	29.866667	7051616	1888825	Lavf58.76.100			
train/loitering_or_suspicious_presence/videos/TR01173.mp4	train	loitering_or_suspicious_presence	TR01173	1280	720	1.875	56	h264	29.866667	8951578	2397744	Lavf58.76.100			
train/loitering_or_suspicious_presence/videos/TR01174.mp4	train	loitering_or_suspicious_presence	TR01174	1280	720	1.875	56	h264	29.866667	9846156	2637363	Lavf58.76.100			
train/loitering_or_suspicious_presence/videos/TR01175.mp4	train	loitering_or_suspicious_presence	TR01175	1280	720	1.875	56	h264	29.866667	7204527	1929783	Lavf58.76.100			
train/loitering_or_suspicious_presence/videos/TR01176.mp4	train	loitering_or_suspicious_presence	TR01176	1280	720	1.875	56	h264	29.866667	10344850	2770941	Lavf58.76.100			
train/loitering_or_suspicious_presence/videos/TR01177.mp4	train	loitering_or_suspicious_presence	TR01177	1280	720	1.875	56	h264	29.866667	9765291	2615702	Lavf58.76.100			
train/loitering_or_suspicious_presence/videos/TR01178.mp4	train	loitering_or_suspicious_presence	TR01178	1280	720	1.875	56	h264	29.866667	11486492	3076738	Lavf58.76.100			
train/loitering_or_suspicious_presence/videos/TR01179.mp4	train	loitering_or_suspicious_presence	TR01179	1280	720	1.875	56	h264	29.866667	9632798	2580213	Lavf58.76.100			
train/loitering_or_suspicious_presence/videos/TR01180.mp4	train	loitering_or_suspicious_presence	TR01180	1280	720	1.875	56	h264	29.866667	7538252	2019174	Lavf58.76.100			
train/loitering_or_suspicious_presence/videos/TR01181.mp4	train	loitering_or_suspicious_presence	TR01181	1280	720	1.875	56	h264	29.866667	11718881	3138985	Lavf58.76.100			
train/loitering_or_suspicious_presence/videos/TR01182.mp4	train	loitering_or_suspicious_presence	TR01182	1280	720	1.875	56	h264	29.866667	11270984	3019013	Lavf58.76.100			
train/loitering_or_suspicious_presence/videos/TR01183.mp4	train	loitering_or_suspicious_presence	TR01183	1280	720	1.875	56	h264	29.866667	6836034	1831080	Lavf58.76.100			
train/loitering_or_suspicious_presence/videos/TR01184.mp4	train	loitering_or_suspicious_presence	TR01184	1280	720	1.875	56	h264	29.866667	13041059	3493140	Lavf58.76.100			
train/loitering_or_suspicious_presence/videos/TR01185.mp4	train	loitering_or_suspicious_presence	TR01185	1280	720	1.875	56	h264	29.866667	7853088	2103505	Lavf58.76.100			
train/loitering_or_suspicious_presence/videos/TR01186.mp4	train	loitering_or_suspicious_presence	TR01186	1280	720	1.875	56	h264	29.866667	9574960	2564721	Lavf58.76.100			
train/loitering_or_suspicious_presence/videos/TR01187.mp4	train	loitering_or_suspicious_presence	TR01187	1280	720	1.875	56	h264	29.866667	10837091	2902792	Lavf58.76.100			
train/loitering_or_suspicious_presence/videos/TR01188.mp4	train	loitering_or_suspicious_presence	TR01188	1280	720	1.875	56	h264	29.866667	10641114	2850298	Lavf58.76.100			
train/loitering_or_suspicious_presence/videos/TR01189.mp4	train	loitering_or_suspicious_presence	TR01189	1280	720	1.875	56	h264	29.866667	9548687	2557683	Lavf58.76.100			
train/loitering_or_suspicious_presence/videos/TR01190.mp4	train	loitering_or_suspicious_presence	TR01190	1280	720	1.875	56	h264	29.866667	7132468	1910482	Lavf58.76.100			
train/loitering_or_suspicious_presence/videos/TR01191.mp4	train	loitering_or_suspicious_presence	TR01191	1280	720	1.875	56	h264	29.866667	15772857	4224872	Lavf58.76.100			
train/loitering_or_suspicious_presence/videos/TR01192.mp4	train	loitering_or_suspicious_presence	TR01192	1280	720	1.875	56	h264	29.866667	10668528	2857641	Lavf58.76.100			
train/loitering_or_suspicious_presence/videos/TR01193.mp4	train	loitering_or_suspicious_presence	TR01193	1280	720	1.875	56	h264	29.866667	11131489	2981648	Lavf58.76.100			
train/loitering_or_suspicious_presence/videos/TR01194.mp4	train	loitering_or_suspicious_presence	TR01194	1280	720	1.875	56	h264	29.866667	11000015	2946432	Lavf58.76.100			
train/loitering_or_suspicious_presence/videos/TR01195.mp4	train	loitering_or_suspicious_presence	TR01195	1280	720	1.875	56	h264	29.866667	7251366	1942330	Lavf58.76.100			
train/loitering_or_suspicious_presence/videos/TR01196.mp4	train	loitering_or_suspicious_presence	TR01196	1280	720	1.875	56	h264	29.866667	5719836	1532098	Lavf58.76.100			
train/loitering_or_suspicious_presence/videos/TR01197.mp4	train	loitering_or_suspicious_presence	TR01197	1280	720	1.875	56	h264	29.866667	10472112	2805029	Lavf58.76.100			
train/loitering_or_suspicious_presence/videos/TR01198.mp4	train	loitering_or_suspicious_presence	TR01198	1280	720	1.875	56	h264	29.866667	11629849	3115138	Lavf58.76.100			
train/loitering_or_suspicious_presence/videos/TR01199.mp4	train	loitering_or_suspicious_presence	TR01199	1280	720	1.875	56	h264	29.866667	11999606	3214180	Lavf58.76.100			
train/loitering_or_suspicious_presence/videos/TR01200.mp4	train	loitering_or_suspicious_presence	TR01200	1280	720	1.875	56	h264	29.866667	7921964	2121954	Lavf58.76.100			
train/loitering_or_suspicious_presence/videos/TR01201.mp4	train	loitering_or_suspicious_presence	TR01201	1280	720	1.875	54	h264	28.800000	10680247	2966735	Lavf58.76.100			
train/loitering_or_suspicious_presence/videos/TR01202.mp4	train	loitering_or_suspicious_presence	TR01202	1280	720	1.875	56	h264	29.866667	7172181	1921119	Lavf58.76.100			
train/loitering_or_suspicious_presence/videos/TR01203.mp4	train	loitering_or_suspicious_presence	TR01203	1280	720	1.875	56	h264	29.866667	11566021	3098041	Lavf58.76.100			
train/loitering_or_suspicious_presence/videos/TR01204.mp4	train	loitering_or_suspicious_presence	TR01204	1280	720	1.875	56	h264	29.866667	10611185	2842281	Lavf58.76.100			
train/loitering_or_suspicious_presence/videos/TR01205.mp4	train	loitering_or_suspicious_presence	TR01205	1280	720	1.875	56	h264	29.866667	13295315	3561245	Lavf58.76.100			
train/loitering_or_suspicious_presence/videos/TR01206.mp4	train	loitering_or_suspicious_presence	TR01206	1280	720	1.875	56	h264	29.866667	9173657	2457229	Lavf58.76.100			
train/loitering_or_suspicious_presence/videos/TR01207.mp4	train	loitering_or_suspicious_presence	TR01207	1280	720	1.875	56	h264	29.866667	12762907	3418635	Lavf58.76.100			
train/loitering_or_suspicious_presence/videos/TR01208.mp4	train	loitering_or_suspicious_presence	TR01208	1280	720	1.875	56	h264	29.866667	6101207	1634251	Lavf58.76.100			
train/loitering_or_suspicious_presence/videos/TR01209.mp4	train	loitering_or_suspicious_presence	TR01209	1280	720	1.875	56	h264	29.866667	11634363	3116347	Lavf58.76.100			
train/loitering_or_suspicious_presence/videos/TR01210.mp4	train	loitering_or_suspicious_presence	TR01210	1280	720	1.875	56	h264	29.866667	6497868	1740500	Lavf58.76.100			
train/loitering_or_suspicious_presence/videos/TR01211.mp4	train	loitering_or_suspicious_presence	TR01211	1280	720	1.875	56	h264	29.866667	8933568	2392919	Lavf58.76.100			
train/loitering_or_suspicious_presence/videos/TR01212.mp4	train	loitering_or_suspicious_presence	TR01212	1280	720	1.875	55	h264	29.333333	9753645	2660085	Lavf58.76.100			
train/loitering_or_suspicious_presence/videos/TR01213.mp4	train	loitering_or_suspicious_presence	TR01213	1280	720	1.875	56	h264	29.866667	9079283	2431950	Lavf58.76.100			
train/loitering_or_suspicious_presence/videos/TR01214.mp4	train	loitering_or_suspicious_presence	TR01214	1280	720	1.875	56	h264	29.866667	7368083	1973593	Lavf58.76.100			
train/loitering_or_suspicious_presence/videos/TR01215.mp4	train	loitering_or_suspicious_presence	TR01215	1280	720	1.875	56	h264	29.866667	10570333	2831339	Lavf58.76.100			
train/loitering_or_suspicious_presence/videos/TR01216.mp4	train	loitering_or_suspicious_presence	TR01216	1280	720	1.875	56	h264	29.866667	10718168	2870937	Lavf58.76.100			
train/loitering_or_suspicious_presence/videos/TR01217.mp4	train	loitering_or_suspicious_presence	TR01217	1280	720	1.875	56	h264	29.866667	11900472	3187626	Lavf58.76.100			
train/loitering_or_suspicious_presence/videos/TR01218.mp4	train	loitering_or_suspicious_presence	TR01218	1280	720	1.875	56	h264	29.866667	8840132	2367892	Lavf58.76.100			
train/loitering_or_suspicious_presence/videos/TR01219.mp4	train	loitering_or_suspicious_presence	TR01219	1280	720	1.875	56	h264	29.866667	11100355	2973309	Lavf58.76.100			
train/loitering_or_suspicious_presence/videos/TR01220.mp4	train	loitering_or_suspicious_presence	TR01220	1280	720	1.875	56	h264	29.866667	12063262	3231230	Lavf58.76.100			
train/loitering_or_suspicious_presence/videos/TR01221.mp4	train	loitering_or_suspicious_presence	TR01221	1280	720	1.875	56	h264	29.866667	9808988	2627407	Lavf58.76.100			
train/loitering_or_suspicious_presence/videos/TR01222.mp4	train	loitering_or_suspicious_presence	TR01222	1280	720	1.875	56	h264	29.866667	8904484	2385129	Lavf58.76.100			
train/loitering_or_suspicious_presence/videos/TR01223.mp4	train	loitering_or_suspicious_presence	TR01223	1280	720	1.875	56	h264	29.866667	10664569	2856580	Lavf58.76.100			
train/loitering_or_suspicious_presence/videos/TR01224.mp4	train	loitering_or_suspicious_presence	TR01224	1280	720	1.875	56	h264	29.866667	8345503	2235402	Lavf58.76.100			
train/loitering_or_suspicious_presence/videos/TR01225.mp4	train	loitering_or_suspicious_presence	TR01225	1280	720	1.875	56	h264	29.866667	13362493	3579239	Lavf58.76.100			
train/loitering_or_suspicious_presence/videos/TR01226.mp4	train	loitering_or_suspicious_presence	TR01226	1280	720	1.875	56	h264	29.866667	8832363	2365811	Lavf58.76.100			
train/loitering_or_suspicious_presence/videos/TR01227.mp4	train	loitering_or_suspicious_presence	TR01227	1280	720	1.875	56	h264	29.866667	11136683	2983040	Lavf58.76.100			
train/loitering_or_suspicious_presence/videos/TR01228.mp4	train	loitering_or_suspicious_presence	TR01228	1280	720	1.875	56	h264	29.866667	9549930	2558016	Lavf58.76.100			
train/loitering_or_suspicious_presence/videos/TR01229.mp4	train	loitering_or_suspicious_presence	TR01229	1280	720	1.875	56	h264	29.866667	7098730	1901445	Lavf58.76.100			
train/loitering_or_suspicious_presence/videos/TR01230.mp4	train	loitering_or_suspicious_presence	TR01230	1280	720	1.875	56	h264	29.866667	9109638	2440081	Lavf58.76.100			
train/loitering_or_suspicious_presence/videos/TR01231.mp4	train	loitering_or_suspicious_presence	TR01231	1280	720	1.875	56	h264	29.866667	10324315	2765441	Lavf58.76.100			
train/loitering_or_suspicious_presence/videos/TR01232.mp4	train	loitering_or_suspicious_presence	TR01232	1280	720	1.875	56	h264	29.866667	11304175	3027903	Lavf58.76.100			
train/loitering_or_suspicious_presence/videos/TR01233.mp4	train	loitering_or_suspicious_presence	TR01233	1280	720	1.875	56	h264	29.866667	11335786	3036371	Lavf58.76.100			
train/loitering_or_suspicious_presence/videos/TR01234.mp4	train	loitering_or_suspicious_presence	TR01234	1280	720	1.875	56	h264	29.866667	7179307	1923028	Lavf58.76.100			
train/loitering_or_suspicious_presence/videos/TR01235.mp4	train	loitering_or_suspicious_presence	TR01235	1280	720	1.875	56	h264	29.866667	9895803	2650661	Lavf58.76.100			
train/loitering_or_suspicious_presence/videos/TR01236.mp4	train	loitering_or_suspicious_presence	TR01236	1280	720	1.875	56	h264	29.866667	10013106	2682081	Lavf58.76.100			
train/loitering_or_suspicious_presence/videos/TR01237.mp4	train	loitering_or_suspicious_presence	TR01237	1280	720	1.875	56	h264	29.866667	14670981	3929727	Lavf58.76.100			
train/loitering_or_suspicious_presence/videos/TR01238.mp4	train	loitering_or_suspicious_presence	TR01238	1280	720	1.875	56	h264	29.866667	8284788	2219139	Lavf58.76.100			
train/loitering_or_suspicious_presence/videos/TR01239.mp4	train	loitering_or_suspicious_presence	TR01239	1280	720	1.875	56	h264	29.866667	10613862	2842998	Lavf58.76.100			
train/loitering_or_suspicious_presence/videos/TR01240.mp4	train	loitering_or_suspicious_presence	TR01240	1280	720	1.875	56	h264	29.866667	10701765	2866544	Lavf58.76.100			
train/loitering_or_suspicious_presence/videos/TR01241.mp4	train	loitering_or_suspicious_presence	TR01241	1280	720	1.875	56	h264	29.866667	8640193	2314337	Lavf58.76.100			
train/loitering_or_suspicious_presence/videos/TR01242.mp4	train	loitering_or_suspicious_presence	TR01242	1280	720	1.875	56	h264	29.866667	10382384	2780995	Lavf58.76.100			
train/loitering_or_suspicious_presence/videos/TR01243.mp4	train	loitering_or_suspicious_presence	TR01243	1280	720	1.875	56	h264	29.866667	9280779	2485922	Lavf58.76.100			
train/loitering_or_suspicious_presence/videos/TR01244.mp4	train	loitering_or_suspicious_presence	TR01244	1280	720	1.875	56	h264	29.866667	11476527	3074069	Lavf58.76.100			
train/loitering_or_suspicious_presence/videos/TR01245.mp4	train	loitering_or_suspicious_presence	TR01245	1280	720	1.875	56	h264	29.866667	8512766	2280205	Lavf58.76.100			
train/loitering_or_suspicious_presence/videos/TR01246.mp4	train	loitering_or_suspicious_presence	TR01246	1280	720	1.875	56	h264	29.866667	12883827	3451025	Lavf58.76.100			
train/loitering_or_suspicious_presence/videos/TR01247.mp4	train	loitering_or_suspicious_presence	TR01247	1280	720	1.875	56	h264	29.866667	8260825	2212720	Lavf58.76.100			
train/loitering_or_suspicious_presence/videos/TR01248.mp4	train	loitering_or_suspicious_presence	TR01248	1280	720	1.875	56	h264	29.866667	10831378	2901261	Lavf58.76.100			
train/loitering_or_suspicious_presence/videos/TR01249.mp4	train	loitering_or_suspicious_presence	TR01249	1280	720	1.875	56	h264	29.866667	8021099	2148508	Lavf58.76.100			
train/loitering_or_suspicious_presence/videos/TR01250.mp4	train	loitering_or_suspicious_presence	TR01250	1280	720	1.875	56	h264	29.866667	10648305	2852224	Lavf58.76.100			
train/loitering_or_suspicious_presence/videos/TR01251.mp4	train	loitering_or_suspicious_presence	TR01251	1280	720	1.875	56	h264	29.866667	11048810	2959502	Lavf58.76.100			
train/loitering_or_suspicious_presence/videos/TR01252.mp4	train	loitering_or_suspicious_presence	TR01252	1280	720	1.875	56	h264	29.866667	8958405	2399572	Lavf58.76.100			
train/loitering_or_suspicious_presence/videos/TR01253.mp4	train	loitering_or_suspicious_presence	TR01253	1280	720	1.875	56	h264	29.866667	9420807	2523430	Lavf58.76.100			
train/loitering_or_suspicious_presence/videos/TR01254.mp4	train	loitering_or_suspicious_presence	TR01254	1280	720	1.875	56	h264	29.866667	9041552	2421844	Lavf58.76.100			
train/loitering_or_suspicious_presence/videos/TR01255.mp4	train	loitering_or_suspicious_presence	TR01255	1280	720	1.875	56	h264	29.866667	11902042	3188046	Lavf58.76.100			
train/loitering_or_suspicious_presence/videos/TR01256.mp4	train	loitering_or_suspicious_presence	TR01256	1280	720	1.875	56	h264	29.866667	9819046	2630101	Lavf58.76.100			
train/loitering_or_suspicious_presence/videos/TR01257.mp4	train	loitering_or_suspicious_presence	TR01257	1280	720	1.875	56	h264	29.866667	8289803	2220482	Lavf58.76.100			
train/loitering_or_suspicious_presence/videos/TR01258.mp4	train	loitering_or_suspicious_presence	TR01258	1280	720	1.875	56	h264	29.866667	10659960	2855346	Lavf58.76.100			
train/loitering_or_suspicious_presence/videos/TR01259.mp4	train	loitering_or_suspicious_presence	TR01259	1280	720	1.875	56	h264	29.866667	8298150	2222718	Lavf58.76.100			
train/loitering_or_suspicious_presence/videos/TR01260.mp4	train	loitering_or_suspicious_presence	TR01260	1280	720	1.875	56	h264	29.866667	7933575	2125064	Lavf58.76.100			
train/loitering_or_suspicious_presence/videos/TR01261.mp4	train	loitering_or_suspicious_presence	TR01261	1280	720	1.875	56	h264	29.866667	9365994	2508748	Lavf58.76.100			
train/loitering_or_suspicious_presence/videos/TR01262.mp4	train	loitering_or_suspicious_presence	TR01262	1280	720	1.875	56	h264	29.866667	11969565	3206133	Lavf58.76.100			
train/loitering_or_suspicious_presence/videos/TR01263.mp4	train	loitering_or_suspicious_presence	TR01263	1280	720	1.875	56	h264	29.866667	10662513	2856030	Lavf58.76.100			
train/loitering_or_suspicious_presence/videos/TR01264.mp4	train	loitering_or_suspicious_presence	TR01264	1280	720	1.875	56	h264	29.866667	6873192	1841033	Lavf58.76.100			
train/loitering_or_suspicious_presence/videos/TR01265.mp4	train	loitering_or_suspicious_presence	TR01265	1280	720	1.875	56	h264	29.866667	11458751	3069308	Lavf58.76.100			
train/loitering_or_suspicious_presence/videos/TR01266.mp4	train	loitering_or_suspicious_presence	TR01266	1280	720	1.875	56	h264	29.866667	10863002	2909732	Lavf58.76.100			
train/loitering_or_suspicious_presence/videos/TR01267.mp4	train	loitering_or_suspicious_presence	TR01267	1280	720	1.875	56	h264	29.866667	11072466	2965839	Lavf58.76.100			
train/loitering_or_suspicious_presence/videos/TR01268.mp4	train	loitering_or_suspicious_presence	TR01268	1280	720	1.875	54	h264	28.800000	8621496	2394860	Lavf58.76.100			
train/loitering_or_suspicious_presence/videos/TR01269.mp4	train	loitering_or_suspicious_presence	TR01269	1280	720	1.875	56	h264	29.866667	8035318	2152317	Lavf58.76.100			
train/loitering_or_suspicious_presence/videos/TR01270.mp4	train	loitering_or_suspicious_presence	TR01270	1280	720	1.875	56	h264	29.866667	11213281	3003557	Lavf58.76.100			
train/loitering_or_suspicious_presence/videos/TR01271.mp4	train	loitering_or_suspicious_presence	TR01271	1280	720	1.875	56	h264	29.866667	9909303	2654277	Lavf58.76.100			
train/loitering_or_suspicious_presence/videos/TR01272.mp4	train	loitering_or_suspicious_presence	TR01272	1280	720	1.875	56	h264	29.866667	10668410	2857609	Lavf58.76.100			
train/loitering_or_suspicious_presence/videos/TR01273.mp4	train	loitering_or_suspicious_presence	TR01273	1280	720	1.875	56	h264	29.866667	8832131	2365749	Lavf58.76.100			
train/loitering_or_suspicious_presence/videos/TR01274.mp4	train	loitering_or_suspicious_presence	TR01274	1280	720	1.875	56	h264	29.866667	11379674	3048126	Lavf58.76.100			
train/loitering_or_suspicious_presence/videos/TR01275.mp4	train	loitering_or_suspicious_presence	TR01275	1280	720	1.875	56	h264	29.866667	10710448	2868869	Lavf58.76.100			
train/loitering_or_suspicious_presence/videos/TR01276.mp4	train	loitering_or_suspicious_presence	TR01276	1280	720	1.875	56	h264	29.866667	9129810	2445484	Lavf58.76.100			
train/loitering_or_suspicious_presence/videos/TR01277.mp4	train	loitering_or_suspicious_presence	TR01277	1280	720	1.875	56	h264	29.866667	13249404	3548947	Lavf58.76.100			
train/loitering_or_suspicious_presence/videos/TR01278.mp4	train	loitering_or_suspicious_presence	TR01278	1280	720	1.875	56	h264	29.866667	11177888	2994077	Lavf58.76.100			
train/loitering_or_suspicious_presence/videos/TR01279.mp4	train	loitering_or_suspicious_presence	TR01279	1280	720	1.875	56	h264	29.866667	7309796	1957981	Lavf58.76.100			
train/loitering_or_suspicious_presence/videos/TR01280.mp4	train	loitering_or_suspicious_presence	TR01280	1280	720	1.875	56	h264	29.866667	7449696	1995454	Lavf58.76.100			
train/loitering_or_suspicious_presence/videos/TR01281.mp4	train	loitering_or_suspicious_presence	TR01281	1280	720	1.875	56	h264	29.866667	9261352	2480719	Lavf58.76.100			
train/loitering_or_suspicious_presence/videos/TR01282.mp4	train	loitering_or_suspicious_presence	TR01282	1280	720	1.875	56	h264	29.866667	9326001	2498035	Lavf58.76.100			
train/loitering_or_suspicious_presence/videos/TR01283.mp4	train	loitering_or_suspicious_presence	TR01283	1280	720	1.875	56	h264	29.866667	11874823	3180756	Lavf58.76.100			
train/loitering_or_suspicious_presence/videos/TR01284.mp4	train	loitering_or_suspicious_presence	TR01284	1280	720	1.875	56	h264	29.866667	10719673	2871340	Lavf58.76.100			
train/loitering_or_suspicious_presence/videos/TR01285.mp4	train	loitering_or_suspicious_presence	TR01285	1280	720	1.875	56	h264	29.866667	6920837	1853795	Lavf58.76.100			
train/loitering_or_suspicious_presence/videos/TR01286.mp4	train	loitering_or_suspicious_presence	TR01286	1280	720	1.875	56	h264	29.866667	7224956	1935256	Lavf58.76.100			
train/loitering_or_suspicious_presence/videos/TR01287.mp4	train	loitering_or_suspicious_presence	TR01287	1280	720	1.875	56	h264	29.866667	5650439	1513510	Lavf58.76.100			
train/loitering_or_suspicious_presence/videos/TR01288.mp4	train	loitering_or_suspicious_presence	TR01288	1280	720	1.875	56	h264	29.866667	9773677	2617949	Lavf58.76.100			
train/loitering_or_suspicious_presence/videos/TR01289.mp4	train	loitering_or_suspicious_presence	TR01289	1280	720	1.875	56	h264	29.866667	10674936	2859357	Lavf58.76.100			
train/loitering_or_suspicious_presence/videos/TR01290.mp4	train	loitering_or_suspicious_presence	TR01290	1280	720	1.875	56	h264	29.866667	9984309	2674368	Lavf58.76.100			
train/loitering_or_suspicious_presence/videos/TR01291.mp4	train	loitering_or_suspicious_presence	TR01291	1280	720	1.875	56	h264	29.866667	10007191	2680497	Lavf58.76.100			
train/loitering_or_suspicious_presence/videos/TR01292.mp4	train	loitering_or_suspicious_presence	TR01292	1280	720	1.875	56	h264	29.866667	9808897	2627383	Lavf58.76.100			
train/loitering_or_suspicious_presence/videos/TR01293.mp4	train	loitering_or_suspicious_presence	TR01293	1280	720	1.875	56	h264	29.866667	8850308	2370618	Lavf58.76.100			
train/loitering_or_suspicious_presence/videos/TR01294.mp4	train	loitering_or_suspicious_presence	TR01294	1280	720	1.875	56	h264	29.866667	9968075	2670020	Lavf58.76.100			
train/loitering_or_suspicious_presence/videos/TR01295.mp4	train	loitering_or_suspicious_presence	TR01295	1280	720	1.875	56	h264	29.866667	10489203	2809607	Lavf58.76.100			
train/loitering_or_suspicious_presence/videos/TR01296.mp4	train	loitering_or_suspicious_presence	TR01296	1280	720	1.875	56	h264	29.866667	6868639	1839813	Lavf58.76.100			
train/loitering_or_suspicious_presence/videos/TR01297.mp4	train	loitering_or_suspicious_presence	TR01297	1280	720	1.875	56	h264	29.866667	9202653	2464996	Lavf58.76.100			
train/loitering_or_suspicious_presence/videos/TR01298.mp4	train	loitering_or_suspicious_presence	TR01298	1280	720	1.875	56	h264	29.866667	11195825	2998881	Lavf58.76.100			
train/loitering_or_suspicious_presence/videos/TR01299.mp4	train	loitering_or_suspicious_presence	TR01299	1280	720	1.875	56	h264	29.866667	11305290	3028202	Lavf58.76.100			
train/loitering_or_suspicious_presence/videos/TR01300.mp4	train	loitering_or_suspicious_presence	TR01300	1280	720	1.875	56	h264	29.866667	10528871	2820233	Lavf58.76.100			
train/loitering_or_suspicious_presence/videos/TR01301.mp4	train	loitering_or_suspicious_presence	TR01301	1280	720	1.875	56	h264	29.866667	12679163	3396204	Lavf58.76.100			
train/loitering_or_suspicious_presence/videos/TR01302.mp4	train	loitering_or_suspicious_presence	TR01302	1280	720	1.875	56	h264	29.866667	11772374	3153314	Lavf58.76.100			
train/loitering_or_suspicious_presence/videos/TR01303.mp4	train	loitering_or_suspicious_presence	TR01303	1280	720	1.875	56	h264	29.866667	9105541	2438984	Lavf58.76.100			
train/loitering_or_suspicious_presence/videos/TR01304.mp4	train	loitering_or_suspicious_presence	TR01304	1280	720	1.875	56	h264	29.866667	10789488	2890041	Lavf58.76.100			
train/loitering_or_suspicious_presence/videos/TR01305.mp4	train	loitering_or_suspicious_presence	TR01305	1280	720	1.875	56	h264	29.866667	9684773	2594135	Lavf58.76.100			
train/loitering_or_suspicious_presence/videos/TR01306.mp4	train	loitering_or_suspicious_presence	TR01306	1280	720	1.875	56	h264	29.866667	8987751	2407433	Lavf58.76.100			
train/loitering_or_suspicious_presence/videos/TR01307.mp4	train	loitering_or_suspicious_presence	TR01307	1280	720	1.875	56	h264	29.866667	13295077	3561181	Lavf58.76.100			
train/loitering_or_suspicious_presence/videos/TR01308.mp4	train	loitering_or_suspicious_presence	TR01308	1280	720	1.875	56	h264	29.866667	8749399	2343588	Lavf58.76.100			
train/loitering_or_suspicious_presence/videos/TR01309.mp4	train	loitering_or_suspicious_presence	TR01309	1280	720	1.875	56	h264	29.866667	10804663	2894106	Lavf58.76.100			
train/loitering_or_suspicious_presence/videos/TR01310.mp4	train	loitering_or_suspicious_presence	TR01310	1280	720	1.875	56	h264	29.866667	9962622	2668559	Lavf58.76.100			
train/loitering_or_suspicious_presence/videos/TR01311.mp4	train	loitering_or_suspicious_presence	TR01311	1280	720	1.875	56	h264	29.866667	8719438	2335563	Lavf58.76.100			
train/loitering_or_suspicious_presence/videos/TR01312.mp4	train	loitering_or_suspicious_presence	TR01312	1280	720	1.875	56	h264	29.866667	9478670	2538929	Lavf58.76.100			
train/loitering_or_suspicious_presence/videos/TR01313.mp4	train	loitering_or_suspicious_presence	TR01313	1280	720	1.875	56	h264	29.866667	7447593	1994890	Lavf58.76.100			
train/loitering_or_suspicious_presence/videos/TR01314.mp4	train	loitering_or_suspicious_presence	TR01314	1280	720	1.875	56	h264	29.866667	3822050	1023763	Lavf58.76.100			
train/loitering_or_suspicious_presence/videos/TR01315.mp4	train	loitering_or_suspicious_presence	TR01315	1280	720	1.875	56	h264	29.866667	9190870	2461840	Lavf58.76.100			
train/loitering_or_suspicious_presence/videos/TR01316.mp4	train	loitering_or_suspicious_presence	TR01316	1280	720	1.875	56	h264	29.866667	11211997	3003213	Lavf58.76.100			
train/loitering_or_suspicious_presence/videos/TR01317.mp4	train	loitering_or_suspicious_presence	TR01317	1280	720	1.875	56	h264	29.866667	11594829	3105757	Lavf58.76.100			
train/loitering_or_suspicious_presence/videos/TR01318.mp4	train	loitering_or_suspicious_presence	TR01318	1280	720	1.875	56	h264	29.866667	9907958	2653917	Lavf58.76.100			
train/loitering_or_suspicious_presence/videos/TR01319.mp4	train	loitering_or_suspicious_presence	TR01319	1280	720	1.875	56	h264	29.866667	7656321	2050800	Lavf58.76.100			
train/loitering_or_suspicious_presence/videos/TR01320.mp4	train	loitering_or_suspicious_presence	TR01320	1280	720	1.875	56	h264	29.866667	11260335	3016161	Lavf58.76.100			
train/loitering_or_suspicious_presence/videos/TR01321.mp4	train	loitering_or_suspicious_presence	TR01321	1280	720	1.875	56	h264	29.866667	9151244	2451226	Lavf58.76.100			
train/loitering_or_suspicious_presence/videos/TR01322.mp4	train	loitering_or_suspicious_presence	TR01322	1280	720	1.875	56	h264	29.866667	10692153	2863969	Lavf58.76.100			
train/loitering_or_suspicious_presence/videos/TR01323.mp4	train	loitering_or_suspicious_presence	TR01323	1280	720	1.875	56	h264	29.866667	10758968	2881866	Lavf58.76.100			
train/loitering_or_suspicious_presence/videos/TR01324.mp4	train	loitering_or_suspicious_presence	TR01324	1280	720	1.875	56	h264	29.866667	7252315	1942584	Lavf58.76.100			
train/loitering_or_suspicious_presence/videos/TR01325.mp4	train	loitering_or_suspicious_presence	TR01325	1280	720	1.875	56	h264	29.866667	11740269	3144714	Lavf58.76.100			
train/loitering_or_suspicious_presence/videos/TR01326.mp4	train	loitering_or_suspicious_presence	TR01326	1280	720	1.875	56	h264	29.866667	13063625	3499185	Lavf58.76.100			
train/loitering_or_suspicious_presence/videos/TR01327.mp4	train	loitering_or_suspicious_presence	TR01327	1280	720	1.875	56	h264	29.866667	8897104	2383152	Lavf58.76.100			
train/loitering_or_suspicious_presence/videos/TR01328.mp4	train	loitering_or_suspicious_presence	TR01328	1280	720	1.875	56	h264	29.866667	10003825	2679595	Lavf58.76.100			
train/loitering_or_suspicious_presence/videos/TR01329.mp4	train	loitering_or_suspicious_presence	TR01329	1280	720	1.875	56	h264	29.866667	11551804	3094233	Lavf58.76.100			
train/loitering_or_suspicious_presence/videos/TR01330.mp4	train	loitering_or_suspicious_presence	TR01330	1280	720	1.875	56	h264	29.866667	6712230	1797918	Lavf58.76.100			
train/loitering_or_suspicious_presence/videos/TR01331.mp4	train	loitering_or_suspicious_presence	TR01331	1280	720	1.875	56	h264	29.866667	10832667	2901607	Lavf58.76.100			
train/loitering_or_suspicious_presence/videos/TR01332.mp4	train	loitering_or_suspicious_presence	TR01332	1280	720	1.875	56	h264	29.866667	8909862	2386570	Lavf58.76.100			
train/loitering_or_suspicious_presence/videos/TR01333.mp4	train	loitering_or_suspicious_presence	TR01333	1280	720	1.875	56	h264	29.866667	9375299	2511240	Lavf58.76.100			
train/loitering_or_suspicious_presence/videos/TR01334.mp4	train	loitering_or_suspicious_presence	TR01334	1280	720	1.875	56	h264	29.866667	7572590	2028372	Lavf58.76.100			
train/loitering_or_suspicious_presence/videos/TR01335.mp4	train	loitering_or_suspicious_presence	TR01335	1280	720	1.875	56	h264	29.866667	10674866	2859339	Lavf58.76.100			
train/loitering_or_suspicious_presence/videos/TR01336.mp4	train	loitering_or_suspicious_presence	TR01336	1280	720	1.875	56	h264	29.866667	8421588	2255782	Lavf58.76.100			
train/loitering_or_suspicious_presence/videos/TR01337.mp4	train	loitering_or_suspicious_presence	TR01337	1280	720	1.875	56	h264	29.866667	6670427	1786721	Lavf58.76.100			
train/loitering_or_suspicious_presence/videos/TR01338.mp4	train	loitering_or_suspicious_presence	TR01338	1280	720	1.875	56	h264	29.866667	6719407	1799841	Lavf58.76.100			
train/loitering_or_suspicious_presence/videos/TR01339.mp4	train	loitering_or_suspicious_presence	TR01339	1280	720	1.875	56	h264	29.866667	8328073	2230733	Lavf58.76.100			
train/loitering_or_suspicious_presence/videos/TR01340.mp4	train	loitering_or_suspicious_presence	TR01340	1280	720	1.875	56	h264	29.866667	9025794	2417623	Lavf58.76.100			
train/loitering_or_suspicious_presence/videos/TR01341.mp4	train	loitering_or_suspicious_presence	TR01341	1280	720	1.875	56	h264	29.866667	10649203	2852465	Lavf58.76.100			
train/loitering_or_suspicious_presence/videos/TR01342.mp4	train	loitering_or_suspicious_presence	TR01342	1280	720	1.875	56	h264	29.866667	10413642	2789368	Lavf58.76.100			
train/loitering_or_suspicious_presence/videos/TR01343.mp4	train	loitering_or_suspicious_presence	TR01343	1280	720	1.875	56	h264	29.866667	6696301	1793652	Lavf58.76.100			
train/loitering_or_suspicious_presence/videos/TR01344.mp4	train	loitering_or_suspicious_presence	TR01344	1280	720	1.875	56	h264	29.866667	7158866	1917553	Lavf58.76.100			
train/loitering_or_suspicious_presence/videos/TR01345.mp4	train	loitering_or_suspicious_presence	TR01345	1280	720	1.875	56	h264	29.866667	13504687	3617326	Lavf58.76.100			
train/loitering_or_suspicious_presence/videos/TR01346.mp4	train	loitering_or_suspicious_presence	TR01346	1280	720	1.875	56	h264	29.866667	10553439	2826813	Lavf58.76.100			
train/loitering_or_suspicious_presence/videos/TR01347.mp4	train	loitering_or_suspicious_presence	TR01347	1280	720	1.875	56	h264	29.866667	10191682	2729914	Lavf58.76.100			
train/loitering_or_suspicious_presence/videos/TR01348.mp4	train	loitering_or_suspicious_presence	TR01348	1280	720	1.875	56	h264	29.866667	10980186	2941121	Lavf58.76.100			
train/loitering_or_suspicious_presence/videos/TR01349.mp4	train	loitering_or_suspicious_presence	TR01349	1280	720	1.875	56	h264	29.866667	8474718	2270013	Lavf58.76.100			
train/normal/videos/TR01850.mp4	train	normal	TR01850	1280	720	15.0	66	h264	4.400000	1498142	2723894	Lavf58.76.100			
train/normal/videos/TR01851.mp4	train	normal	TR01851	1280	720	15.0	86	h264	5.733333	2761703	3853539	Lavf58.76.100	EV录屏3.9.7软件录制	本视频由湖南一唯信息科技开发的EV录屏软件录制，www.ieway.cn	
train/normal/videos/TR01852.mp4	train	normal	TR01852	1280	720	15.0	178	h264	11.866667	867118	584573	Lavf58.76.100			
train/normal/videos/TR01853.mp4	train	normal	TR01853	1280	720	15.0	86	h264	5.733333	866593	1209199	Lavf58.76.100	EV录屏3.9.7软件录制	本视频由湖南一唯信息科技开发的EV录屏软件录制，www.ieway.cn	
train/normal/videos/TR01854.mp4	train	normal	TR01854	1280	720	15.0	182	h264	12.133333	1642247	1082800	Lavf58.76.100			
train/normal/videos/TR01855.mp4	train	normal	TR01855	1280	720	15.0	86	h264	5.733333	1082666	1510696	Lavf58.76.100	EV录屏3.9.7软件录制	本视频由湖南一唯信息科技开发的EV录屏软件录制，www.ieway.cn	
train/normal/videos/TR01856.mp4	train	normal	TR01856	1280	720	15.0	86	h264	5.733333	1067660	1489758	Lavf58.76.100	EV录屏3.9.7软件录制	本视频由湖南一唯信息科技开发的EV录屏软件录制，www.ieway.cn	
train/normal/videos/TR01857.mp4	train	normal	TR01857	1280	720	15.0	375	h264	25.000000	2605677	833816	Lavf58.76.100			0
train/normal/videos/TR01858.mp4	train	normal	TR01858	1280	720	15.0	375	h264	25.000000	878794	281214	Lavf58.76.100			0
train/normal/videos/TR01859.mp4	train	normal	TR01859	1280	720	15.0	375	h264	25.000000	5865163	1876852	Lavf58.76.100			0
train/normal/videos/TR01860.mp4	train	normal	TR01860	1280	720	15.0	450	h264	30.000000	11261657	3003108	Lavf58.76.100		DE=None,SN=1SFLJC70AL0660, Type=Normal, HQ=Normal, Mode=P	
train/normal/videos/TR01861.mp4	train	normal	TR01861	1280	720	15.0	86	h264	5.733333	1147891	1601708	Lavf58.76.100	EV录屏3.9.7软件录制	本视频由湖南一唯信息科技开发的EV录屏软件录制，www.ieway.cn	
train/normal/videos/TR01862.mp4	train	normal	TR01862	1280	720	15.0	375	h264	25.000000	529838	169548	Lavf58.76.100			0
train/normal/videos/TR01863.mp4	train	normal	TR01863	1280	720	15.0	86	h264	5.733333	684147	954623	Lavf58.76.100	EV录屏3.9.7软件录制	本视频由湖南一唯信息科技开发的EV录屏软件录制，www.ieway.cn	
train/normal/videos/TR01864.mp4	train	normal	TR01864	1280	720	15.0	375	h264	25.000000	1088679	348377	Lavf58.76.100			0
train/normal/videos/TR01865.mp4	train	normal	TR01865	1280	720	10.0	166	h264	16.600000	13436753	6475543	Lavf58.76.100			
train/normal/videos/TR01866.mp4	train	normal	TR01866	1280	720	15.0	375	h264	25.000000	2375542	760173	Lavf58.76.100			0
train/normal/videos/TR01867.mp4	train	normal	TR01867	1280	720	15.0	105	h264	7.000000	206926	236486	Lavf58.76.100			0
train/normal/videos/TR01868.mp4	train	normal	TR01868	1280	720	15.0	375	h264	25.000000	1677181	536697	Lavf58.76.100			0
train/normal/videos/TR01869.mp4	train	normal	TR01869	1280	720	15.0	375	h264	25.000000	1809099	578911	Lavf58.76.100			0
train/normal/videos/TR01870.mp4	train	normal	TR01870	1280	720	15.0	253	h264	16.866667	1238285	587328	Lavf58.76.100			
train/normal/videos/TR01871.mp4	train	normal	TR01871	1280	720	15.0	253	h264	16.866667	1217395	577420	Lavf58.76.100			
train/normal/videos/TR01872.mp4	train	normal	TR01872	1280	720	15.0	202	h264	13.466667	892042	529925	Lavf58.76.100			
train/normal/videos/TR01873.mp4	train	normal	TR01873	1280	720	15.0	86	h264	5.733333	827431	1154554	Lavf58.76.100	EV录屏3.9.7软件录制	本视频由湖南一唯信息科技开发的EV录屏软件录制，www.ieway.cn	
train/normal/videos/TR01874.mp4	train	normal	TR01874	1280	720	15.0	375	h264	25.000000	2363266	756245	Lavf58.76.100			0
train/normal/videos/TR01875.mp4	train	normal	TR01875	1280	720	15.0	375	h264	25.000000	1227921	392934	Lavf58.76.100			0
train/normal/videos/TR01876.mp4	train	normal	TR01876	1280	720	15.0	152	h264	10.133333	940486	742488	Lavf58.76.100			
train/normal/videos/TR01877.mp4	train	normal	TR01877	1280	720	15.0	86	h264	5.733333	1057868	1476094	Lavf58.76.100	EV录屏3.9.7软件录制	本视频由湖南一唯信息科技开发的EV录屏软件录制，www.ieway.cn	
train/normal/videos/TR01878.mp4	train	normal	TR01878	1280	720	15.0	375	h264	25.000000	1599692	511901	Lavf58.76.100			0
train/normal/videos/TR01879.mp4	train	normal	TR01879	1280	720	15.0	375	h264	25.000000	455492	145757	Lavf58.76.100			0
train/normal/videos/TR01880.mp4	train	normal	TR01880	1280	720	15.0	84	h264	5.600000	1103077	1575824	Lavf58.76.100	EV录屏3.9.7软件录制	本视频由湖南一唯信息科技开发的EV录屏软件录制，www.ieway.cn	
train/normal/videos/TR01881.mp4	train	normal	TR01881	1280	720	15.0	450	h264	30.000000	13080678	3488180	Lavf58.76.100		DE=None,SN=1SFLJC70AL0660, Type=Normal, HQ=Normal, Mode=P	
train/normal/videos/TR01882.mp4	train	normal	TR01882	1280	720	15.0	375	h264	25.000000	3404283	1089370	Lavf58.76.100			0
train/normal/videos/TR01883.mp4	train	normal	TR01883	1280	720	15.0	84	h264	5.600000	945829	1351184	Lavf58.76.100	EV录屏3.9.7软件录制	本视频由湖南一唯信息科技开发的EV录屏软件录制，www.ieway.cn	
train/normal/videos/TR01884.mp4	train	normal	TR01884	1280	720	15.0	293	h264	19.533333	4083760	1672529	Lavf58.76.100			
train/normal/videos/TR01885.mp4	train	normal	TR01885	1280	720	15.0	152	h264	10.133333	1198901	946500	Lavf58.76.100			
train/normal/videos/TR01886.mp4	train	normal	TR01886	1280	720	15.0	119	h264	7.933333	1106410	1115707	Lavf58.76.100			
train/normal/videos/TR01887.mp4	train	normal	TR01887	1280	720	15.0	375	h264	25.000000	7242462	2317587	Lavf58.76.100			
train/normal/videos/TR01888.mp4	train	normal	TR01888	1280	720	15.0	83	h264	5.533333	1345290	1944997	Lavf58.76.100	EV录屏3.9.7软件录制	本视频由湖南一唯信息科技开发的EV录屏软件录制，www.ieway.cn	
train/normal/videos/TR01889.mp4	train	normal	TR01889	1280	720	15.0	375	h264	25.000000	1717245	549518	Lavf58.76.100			0
train/normal/videos/TR01890.mp4	train	normal	TR01890	1280	720	15.0	307	h264	20.466667	1606668	628013	Lavf58.76.100			0
train/normal/videos/TR01891.mp4	train	normal	TR01891	1280	720	15.0	264	h264	17.600000	1591703	723501	Lavf58.76.100			0
train/normal/videos/TR01892.mp4	train	normal	TR01892	1280	720	15.0	375	h264	25.000000	434254	138961	Lavf58.76.100			0
train/normal/videos/TR01893.mp4	train	normal	TR01893	1280	720	15.0	450	h264	30.000000	12257611	3268696	Lavf58.76.100		DE=None,SN=1SFLJC70AL0660, Type=Normal, HQ=Normal, Mode=P	
train/normal/videos/TR01894.mp4	train	normal	TR01894	1280	720	15.0	87	h264	5.800000	2865547	3952478	Lavf58.76.100	EV录屏3.9.7软件录制	本视频由湖南一唯信息科技开发的EV录屏软件录制，www.ieway.cn	
train/normal/videos/TR01895.mp4	train	normal	TR01895	1280	720	15.0	375	h264	25.000000	1661470	531670	Lavf58.76.100			0
train/normal/videos/TR01896.mp4	train	normal	TR01896	1280	720	15.0	87	h264	5.800000	1195729	1649281	Lavf58.76.100	EV录屏3.9.7软件录制	本视频由湖南一唯信息科技开发的EV录屏软件录制，www.ieway.cn	
train/normal/videos/TR01897.mp4	train	normal	TR01897	1280	720	15.0	84	h264	5.600000	1364229	1948898	Lavf58.76.100	EV录屏3.9.7软件录制	本视频由湖南一唯信息科技开发的EV录屏软件录制，www.ieway.cn	
train/normal/videos/TR01898.mp4	train	normal	TR01898	1280	720	15.0	202	h264	13.466667	1064923	632627	Lavf58.76.100			
train/normal/videos/TR01899.mp4	train	normal	TR01899	1280	720	15.0	375	h264	25.000000	9664511	3092643	Lavf58.76.100			
train/normal/videos/TR01900.mp4	train	normal	TR01900	1280	720	15.0	375	h264	25.000000	979293	313373	Lavf58.76.100			0
train/normal/videos/TR01901.mp4	train	normal	TR01901	1280	720	15.0	375	h264	25.000000	807286	258331	Lavf58.76.100			0
train/normal/videos/TR01902.mp4	train	normal	TR01902	1280	720	15.0	375	h264	25.000000	8086055	2587537	Lavf58.76.100			
train/normal/videos/TR01903.mp4	train	normal	TR01903	1280	720	15.0	225	h264	15.000000	1155380	616202	Lavf58.76.100			0
train/normal/videos/TR01904.mp4	train	normal	TR01904	1280	720	15.0	375	h264	25.000000	1750978	560312	Lavf58.76.100			0
train/normal/videos/TR01905.mp4	train	normal	TR01905	1280	720	15.0	150	h264	10.000000	1453369	1162695	Lavf58.76.100			0
train/normal/videos/TR01906.mp4	train	normal	TR01906	1280	720	15.0	375	h264	25.000000	2198603	703552	Lavf58.76.100			0
train/normal/videos/TR01907.mp4	train	normal	TR01907	1280	720	15.0	375	h264	25.000000	2421896	775006	Lavf58.76.100			0
train/normal/videos/TR01908.mp4	train	normal	TR01908	1280	720	15.0	375	h264	25.000000	1237474	395991	Lavf58.76.100			0
train/normal/videos/TR01909.mp4	train	normal	TR01909	1280	720	15.0	87	h264	5.800000	2735731	3773422	Lavf58.76.100	EV录屏3.9.7软件录制	本视频由湖南一唯信息科技开发的EV录屏软件录制，www.ieway.cn	
train/normal/videos/TR01910.mp4	train	normal	TR01910	1280	720	15.0	84	h264	5.600000	2272660	3246657	Lavf58.76.100	EV录屏3.9.7软件录制	本视频由湖南一唯信息科技开发的EV录屏软件录制，www.ieway.cn	
train/normal/videos/TR01911.mp4	train	normal	TR01911	1280	720	15.0	228	h264	15.200000	2315041	1218442	Lavf58.76.100			
train/normal/videos/TR01912.mp4	train	normal	TR01912	1280	720	15.0	59	h264	3.933333	1215098	2471385	Lavf58.76.100			
train/normal/videos/TR01913.mp4	train	normal	TR01913	1280	720	15.0	375	h264	25.000000	2565917	821093	Lavf58.76.100			0
train/normal/videos/TR01914.mp4	train	normal	TR01914	1280	720	15.0	375	h264	25.000000	1021302	326816	Lavf58.76.100			0
train/normal/videos/TR01915.mp4	train	normal	TR01915	1280	720	15.0	375	h264	25.000000	1585469	507350	Lavf58.76.100			0
train/normal/videos/TR01916.mp4	train	normal	TR01916	1280	720	15.0	86	h264	5.733333	1299372	1813077	Lavf58.76.100	EV录屏3.9.7软件录制	本视频由湖南一唯信息科技开发的EV录屏软件录制，www.ieway.cn	
train/normal/videos/TR01917.mp4	train	normal	TR01917	1280	720	15.0	375	h264	25.000000	1181944	378222	Lavf58.76.100			0
train/normal/videos/TR01918.mp4	train	normal	TR01918	1280	720	15.0	375	h264	25.000000	745732	238634	Lavf58.76.100			0
train/normal/videos/TR01919.mp4	train	normal	TR01919	1280	720	15.0	86	h264	5.733333	1005507	1403033	Lavf58.76.100	EV录屏3.9.7软件录制	本视频由湖南一唯信息科技开发的EV录屏软件录制，www.ieway.cn	
train/normal/videos/TR01920.mp4	train	normal	TR01920	1280	720	15.0	203	h264	13.533333	1834023	1084151	Lavf58.76.100			
train/normal/videos/TR01921.mp4	train	normal	TR01921	1280	720	15.0	86	h264	5.733333	830156	1158357	Lavf58.76.100	EV录屏3.9.7软件录制	本视频由湖南一唯信息科技开发的EV录屏软件录制，www.ieway.cn	
train/normal/videos/TR01922.mp4	train	normal	TR01922	1280	720	15.0	375	h264	25.000000	1355907	433890	Lavf58.76.100			0
train/normal/videos/TR01923.mp4	train	normal	TR01923	1280	720	15.0	176	h264	11.733333	1195975	815437	Lavf58.76.100			
train/normal/videos/TR01924.mp4	train	normal	TR01924	1280	720	15.0	201	h264	13.400000	2401671	1433833	Lavf58.76.100			
train/normal/videos/TR01925.mp4	train	normal	TR01925	1280	720	15.0	227	h264	15.133333	2623273	1386752	Lavf58.76.100			
train/normal/videos/TR01926.mp4	train	normal	TR01926	1280	720	15.0	227	h264	15.133333	2363735	1249551	Lavf58.76.100			
train/normal/videos/TR01927.mp4	train	normal	TR01927	1280	720	15.0	253	h264	16.866667	1586238	752365	Lavf58.76.100			
train/normal/videos/TR01928.mp4	train	normal	TR01928	1280	720	15.0	86	h264	5.733333	2906259	4055245	Lavf58.76.100	EV录屏3.9.7软件录制	本视频由湖南一唯信息科技开发的EV录屏软件录制，www.ieway.cn	
train/normal/videos/TR01929.mp4	train	normal	TR01929	1280	720	15.0	90	h264	6.000000	2102153	2802870	Lavf58.76.100			
train/normal/videos/TR01930.mp4	train	normal	TR01930	1280	720	15.0	85	h264	5.666667	429165	605879	Lavf58.76.100	EV录屏3.9.7软件录制	本视频由湖南一唯信息科技开发的EV录屏软件录制，www.ieway.cn	
train/normal/videos/TR01931.mp4	train	normal	TR01931	1280	720	15.0	253	h264	16.866667	1315051	623739	Lavf58.76.100			
train/normal/videos/TR01932.mp4	train	normal	TR01932	1280	720	15.0	253	h264	16.866667	1453009	689174	Lavf58.76.100			
train/normal/videos/TR01933.mp4	train	normal	TR01933	1280	720	15.0	86	h264	5.733333	1192562	1664040	Lavf58.76.100	EV录屏3.9.7软件录制	本视频由湖南一唯信息科技开发的EV录屏软件录制，www.ieway.cn	
train/normal/videos/TR01934.mp4	train	normal	TR01934	1280	720	15.0	83	h264	5.533333	2284649	3303107	Lavf58.76.100	EV录屏3.9.7软件录制	本视频由湖南一唯信息科技开发的EV录屏软件录制，www.ieway.cn	
train/normal/videos/TR01935.mp4	train	normal	TR01935	1280	720	15.0	226	h264	15.066667	1553431	824830	Lavf58.76.100			
train/normal/videos/TR01936.mp4	train	normal	TR01936	1280	720	15.0	86	h264	5.733333	1061210	1480758	Lavf58.76.100	EV录屏3.9.7软件录制	本视频由湖南一唯信息科技开发的EV录屏软件录制，www.ieway.cn	
train/normal/videos/TR01937.mp4	train	normal	TR01937	1280	720	15.0	228	h264	15.200000	865535	455544	Lavf58.76.100			
train/normal/videos/TR01938.mp4	train	normal	TR01938	1280	720	15.0	220	h264	14.666667	2607670	1422365	Lavf58.76.100			
train/normal/videos/TR01939.mp4	train	normal	TR01939	1280	720	15.0	450	h264	30.000000	9914201	2643786	Lavf58.76.100		DE=None,SN=1SFLJC70AL0660, Type=Normal, HQ=Normal, Mode=P	
train/normal/videos/TR01940.mp4	train	normal	TR01940	1280	720	15.0	85	h264	5.666667	1734649	2448916	Lavf58.76.100	EV录屏3.9.7软件录制	本视频由湖南一唯信息科技开发的EV录屏软件录制，www.ieway.cn	
train/normal/videos/TR01941.mp4	train	normal	TR01941	1280	720	15.0	227	h264	15.133333	1589312	840164	Lavf58.76.100			
train/normal/videos/TR01942.mp4	train	normal	TR01942	1280	720	15.0	86	h264	5.733333	1349659	1883245	Lavf58.76.100	EV录屏3.9.7软件录制	本视频由湖南一唯信息科技开发的EV录屏软件录制，www.ieway.cn	
train/normal/videos/TR01943.mp4	train	normal	TR01943	1280	720	15.0	85	h264	5.666667	922848	1302844	Lavf58.76.100	EV录屏3.9.7软件录制	本视频由湖南一唯信息科技开发的EV录屏软件录制，www.ieway.cn	
train/normal/videos/TR01944.mp4	train	normal	TR01944	1280	720	15.0	375	h264	25.000000	1152630	368841	Lavf58.76.100			0
train/normal/videos/TR01945.mp4	train	normal	TR01945	1280	720	15.0	84	h264	5.600000	1987384	2839120	Lavf58.76.100	EV录屏3.9.7软件录制	本视频由湖南一唯信息科技开发的EV录屏软件录制，www.ieway.cn	
train/normal/videos/TR01946.mp4	train	normal	TR01946	1280	720	15.0	171	h264	11.400000	3332763	2338781	Lavf58.76.100			
train/normal/videos/TR01947.mp4	train	normal	TR01947	1280	720	15.0	375	h264	25.000000	2523902	807648	Lavf58.76.100			0
train/normal/videos/TR01948.mp4	train	normal	TR01948	1280	720	15.0	280	h264	18.666667	2364937	1013544	Lavf58.76.100			0
train/normal/videos/TR01949.mp4	train	normal	TR01949	1280	720	15.0	86	h264	5.733333	779746	1088017	Lavf58.76.100	EV录屏3.9.7软件录制	本视频由湖南一唯信息科技开发的EV录屏软件录制，www.ieway.cn	
train/normal/videos/TR01950.mp4	train	normal	TR01950	1280	720	15.0	375	h264	25.000000	2483454	794705	Lavf58.76.100			0
train/normal/videos/TR01951.mp4	train	normal	TR01951	1280	720	15.0	375	h264	25.000000	6505356	2081713	Lavf58.76.100			0
train/normal/videos/TR01952.mp4	train	normal	TR01952	1280	720	15.0	86	h264	5.733333	828180	1155600	Lavf58.76.100	EV录屏3.9.7软件录制	本视频由湖南一唯信息科技开发的EV录屏软件录制，www.ieway.cn	
train/normal/videos/TR01953.mp4	train	normal	TR01953	1280	720	15.0	375	h264	25.000000	1348592	431549	Lavf58.76.100			0
train/normal/videos/TR01954.mp4	train	normal	TR01954	1280	720	15.0	375	h264	25.000000	4186803	1339776	Lavf58.76.100			
train/normal/videos/TR01955.mp4	train	normal	TR01955	1280	720	15.0	375	h264	25.000000	5608558	1794738	Lavf58.76.100			0
train/normal/videos/TR01956.mp4	train	normal	TR01956	1280	720	15.0	375	h264	25.000000	864875	276760	Lavf58.76.100			0
train/normal/videos/TR01957.mp4	train	normal	TR01957	1280	720	15.0	375	h264	25.000000	957176	306296	Lavf58.76.100			0
train/normal/videos/TR01958.mp4	train	normal	TR01958	1280	720	15.0	375	h264	25.000000	2496748	798959	Lavf58.76.100			0
train/normal/videos/TR01959.mp4	train	normal	TR01959	1280	720	15.0	375	h264	25.000000	1358621	434758	Lavf58.76.100			0
train/normal/videos/TR01960.mp4	train	normal	TR01960	1280	720	15.0	226	h264	15.066667	921530	489307	Lavf58.76.100			
train/normal/videos/TR01961.mp4	train	normal	TR01961	1280	720	15.0	86	h264	5.733333	1039552	1450537	Lavf58.76.100	EV录屏3.9.7软件录制	本视频由湖南一唯信息科技开发的EV录屏软件录制，www.ieway.cn	
train/normal/videos/TR01962.mp4	train	normal	TR01962	1280	720	15.0	50	h264	3.333333	1145945	2750268	Lavf58.76.100			
train/normal/videos/TR01963.mp4	train	normal	TR01963	1280	720	15.0	375	h264	25.000000	1972612	631235	Lavf58.76.100			0
train/normal/videos/TR01964.mp4	train	normal	TR01964	1280	720	15.0	375	h264	25.000000	1297794	415294	Lavf58.76.100			0
train/normal/videos/TR01965.mp4	train	normal	TR01965	1280	720	15.0	375	h264	25.000000	1770405	566529	Lavf58.76.100			0
train/normal/videos/TR01966.mp4	train	normal	TR01966	1280	720	15.0	202	h264	13.466667	3327099	1976494	Lavf58.76.100			
train/normal/videos/TR01967.mp4	train	normal	TR01967	1280	720	15.0	375	h264	25.000000	7378653	2361168	Lavf58.76.100			
train/normal/videos/TR01968.mp4	train	normal	TR01968	1280	720	15.0	86	h264	5.733333	484146	675552	Lavf58.76.100	EV录屏3.9.7软件录制	本视频由湖南一唯信息科技开发的EV录屏软件录制，www.ieway.cn	
train/normal/videos/TR01969.mp4	train	normal	TR01969	1280	720	15.0	84	h264	5.600000	646354	923362	Lavf58.76.100	EV录屏3.9.7软件录制	本视频由湖南一唯信息科技开发的EV录屏软件录制，www.ieway.cn	
train/normal/videos/TR01970.mp4	train	normal	TR01970	1280	720	15.0	161	h264	10.733333	1171772	873370	Lavf58.76.100			
train/normal/videos/TR01971.mp4	train	normal	TR01971	1280	720	15.0	32	h264	2.133333	526041	1972654	Lavf58.76.100			
train/normal/videos/TR01972.mp4	train	normal	TR01972	1280	720	15.0	178	h264	11.866667	995193	670916	Lavf58.76.100			
train/normal/videos/TR01973.mp4	train	normal	TR01973	1280	720	15.0	178	h264	11.866667	1622669	1093934	Lavf58.76.100			
train/normal/videos/TR01974.mp4	train	normal	TR01974	1280	720	15.0	85	h264	5.666667	788984	1113859	Lavf58.76.100	EV录屏3.9.7软件录制	本视频由湖南一唯信息科技开发的EV录屏软件录制，www.ieway.cn	
train/normal/videos/TR01975.mp4	train	normal	TR01975	1280	720	15.0	86	h264	5.733333	406780	567600	Lavf58.76.100	EV录屏3.9.7软件录制	本视频由湖南一唯信息科技开发的EV录屏软件录制，www.ieway.cn	
train/normal/videos/TR01976.mp4	train	normal	TR01976	1280	720	15.0	375	h264	25.000000	10163748	3252399	Lavf58.76.100			
train/normal/videos/TR01977.mp4	train	normal	TR01977	1280	720	15.0	83	h264	5.533333	1615148	2335153	Lavf58.76.100	EV录屏3.9.7软件录制	本视频由湖南一唯信息科技开发的EV录屏软件录制，www.ieway.cn	
train/normal/videos/TR01978.mp4	train	normal	TR01978	1280	720	15.0	375	h264	25.000000	1636177	523576	Lavf58.76.100			0
train/normal/videos/TR01979.mp4	train	normal	TR01979	1280	720	15.0	375	h264	25.000000	1037846	332110	Lavf58.76.100			0
train/normal/videos/TR01980.mp4	train	normal	TR01980	1280	720	15.0	86	h264	5.733333	1325178	1849085	Lavf58.76.100	EV录屏3.9.7软件录制	本视频由湖南一唯信息科技开发的EV录屏软件录制，www.ieway.cn	
train/normal/videos/TR01981.mp4	train	normal	TR01981	1280	720	15.0	85	h264	5.666667	637449	899927	Lavf58.76.100	EV录屏3.9.7软件录制	本视频由湖南一唯信息科技开发的EV录屏软件录制，www.ieway.cn	
train/normal/videos/TR01982.mp4	train	normal	TR01982	1280	720	15.0	85	h264	5.666667	2452562	3462440	Lavf58.76.100	EV录屏3.9.7软件录制	本视频由湖南一唯信息科技开发的EV录屏软件录制，www.ieway.cn	
train/normal/videos/TR01983.mp4	train	normal	TR01983	1280	720	10.0	58	h264	5.800000	5741456	7919249	Lavf58.76.100			
train/normal/videos/TR01984.mp4	train	normal	TR01984	1280	720	15.0	85	h264	5.666667	1164054	1643370	Lavf58.76.100	EV录屏3.9.7软件录制	本视频由湖南一唯信息科技开发的EV录屏软件录制，www.ieway.cn	
train/normal/videos/TR01985.mp4	train	normal	TR01985	1280	720	15.0	375	h264	25.000000	1133167	362613	Lavf58.76.100			0
train/normal/videos/TR01986.mp4	train	normal	TR01986	1280	720	15.0	201	h264	13.400000	1158817	691831	Lavf58.76.100			
train/normal/videos/TR01987.mp4	train	normal	TR01987	1280	720	15.0	227	h264	15.133333	2301612	1216711	Lavf58.76.100			
train/normal/videos/TR01988.mp4	train	normal	TR01988	1280	720	15.0	86	h264	5.733333	1223495	1707202	Lavf58.76.100	EV录屏3.9.7软件录制	本视频由湖南一唯信息科技开发的EV录屏软件录制，www.ieway.cn	
train/normal/videos/TR01989.mp4	train	normal	TR01989	1280	720	15.0	375	h264	25.000000	1425169	456054	Lavf58.76.100			0
train/normal/videos/TR01990.mp4	train	normal	TR01990	1280	720	15.0	179	h264	11.933333	1606522	1076998	Lavf58.76.100			
train/normal/videos/TR01991.mp4	train	normal	TR01991	1280	720	15.0	375	h264	25.000000	1998020	639366	Lavf58.76.100			0
train/normal/videos/TR01992.mp4	train	normal	TR01992	1280	720	15.0	201	h264	13.400000	1074872	641714	Lavf58.76.100			
train/normal/videos/TR01993.mp4	train	normal	TR01993	1280	720	15.0	227	h264	15.133333	2689635	1421833	Lavf58.76.100			
train/normal/videos/TR01994.mp4	train	normal	TR01994	1280	720	15.0	201	h264	13.400000	1154840	689456	Lavf58.76.100			
train/normal/videos/TR01995.mp4	train	normal	TR01995	1280	720	15.0	151	h264	10.066667	871072	692242	Lavf58.76.100			
train/normal/videos/TR01996.mp4	train	normal	TR01996	1280	720	15.0	375	h264	25.000000	4049479	1295833	Lavf58.76.100			0
train/normal/videos/TR01997.mp4	train	normal	TR01997	1280	720	15.0	375	h264	25.000000	1380854	441873	Lavf58.76.100			0
train/normal/videos/TR01998.mp4	train	normal	TR01998	1280	720	15.0	375	h264	25.000000	2265880	725081	Lavf58.76.100			0
train/normal/videos/TR01999.mp4	train	normal	TR01999	1280	720	15.0	85	h264	5.666667	1063594	1501544	Lavf58.76.100	EV录屏3.9.7软件录制	本视频由湖南一唯信息科技开发的EV录屏软件录制，www.ieway.cn	
train/normal/videos/TR02000.mp4	train	normal	TR02000	1280	720	15.0	375	h264	25.000000	12332314	3946340	Lavf58.76.100			
train/normal/videos/TR02001.mp4	train	normal	TR02001	1280	720	15.0	375	h264	25.000000	1747444	559182	Lavf58.76.100			0
train/normal/videos/TR02002.mp4	train	normal	TR02002	1280	720	15.0	375	h264	25.000000	2397194	767102	Lavf58.76.100			0
train/normal/videos/TR02003.mp4	train	normal	TR02003	1280	720	15.0	375	h264	25.000000	1509567	483061	Lavf58.76.100			0
train/normal/videos/TR02004.mp4	train	normal	TR02004	1280	720	15.0	86	h264	5.733333	734796	1025296	Lavf58.76.100	EV录屏3.9.7软件录制	本视频由湖南一唯信息科技开发的EV录屏软件录制，www.ieway.cn	
train/normal/videos/TR02005.mp4	train	normal	TR02005	1280	720	15.0	86	h264	5.733333	1241005	1731634	Lavf58.76.100	EV录屏3.9.7软件录制	本视频由湖南一唯信息科技开发的EV录屏软件录制，www.ieway.cn	
train/normal/videos/TR02006.mp4	train	normal	TR02006	1280	720	15.0	375	h264	25.000000	10113371	3236278	Lavf58.76.100			0
train/normal/videos/TR02007.mp4	train	normal	TR02007	1280	720	15.0	375	h264	25.000000	922211	295107	Lavf58.76.100			0
train/normal/videos/TR02008.mp4	train	normal	TR02008	1280	720	15.0	253	h264	16.866667	2049451	972071	Lavf58.76.100			
train/normal/videos/TR02009.mp4	train	normal	TR02009	1280	720	15.0	86	h264	5.733333	1385551	1933327	Lavf58.76.100	EV录屏3.9.7软件录制	本视频由湖南一唯信息科技开发的EV录屏软件录制，www.ieway.cn	
train/normal/videos/TR02010.mp4	train	normal	TR02010	1280	720	15.0	15	h264	1.000000	109916	879328	Lavf58.76.100			
train/normal/videos/TR02011.mp4	train	normal	TR02011	1280	720	15.0	88	h264	5.866667	2710192	3695716	Lavf58.76.100	EV录屏3.9.7软件录制	本视频由湖南一唯信息科技开发的EV录屏软件录制，www.ieway.cn	
train/normal/videos/TR02012.mp4	train	normal	TR02012	1280	720	15.0	375	h264	25.000000	4561081	1459545	Lavf58.76.100			0
train/normal/videos/TR02013.mp4	train	normal	TR02013	1280	720	15.0	222	h264	14.800000	1491325	806121	Lavf58.76.100			0
train/normal/videos/TR02014.mp4	train	normal	TR02014	1280	720	15.0	84	h264	5.600000	1167510	1667871	Lavf58.76.100	EV录屏3.9.7软件录制	本视频由湖南一唯信息科技开发的EV录屏软件录制，www.ieway.cn	
train/normal/videos/TR02015.mp4	train	normal	TR02015	1280	720	15.0	375	h264	25.000000	3221796	1030974	Lavf58.76.100			0
train/normal/videos/TR02016.mp4	train	normal	TR02016	1280	720	15.0	84	h264	5.600000	386249	551784	Lavf58.76.100	EV录屏3.9.7软件录制	本视频由湖南一唯信息科技开发的EV录屏软件录制，www.ieway.cn	
train/normal/videos/TR02017.mp4	train	normal	TR02017	1280	720	15.0	85	h264	5.666667	1674747	2364348	Lavf58.76.100	EV录屏3.9.7软件录制	本视频由湖南一唯信息科技开发的EV录屏软件录制，www.ieway.cn	
train/normal/videos/TR02018.mp4	train	normal	TR02018	1280	720	15.0	375	h264	25.000000	504774	161527	Lavf58.76.100			0
train/normal/videos/TR02019.mp4	train	normal	TR02019	1280	720	15.0	86	h264	5.733333	2341634	3267396	Lavf58.76.100	EV录屏3.9.7软件录制	本视频由湖南一唯信息科技开发的EV录屏软件录制，www.ieway.cn	
train/normal/videos/TR02020.mp4	train	normal	TR02020	1280	720	15.0	38	h264	2.533333	686547	2168043	Lavf58.76.100			
train/normal/videos/TR02021.mp4	train	normal	TR02021	1280	720	15.0	375	h264	25.000000	1621032	518730	Lavf58.76.100			0
train/normal/videos/TR02022.mp4	train	normal	TR02022	1280	720	15.0	375	h264	25.000000	3038418	972293	Lavf58.76.100			0
train/normal/videos/TR02023.mp4	train	normal	TR02023	1280	720	15.0	226	h264	15.066667	1329914	706149	Lavf58.76.100			
train/normal/videos/TR02024.mp4	train	normal	TR02024	1280	720	15.0	178	h264	11.866667	1111205	749126	Lavf58.76.100			0
train/normal/videos/TR02025.mp4	train	normal	TR02025	1280	720	15.0	253	h264	16.866667	2389048	1133145	Lavf58.76.100			
train/normal/videos/TR02026.mp4	train	normal	TR02026	1280	720	15.0	285	h264	19.000000	2744876	1155737	Lavf58.76.100			0
train/normal/videos/TR02027.mp4	train	normal	TR02027	1280	720	15.0	375	h264	25.000000	2220038	710412	Lavf58.76.100			0
train/normal/videos/TR02028.mp4	train	normal	TR02028	1280	720	15.0	375	h264	25.000000	5152205	1648705	Lavf58.76.100			
train/normal/videos/TR02029.mp4	train	normal	TR02029	1280	720	15.0	86	h264	5.733333	640601	893861	Lavf58.76.100	EV录屏3.9.7软件录制	本视频由湖南一唯信息科技开发的EV录屏软件录制，www.ieway.cn	
train/normal/videos/TR02030.mp4	train	normal	TR02030	1280	720	15.0	201	h264	13.400000	920308	549437	Lavf58.76.100			
train/normal/videos/TR02031.mp4	train	normal	TR02031	1280	720	15.0	86	h264	5.733333	1112319	1552073	Lavf58.76.100	EV录屏3.9.7软件录制	本视频由湖南一唯信息科技开发的EV录屏软件录制，www.ieway.cn	
train/normal/videos/TR02032.mp4	train	normal	TR02032	1280	720	15.0	178	h264	11.866667	733197	494290	Lavf58.76.100			
train/normal/videos/TR02033.mp4	train	normal	TR02033	1280	720	15.0	201	h264	13.400000	1130120	674698	Lavf58.76.100			
train/normal/videos/TR02034.mp4	train	normal	TR02034	1280	720	15.0	375	h264	25.000000	7532748	2410479	Lavf58.76.100			0
train/normal/videos/TR02035.mp4	train	normal	TR02035	1280	720	15.0	375	h264	25.000000	2663160	852211	Lavf58.76.100			0
train/normal/videos/TR02036.mp4	train	normal	TR02036	1280	720	15.0	201	h264	13.400000	2105719	1257145	Lavf58.76.100			
train/normal/videos/TR02037.mp4	train	normal	TR02037	1280	720	15.0	85	h264	5.666667	894413	1262700	Lavf58.76.100	EV录屏3.9.7软件录制	本视频由湖南一唯信息科技开发的EV录屏软件录制，www.ieway.cn	
train/normal/videos/TR02038.mp4	train	normal	TR02038	1280	720	15.0	375	h264	25.000000	1241388	397244	Lavf58.76.100			0
train/normal/videos/TR02039.mp4	train	normal	TR02039	1280	720	15.0	375	h264	25.000000	2168124	693799	Lavf58.76.100			0
train/normal/videos/TR02040.mp4	train	normal	TR02040	1280	720	15.0	375	h264	25.000000	1166176	373176	Lavf58.76.100			0
train/normal/videos/TR02041.mp4	train	normal	TR02041	1280	720	15.0	450	h264	30.000000	9925691	2646850	Lavf58.76.100		DE=None,SN=1SFLJC70AL0660, Type=Normal, HQ=Normal, Mode=P	
train/normal/videos/TR02042.mp4	train	normal	TR02042	1280	720	15.0	375	h264	25.000000	616793	197373	Lavf58.76.100			0
train/normal/videos/TR02043.mp4	train	normal	TR02043	1280	720	15.0	252	h264	16.800000	1474026	701917	Lavf58.76.100			
train/normal/videos/TR02044.mp4	train	normal	TR02044	1280	720	15.0	85	h264	5.666667	1277212	1803122	Lavf58.76.100	EV录屏3.9.7软件录制	本视频由湖南一唯信息科技开发的EV录屏软件录制，www.ieway.cn	
train/normal/videos/TR02045.mp4	train	normal	TR02045	1280	720	15.0	375	h264	25.000000	1331380	426041	Lavf58.76.100			0
train/normal/videos/TR02046.mp4	train	normal	TR02046	1280	720	15.0	223	h264	14.866667	1348939	725886	Lavf58.76.100			
train/normal/videos/TR02047.mp4	train	normal	TR02047	1280	720	10.0	34	h264	3.400000	3901993	9181160	Lavf58.76.100			
train/normal/videos/TR02048.mp4	train	normal	TR02048	1280	720	15.0	375	h264	25.000000	1679361	537395	Lavf58.76.100			0
train/normal/videos/TR02049.mp4	train	normal	TR02049	1280	720	15.0	85	h264	5.666667	708582	1000350	Lavf58.76.100	EV录屏3.9.7软件录制	本视频由湖南一唯信息科技开发的EV录屏软件录制，www.ieway.cn	
train/normal/videos/TR02050.mp4	train	normal	TR02050	1280	720	15.0	304	h264	20.266667	3246094	1281352	Lavf58.76.100			
train/normal/videos/TR02051.mp4	train	normal	TR02051	1280	720	15.0	375	h264	25.000000	3579658	1145490	Lavf58.76.100			0
train/normal/videos/TR02052.mp4	train	normal	TR02052	1280	720	15.0	181	h264	12.066667	2262077	1499719	Lavf58.76.100			
train/normal/videos/TR02053.mp4	train	normal	TR02053	1280	720	15.0	253	h264	16.866667	1688216	800734	Lavf58.76.100			
train/normal/videos/TR02054.mp4	train	normal	TR02054	1280	720	15.0	86	h264	5.733333	273349	381417	Lavf58.76.100	EV录屏3.9.7软件录制	本视频由湖南一唯信息科技开发的EV录屏软件录制，www.ieway.cn	
train/normal/videos/TR02055.mp4	train	normal	TR02055	1280	720	15.0	375	h264	25.000000	11230994	3593918	Lavf58.76.100			
train/normal/videos/TR02056.mp4	train	normal	TR02056	1280	720	15.0	375	h264	25.000000	1876228	600392	Lavf58.76.100			0
train/normal/videos/TR02057.mp4	train	normal	TR02057	1280	720	15.0	375	h264	25.000000	4908500	1570720	Lavf58.76.100			0
train/normal/videos/TR02058.mp4	train	normal	TR02058	1280	720	15.0	202	h264	13.466667	2149828	1277125	Lavf58.76.100			
train/normal/videos/TR02059.mp4	train	normal	TR02059	1280	720	15.0	375	h264	25.000000	1205475	385752	Lavf58.76.100			0
train/normal/videos/TR02060.mp4	train	normal	TR02060	1280	720	15.0	157	h264	10.466667	1161077	887447	Lavf58.76.100			
train/normal/videos/TR02061.mp4	train	normal	TR02061	1280	720	15.0	375	h264	25.000000	708357	226674	Lavf58.76.100			0
train/normal/videos/TR02062.mp4	train	normal	TR02062	1280	720	15.0	84	h264	5.600000	1503718	2148168	Lavf58.76.100	EV录屏3.9.7软件录制	本视频由湖南一唯信息科技开发的EV录屏软件录制，www.ieway.cn	
train/normal/videos/TR02063.mp4	train	normal	TR02063	1280	720	15.0	86	h264	5.733333	1139054	1589377	Lavf58.76.100	EV录屏3.9.7软件录制	本视频由湖南一唯信息科技开发的EV录屏软件录制，www.ieway.cn	
train/normal/videos/TR02064.mp4	train	normal	TR02064	1280	720	15.0	375	h264	25.000000	696803	222976	Lavf58.76.100			0
train/normal/videos/TR02065.mp4	train	normal	TR02065	1280	720	15.0	86	h264	5.733333	891445	1243876	Lavf58.76.100	EV录屏3.9.7软件录制	本视频由湖南一唯信息科技开发的EV录屏软件录制，www.ieway.cn	
train/normal/videos/TR02066.mp4	train	normal	TR02066	1280	720	15.0	375	h264	25.000000	826461	264467	Lavf58.76.100			0
train/normal/videos/TR02067.mp4	train	normal	TR02067	1280	720	15.0	84	h264	5.600000	1342096	1917280	Lavf58.76.100	EV录屏3.9.7软件录制	本视频由湖南一唯信息科技开发的EV录屏软件录制，www.ieway.cn	
train/normal/videos/TR02068.mp4	train	normal	TR02068	1280	720	15.0	199	h264	13.266667	1013245	611001	Lavf58.76.100			
train/normal/videos/TR02069.mp4	train	normal	TR02069	1280	720	15.0	375	h264	25.000000	2442322	781543	Lavf58.76.100			0
train/normal/videos/TR02070.mp4	train	normal	TR02070	1280	720	15.0	375	h264	25.000000	1996587	638907	Lavf58.76.100			0
train/normal/videos/TR02071.mp4	train	normal	TR02071	1280	720	15.0	86	h264	5.733333	1026678	1432574	Lavf58.76.100	EV录屏3.9.7软件录制	本视频由湖南一唯信息科技开发的EV录屏软件录制，www.ieway.cn	
train/normal/videos/TR02072.mp4	train	normal	TR02072	1280	720	15.0	375	h264	25.000000	1774402	567808	Lavf58.76.100			0
train/normal/videos/TR02073.mp4	train	normal	TR02073	1280	720	15.0	375	h264	25.000000	816445	261262	Lavf58.76.100			0
train/normal/videos/TR02074.mp4	train	normal	TR02074	1280	720	15.0	375	h264	25.000000	2298211	735427	Lavf58.76.100			0
train/normal/videos/TR02075.mp4	train	normal	TR02075	1280	720	15.0	85	h264	5.666667	909520	1284028	Lavf58.76.100	EV录屏3.9.7软件录制	本视频由湖南一唯信息科技开发的EV录屏软件录制，www.ieway.cn	
train/normal/videos/TR02076.mp4	train	normal	TR02076	1280	720	15.0	375	h264	25.000000	952904	304929	Lavf58.76.100			0
train/normal/videos/TR02077.mp4	train	normal	TR02077	1280	720	15.0	375	h264	25.000000	1935945	619502	Lavf58.76.100			0
train/normal/videos/TR02078.mp4	train	normal	TR02078	1280	720	15.0	375	h264	25.000000	3696044	1182734	Lavf58.76.100			0
train/normal/videos/TR02079.mp4	train	normal	TR02079	1280	720	15.0	375	h264	25.000000	1274794	407934	Lavf58.76.100			0
train/normal/videos/TR02080.mp4	train	normal	TR02080	1280	720	15.0	375	h264	25.000000	984330	314985	Lavf58.76.100			0
train/normal/videos/TR02081.mp4	train	normal	TR02081	1280	720	15.0	450	h264	30.000000	12019401	3205173	Lavf58.76.100		DE=None,SN=1SFLJC70AL0660, Type=Normal, HQ=Normal, Mode=P	
train/normal/videos/TR02082.mp4	train	normal	TR02082	1280	720	15.0	450	h264	30.000000	7566935	2017849	Lavf58.76.100		DE=None,SN=1SFLJC70AL0660, Type=Normal, HQ=Normal, Mode=P	
train/normal/videos/TR02083.mp4	train	normal	TR02083	1280	720	15.0	375	h264	25.000000	4273130	1367401	Lavf58.76.100			0
train/normal/videos/TR02084.mp4	train	normal	TR02084	1280	720	15.0	375	h264	25.000000	3072558	983218	Lavf58.76.100			0
train/normal/videos/TR02085.mp4	train	normal	TR02085	1280	720	15.0	313	h264	20.866667	1475495	565684	Lavf58.76.100			0
train/normal/videos/TR02086.mp4	train	normal	TR02086	1280	720	15.0	84	h264	5.600000	956958	1367082	Lavf58.76.100	EV录屏3.9.7软件录制	本视频由湖南一唯信息科技开发的EV录屏软件录制，www.ieway.cn	
train/normal/videos/TR02087.mp4	train	normal	TR02087	1280	720	15.0	85	h264	5.666667	1635964	2309596	Lavf58.76.100	EV录屏3.9.7软件录制	本视频由湖南一唯信息科技开发的EV录屏软件录制，www.ieway.cn	
train/normal/videos/TR02088.mp4	train	normal	TR02088	1280	720	15.0	38	h264	2.533333	273474	863602	Lavf58.76.100			
train/normal/videos/TR02089.mp4	train	normal	TR02089	1280	720	15.0	375	h264	25.000000	2778223	889031	Lavf58.76.100			0
train/normal/videos/TR02090.mp4	train	normal	TR02090	1280	720	15.0	375	h264	25.000000	4184031	1338889	Lavf58.76.100			0
train/normal/videos/TR02091.mp4	train	normal	TR02091	1280	720	15.0	202	h264	13.466667	2059074	1223212	Lavf58.76.100			
train/normal/videos/TR02092.mp4	train	normal	TR02092	1280	720	15.0	228	h264	15.200000	1105374	581775	Lavf58.76.100			
train/normal/videos/TR02093.mp4	train	normal	TR02093	1280	720	15.0	255	h264	17.000000	1233743	580584	Lavf58.76.100			0
train/normal/videos/TR02094.mp4	train	normal	TR02094	1280	720	15.0	375	h264	25.000000	841740	269356	Lavf58.76.100			0
train/normal/videos/TR02095.mp4	train	normal	TR02095	1280	720	15.0	375	h264	25.000000	2973048	951375	Lavf58.76.100			0
train/normal/videos/TR02096.mp4	train	normal	TR02096	1280	720	15.0	375	h264	25.000000	1866496	597278	Lavf58.76.100			0
train/normal/videos/TR02097.mp4	train	normal	TR02097	1280	720	15.0	263	h264	17.533333	2288148	1044021	Lavf58.76.100			
train/normal/videos/TR02098.mp4	train	normal	TR02098	1280	720	15.0	244	h264	16.266667	1082849	532548	Lavf58.76.100			
train/normal/videos/TR02099.mp4	train	normal	TR02099	1280	720	15.0	375	h264	25.000000	6271370	2006838	Lavf58.76.100			
train/normal/videos/TR02100.mp4	train	normal	TR02100	1280	720	15.0	375	h264	25.000000	2377238	760716	Lavf58.76.100			0
train/normal/videos/TR02101.mp4	train	normal	TR02101	1280	720	15.0	84	h264	5.600000	943125	1347321	Lavf58.76.100	EV录屏3.9.7软件录制	本视频由湖南一唯信息科技开发的EV录屏软件录制，www.ieway.cn	
train/normal/videos/TR02102.mp4	train	normal	TR02102	1280	720	15.0	375	h264	25.000000	4325192	1384061	Lavf58.76.100			
train/normal/videos/TR02103.mp4	train	normal	TR02103	1280	720	15.0	375	h264	25.000000	3530842	1129869	Lavf58.76.100			
train/normal/videos/TR02104.mp4	train	normal	TR02104	1280	720	15.0	450	h264	30.000000	9819499	2618533	Lavf58.76.100		DE=None,SN=1SFLJC70AL0660, Type=Normal, HQ=Normal, Mode=P	
train/normal/videos/TR02105.mp4	train	normal	TR02105	1280	720	15.0	375	h264	25.000000	1567386	501563	Lavf58.76.100			0
train/normal/videos/TR02106.mp4	train	normal	TR02106	1280	720	15.0	253	h264	16.866667	2652673	1258184	Lavf58.76.100			
train/normal/videos/TR02107.mp4	train	normal	TR02107	1280	720	15.0	375	h264	25.000000	1453925	465256	Lavf58.76.100			0
train/normal/videos/TR02108.mp4	train	normal	TR02108	1280	720	15.0	375	h264	25.000000	1287291	411933	Lavf58.76.100			0
train/normal/videos/TR02109.mp4	train	normal	TR02109	1280	720	15.0	375	h264	25.000000	853368	273077	Lavf58.76.100			0
train/normal/videos/TR02110.mp4	train	normal	TR02110	1280	720	15.0	375	h264	25.000000	3994652	1278288	Lavf58.76.100			
train/normal/videos/TR02111.mp4	train	normal	TR02111	1280	720	15.0	375	h264	25.000000	2310786	739451	Lavf58.76.100			0
train/normal/videos/TR02112.mp4	train	normal	TR02112	1280	720	15.0	375	h264	25.000000	1193996	382078	Lavf58.76.100			0
train/normal/videos/TR02113.mp4	train	normal	TR02113	1280	720	15.0	220	h264	14.666667	1278299	697253	Lavf58.76.100			
train/normal/videos/TR02114.mp4	train	normal	TR02114	1280	720	15.0	247	h264	16.466667	1217717	591603	Lavf58.76.100			
train/normal/videos/TR02115.mp4	train	normal	TR02115	1280	720	15.0	87	h264	5.800000	1075944	1484060	Lavf58.76.100	EV录屏3.9.7软件录制	本视频由湖南一唯信息科技开发的EV录屏软件录制，www.ieway.cn	
train/normal/videos/TR02116.mp4	train	normal	TR02116	1280	720	15.0	84	h264	5.600000	906956	1295651	Lavf58.76.100	EV录屏3.9.7软件录制	本视频由湖南一唯信息科技开发的EV录屏软件录制，www.ieway.cn	
train/normal/videos/TR02117.mp4	train	normal	TR02117	1280	720	15.0	375	h264	25.000000	1089695	348702	Lavf58.76.100			0
train/normal/videos/TR02118.mp4	train	normal	TR02118	1280	720	15.0	375	h264	25.000000	2455632	785802	Lavf58.76.100			0
train/normal/videos/TR02119.mp4	train	normal	TR02119	1280	720	15.0	375	h264	25.000000	2033897	650847	Lavf58.76.100			0
train/normal/videos/TR02120.mp4	train	normal	TR02120	1280	720	15.0	199	h264	13.266667	929768	560664	Lavf58.76.100			
train/normal/videos/TR02121.mp4	train	normal	TR02121	1280	720	15.0	375	h264	25.000000	871743	278957	Lavf58.76.100			0
train/normal/videos/TR02122.mp4	train	normal	TR02122	1280	720	15.0	375	h264	25.000000	2419647	774287	Lavf58.76.100			0
train/normal/videos/TR02123.mp4	train	normal	TR02123	1280	720	15.0	375	h264	25.000000	1572764	503284	Lavf58.76.100			0
train/normal/videos/TR02124.mp4	train	normal	TR02124	1280	720	15.0	239	h264	15.933333	1996139	1002245	Lavf58.76.100			
train/normal/videos/TR02125.mp4	train	normal	TR02125	1280	720	15.0	375	h264	25.000000	3841067	1229141	Lavf58.76.100			0
train/normal/videos/TR02126.mp4	train	normal	TR02126	1280	720	15.0	86	h264	5.733333	680221	949145	Lavf58.76.100	EV录屏3.9.7软件录制	本视频由湖南一唯信息科技开发的EV录屏软件录制，www.ieway.cn	
train/normal/videos/TR02127.mp4	train	normal	TR02127	1280	720	15.0	275	h264	18.333333	7156532	3122850	Lavf58.76.100		DE=None,SN=1SFLJC70AL0660, Type=Normal, HQ=Normal, Mode=P	
train/normal/videos/TR02128.mp4	train	normal	TR02128	1280	720	15.0	375	h264	25.000000	7576540	2424492	Lavf58.76.100			
train/normal/videos/TR02129.mp4	train	normal	TR02129	1280	720	15.0	85	h264	5.666667	1717565	2424797	Lavf58.76.100	EV录屏3.9.7软件录制	本视频由湖南一唯信息科技开发的EV录屏软件录制，www.ieway.cn	
train/normal/videos/TR02130.mp4	train	normal	TR02130	1280	720	15.0	375	h264	25.000000	1889387	604603	Lavf58.76.100			0
train/normal/videos/TR02131.mp4	train	normal	TR02131	1280	720	15.0	203	h264	13.533333	913780	540165	Lavf58.76.100			
train/normal/videos/TR02132.mp4	train	normal	TR02132	1280	720	15.0	375	h264	25.000000	5650420	1808134	Lavf58.76.100			
train/normal/videos/TR02133.mp4	train	normal	TR02133	1280	720	15.0	375	h264	25.000000	1526538	488492	Lavf58.76.100			0
train/normal/videos/TR02134.mp4	train	normal	TR02134	1280	720	15.0	375	h264	25.000000	7285918	2331493	Lavf58.76.100			
train/normal/videos/TR02135.mp4	train	normal	TR02135	1280	720	15.0	375	h264	25.000000	652438	208780	Lavf58.76.100			0
train/normal/videos/TR02136.mp4	train	normal	TR02136	1280	720	15.0	86	h264	5.733333	3805540	5310056	Lavf58.76.100	EV录屏3.9.7软件录制	本视频由湖南一唯信息科技开发的EV录屏软件录制，www.ieway.cn	
train/normal/videos/TR02137.mp4	train	normal	TR02137	1280	720	15.0	359	h264	23.933333	1881003	628747	Lavf58.76.100			0
train/normal/videos/TR02138.mp4	train	normal	TR02138	1280	720	10.0	101	h264	10.100000	18568541	14707755	Lavf58.76.100			
train/normal/videos/TR02139.mp4	train	normal	TR02139	1280	720	15.0	84	h264	5.600000	852819	1218312	Lavf58.76.100	EV录屏3.9.7软件录制	本视频由湖南一唯信息科技开发的EV录屏软件录制，www.ieway.cn	
train/normal/videos/TR02140.mp4	train	normal	TR02140	1280	720	15.0	85	h264	5.666667	967843	1366366	Lavf58.76.100	EV录屏3.9.7软件录制	本视频由湖南一唯信息科技开发的EV录屏软件录制，www.ieway.cn	
train/normal/videos/TR02141.mp4	train	normal	TR02141	1280	720	15.0	258	h264	17.200000	1853655	862165	Lavf58.76.100			0
train/normal/videos/TR02142.mp4	train	normal	TR02142	1280	720	15.0	85	h264	5.666667	1621155	2288689	Lavf58.76.100	EV录屏3.9.7软件录制	本视频由湖南一唯信息科技开发的EV录屏软件录制，www.ieway.cn	
train/normal/videos/TR02143.mp4	train	normal	TR02143	1280	720	15.0	177	h264	11.800000	923817	626316	Lavf58.76.100			
train/normal/videos/TR02144.mp4	train	normal	TR02144	1280	720	15.0	375	h264	25.000000	7831853	2506192	Lavf58.76.100			
train/normal/videos/TR02145.mp4	train	normal	TR02145	1280	720	10.0	47	h264	4.700000	5432182	9246267	Lavf58.76.100			
train/normal/videos/TR02146.mp4	train	normal	TR02146	1280	720	15.0	375	h264	25.000000	829047	265295	Lavf58.76.100			0
train/normal/videos/TR02147.mp4	train	normal	TR02147	1280	720	15.0	375	h264	25.000000	2646100	846752	Lavf58.76.100			0
train/normal/videos/TR02148.mp4	train	normal	TR02148	1280	720	15.0	375	h264	25.000000	2016614	645316	Lavf58.76.100			0
train/normal/videos/TR02149.mp4	train	normal	TR02149	1280	720	15.0	375	h264	25.000000	1443521	461926	Lavf58.76.100			0
train/normal/videos/TR02150.mp4	train	normal	TR02150	1280	720	15.0	375	h264	25.000000	3153837	1009227	Lavf58.76.100			0
train/normal/videos/TR02151.mp4	train	normal	TR02151	1280	720	15.0	255	h264	17.000000	982213	462217	Lavf58.76.100			0
train/normal/videos/TR02152.mp4	train	normal	TR02152	1280	720	15.0	86	h264	5.733333	993100	1385721	Lavf58.76.100	EV录屏3.9.7软件录制	本视频由湖南一唯信息科技开发的EV录屏软件录制，www.ieway.cn	
train/normal/videos/TR02153.mp4	train	normal	TR02153	1280	720	15.0	157	h264	10.466667	302286	231046	Lavf58.76.100			0
train/normal/videos/TR02154.mp4	train	normal	TR02154	1280	720	15.0	375	h264	25.000000	2593128	829800	Lavf58.76.100			0
train/normal/videos/TR02155.mp4	train	normal	TR02155	1280	720	15.0	375	h264	25.000000	1133167	362613	Lavf58.76.100			0
train/normal/videos/TR02156.mp4	train	normal	TR02156	1280	720	15.0	35	h264	2.333333	798787	2738698	Lavf58.76.100			
train/normal/videos/TR02157.mp4	train	normal	TR02157	1280	720	15.0	450	h264	30.000000	13856764	3695137	Lavf58.76.100		DE=None,SN=1SFLJC70AL0660, Type=Normal, HQ=Normal, Mode=P	
train/normal/videos/TR02158.mp4	train	normal	TR02158	1280	720	15.0	86	h264	5.733333	872658	1217662	Lavf58.76.100	EV录屏3.9.7软件录制	本视频由湖南一唯信息科技开发的EV录屏软件录制，www.ieway.cn	
train/normal/videos/TR02159.mp4	train	normal	TR02159	1280	720	15.0	86	h264	5.733333	1515309	2114384	Lavf58.76.100	EV录屏3.9.7软件录制	本视频由湖南一唯信息科技开发的EV录屏软件录制，www.ieway.cn	
train/normal/videos/TR02160.mp4	train	normal	TR02160	1280	720	15.0	450	h264	30.000000	14300437	3813449	Lavf58.76.100		DE=None,SN=1SFLJC70AL0660, Type=Normal, HQ=Normal, Mode=P	
train/normal/videos/TR02161.mp4	train	normal	TR02161	1280	720	15.0	375	h264	25.000000	2897252	927120	Lavf58.76.100			0
train/normal/videos/TR02162.mp4	train	normal	TR02162	1280	720	15.0	375	h264	25.000000	1589886	508763	Lavf58.76.100			0
train/normal/videos/TR02163.mp4	train	normal	TR02163	1280	720	15.0	375	h264	25.000000	1845970	590710	Lavf58.76.100			0
train/normal/videos/TR02164.mp4	train	normal	TR02164	1280	720	15.0	85	h264	5.666667	1382337	1951534	Lavf58.76.100	EV录屏3.9.7软件录制	本视频由湖南一唯信息科技开发的EV录屏软件录制，www.ieway.cn	
train/normal/videos/TR02165.mp4	train	normal	TR02165	1280	720	15.0	202	h264	13.466667	1236766	734712	Lavf58.76.100			
train/normal/videos/TR02166.mp4	train	normal	TR02166	1280	720	15.0	375	h264	25.000000	1272208	407106	Lavf58.76.100			0
train/normal/videos/TR02167.mp4	train	normal	TR02167	1280	720	15.0	375	h264	25.000000	2869271	918166	Lavf58.76.100			0
train/normal/videos/TR02168.mp4	train	normal	TR02168	1280	720	15.0	375	h264	25.000000	1159847	371151	Lavf58.76.100			0
train/normal/videos/TR02169.mp4	train	normal	TR02169	1280	720	15.0	375	h264	25.000000	768704	245985	Lavf58.76.100			0
train/normal/videos/TR02170.mp4	train	normal	TR02170	1280	720	15.0	202	h264	13.466667	2259864	1342493	Lavf58.76.100			
train/normal/videos/TR02171.mp4	train	normal	TR02171	1280	720	15.0	375	h264	25.000000	3131212	1001987	Lavf58.76.100			0
train/normal/videos/TR02172.mp4	train	normal	TR02172	1280	720	15.0	84	h264	5.600000	1748493	2497847	Lavf58.76.100	EV录屏3.9.7软件录制	本视频由湖南一唯信息科技开发的EV录屏软件录制，www.ieway.cn	
train/normal/videos/TR02173.mp4	train	normal	TR02173	1280	720	15.0	375	h264	25.000000	1219339	390188	Lavf58.76.100			0
train/normal/videos/TR02174.mp4	train	normal	TR02174	1280	720	15.0	375	h264	25.000000	6057705	1938465	Lavf58.76.100			
train/normal/videos/TR02175.mp4	train	normal	TR02175	1280	720	15.0	375	h264	25.000000	2807133	898282	Lavf58.76.100			0
train/normal/videos/TR02176.mp4	train	normal	TR02176	1280	720	15.0	259	h264	17.266667	2243114	1039280	Lavf58.76.100			
train/normal/videos/TR02177.mp4	train	normal	TR02177	1280	720	15.0	84	h264	5.600000	1744754	2492505	Lavf58.76.100	EV录屏3.9.7软件录制	本视频由湖南一唯信息科技开发的EV录屏软件录制，www.ieway.cn	
train/normal/videos/TR02178.mp4	train	normal	TR02178	1280	720	10.0	162	h264	16.200000	29335787	14486808	Lavf58.76.100			
train/normal/videos/TR02179.mp4	train	normal	TR02179	1280	720	15.0	375	h264	25.000000	706998	226239	Lavf58.76.100			0
train/normal/videos/TR02180.mp4	train	normal	TR02180	1280	720	15.0	30	h264	2.000000	668675	2674700	Lavf58.76.100			
train/normal/videos/TR02181.mp4	train	normal	TR02181	1280	720	15.0	375	h264	25.000000	2459574	787063	Lavf58.76.100			0
train/normal/videos/TR02182.mp4	train	normal	TR02182	1280	720	15.0	86	h264	5.733333	393601	549210	Lavf58.76.100	EV录屏3.9.7软件录制	本视频由湖南一唯信息科技开发的EV录屏软件录制，www.ieway.cn	
train/normal/videos/TR02183.mp4	train	normal	TR02183	1280	720	15.0	375	h264	25.000000	6420409	2054530	Lavf58.76.100			
train/normal/videos/TR02184.mp4	train	normal	TR02184	1280	720	15.0	375	h264	25.000000	2190920	701094	Lavf58.76.100			0
train/normal/videos/TR02185.mp4	train	normal	TR02185	1280	720	15.0	371	h264	24.733333	976424	315824	Lavf58.76.100			0
train/normal/videos/TR02186.mp4	train	normal	TR02186	1280	720	15.0	84	h264	5.600000	801686	1145265	Lavf58.76.100	EV录屏3.9.7软件录制	本视频由湖南一唯信息科技开发的EV录屏软件录制，www.ieway.cn	
train/normal/videos/TR02187.mp4	train	normal	TR02187	1280	720	15.0	375	h264	25.000000	3047657	975250	Lavf58.76.100			0
train/normal/videos/TR02188.mp4	train	normal	TR02188	1280	720	15.0	83	h264	5.533333	638036	922461	Lavf58.76.100	EV录屏3.9.7软件录制	本视频由湖南一唯信息科技开发的EV录屏软件录制，www.ieway.cn	
train/normal/videos/TR02189.mp4	train	normal	TR02189	1280	720	15.0	86	h264	5.733333	894351	1247931	Lavf58.76.100	EV录屏3.9.7软件录制	本视频由湖南一唯信息科技开发的EV录屏软件录制，www.ieway.cn	
train/normal/videos/TR02190.mp4	train	normal	TR02190	1280	720	15.0	85	h264	5.666667	766375	1081941	Lavf58.76.100	EV录屏3.9.7软件录制	本视频由湖南一唯信息科技开发的EV录屏软件录制，www.ieway.cn	
train/normal/videos/TR02191.mp4	train	normal	TR02191	1280	720	15.0	109	h264	7.266667	2223069	2447415	Lavf58.76.100		DE=None,SN=1SFLJC70AL0660, Type=Normal, HQ=Normal, Mode=P	
train/normal/videos/TR02192.mp4	train	normal	TR02192	1280	720	15.0	87	h264	5.800000	761984	1051012	Lavf58.76.100	EV录屏3.9.7软件录制	本视频由湖南一唯信息科技开发的EV录屏软件录制，www.ieway.cn	
train/normal/videos/TR02193.mp4	train	normal	TR02193	1280	720	15.0	375	h264	25.000000	3229787	1033531	Lavf58.76.100			0
train/normal/videos/TR02194.mp4	train	normal	TR02194	1280	720	15.0	450	h264	30.000000	11517527	3071340	Lavf58.76.100		DE=None,SN=1SFLJC70AL0660, Type=Normal, HQ=Normal, Mode=P	
train/normal/videos/TR02195.mp4	train	normal	TR02195	1280	720	15.0	83	h264	5.533333	1049715	1517660	Lavf58.76.100	EV录屏3.9.7软件录制	本视频由湖南一唯信息科技开发的EV录屏软件录制，www.ieway.cn	
train/normal/videos/TR02196.mp4	train	normal	TR02196	1280	720	15.0	112	h264	7.466667	273239	292756	Lavf58.76.100			0
train/normal/videos/TR02197.mp4	train	normal	TR02197	1280	720	10.0	70	h264	7.000000	7150488	8171986	Lavf58.76.100			
train/normal/videos/TR02198.mp4	train	normal	TR02198	1280	720	15.0	375	h264	25.000000	983404	314689	Lavf58.76.100			0
train/normal/videos/TR02199.mp4	train	normal	TR02199	1280	720	15.0	375	h264	25.000000	641597	205311	Lavf58.76.100			0
train/normal/videos/TR02200.mp4	train	normal	TR02200	1280	720	15.0	86	h264	5.733333	707706	987496	Lavf58.76.100	EV录屏3.9.7软件录制	本视频由湖南一唯信息科技开发的EV录屏软件录制，www.ieway.cn	
train/normal/videos/TR02201.mp4	train	normal	TR02201	1280	720	15.0	375	h264	25.000000	685408	219330	Lavf58.76.100			0
train/normal/videos/TR02202.mp4	train	normal	TR02202	1280	720	15.0	107	h264	7.133333	4080482	4576241	Lavf58.76.100			
train/normal/videos/TR02203.mp4	train	normal	TR02203	1280	720	15.0	228	h264	15.200000	1236789	650941	Lavf58.76.100			
train/normal/videos/TR02204.mp4	train	normal	TR02204	1280	720	15.0	375	h264	25.000000	374504	119841	Lavf58.76.100			0
train/normal/videos/TR02205.mp4	train	normal	TR02205	1280	720	15.0	375	h264	25.000000	7846221	2510790	Lavf58.76.100			
train/normal/videos/TR02206.mp4	train	normal	TR02206	1280	720	15.0	338	h264	22.533333	1587848	563733	Lavf58.76.100			0
train/normal/videos/TR02207.mp4	train	normal	TR02207	1280	720	15.0	140	h264	9.333333	1821603	1561374	Lavf58.76.100			
train/normal/videos/TR02208.mp4	train	normal	TR02208	1280	720	15.0	291	h264	19.400000	6605063	2723737	Lavf58.76.100			
train/normal/videos/TR02209.mp4	train	normal	TR02209	1280	720	15.0	85	h264	5.666667	511439	722031	Lavf58.76.100	EV录屏3.9.7软件录制	本视频由湖南一唯信息科技开发的EV录屏软件录制，www.ieway.cn	
train/normal/videos/TR02210.mp4	train	normal	TR02210	1280	720	15.0	375	h264	25.000000	1683676	538776	Lavf58.76.100			0
train/normal/videos/TR02211.mp4	train	normal	TR02211	1280	720	15.0	87	h264	5.800000	708150	976758	Lavf58.76.100	EV录屏3.9.7软件录制	本视频由湖南一唯信息科技开发的EV录屏软件录制，www.ieway.cn	
train/normal/videos/TR02212.mp4	train	normal	TR02212	1280	720	15.0	450	h264	30.000000	9882610	2635362	Lavf58.76.100		DE=None,SN=1SFLJC70AL0660, Type=Normal, HQ=Normal, Mode=P	
train/normal/videos/TR02213.mp4	train	normal	TR02213	1280	720	15.0	85	h264	5.666667	1134823	1602102	Lavf58.76.100	EV录屏3.9.7软件录制	本视频由湖南一唯信息科技开发的EV录屏软件录制，www.ieway.cn	
train/normal/videos/TR02214.mp4	train	normal	TR02214	1280	720	15.0	142	h264	9.466667	75023	63399	Lavf58.76.100			0
train/normal/videos/TR02215.mp4	train	normal	TR02215	1280	720	15.0	253	h264	16.866667	1448657	687110	Lavf58.76.100			
train/normal/videos/TR02216.mp4	train	normal	TR02216	1280	720	15.0	86	h264	5.733333	1239220	1729144	Lavf58.76.100	EV录屏3.9.7软件录制	本视频由湖南一唯信息科技开发的EV录屏软件录制，www.ieway.cn	
train/normal/videos/TR02217.mp4	train	normal	TR02217	1280	720	15.0	375	h264	25.000000	1652129	528681	Lavf58.76.100			0
train/normal/videos/TR02218.mp4	train	normal	TR02218	1280	720	15.0	253	h264	16.866667	2317480	1099199	Lavf58.76.100			
train/normal/videos/TR02219.mp4	train	normal	TR02219	1280	720	15.0	375	h264	25.000000	4702435	1504779	Lavf58.76.100			0
train/normal/videos/TR02220.mp4	train	normal	TR02220	1280	720	15.0	268	h264	17.866667	3482452	1559306	Lavf58.76.100			
train/normal/videos/TR02221.mp4	train	normal	TR02221	1280	720	15.0	32	h264	2.133333	255919	959696	Lavf58.76.100			
train/normal/videos/TR02222.mp4	train	normal	TR02222	1280	720	15.0	85	h264	5.666667	4019590	5674714	Lavf58.76.100	EV录屏3.9.7软件录制	本视频由湖南一唯信息科技开发的EV录屏软件录制，www.ieway.cn	
train/normal/videos/TR02223.mp4	train	normal	TR02223	1280	720	15.0	375	h264	25.000000	2767023	885447	Lavf58.76.100			0
train/normal/videos/TR02224.mp4	train	normal	TR02224	1280	720	15.0	375	h264	25.000000	2824864	903956	Lavf58.76.100			0
train/normal/videos/TR02225.mp4	train	normal	TR02225	1280	720	15.0	375	h264	25.000000	1359296	434974	Lavf58.76.100			0
train/normal/videos/TR02226.mp4	train	normal	TR02226	1280	720	15.0	226	h264	15.066667	935701	496832	Lavf58.76.100			
train/normal/videos/TR02227.mp4	train	normal	TR02227	1280	720	15.0	375	h264	25.000000	10321744	3302958	Lavf58.76.100			
train/normal/videos/TR02228.mp4	train	normal	TR02228	1280	720	15.0	86	h264	5.733333	1044557	1457521	Lavf58.76.100	EV录屏3.9.7软件录制	本视频由湖南一唯信息科技开发的EV录屏软件录制，www.ieway.cn	
train/normal/videos/TR02229.mp4	train	normal	TR02229	1280	720	15.0	375	h264	25.000000	1416487	453275	Lavf58.76.100			0
train/normal/videos/TR02230.mp4	train	normal	TR02230	1280	720	15.0	85	h264	5.666667	523729	739382	Lavf58.76.100	EV录屏3.9.7软件录制	本视频由湖南一唯信息科技开发的EV录屏软件录制，www.ieway.cn	
train/normal/videos/TR02231.mp4	train	normal	TR02231	1280	720	10.0	92	h264	9.200000	7462391	6489035	Lavf58.76.100			
train/normal/videos/TR02232.mp4	train	normal	TR02232	1280	720	15.0	375	h264	25.000000	6092485	1949595	Lavf58.76.100			0
train/normal/videos/TR02233.mp4	train	normal	TR02233	1280	720	15.0	375	h264	25.000000	1557018	498245	Lavf58.76.100			0
train/normal/videos/TR02234.mp4	train	normal	TR02234	1280	720	15.0	75	h264	5.000000	948653	1517844	Lavf58.76.100			
train/normal/videos/TR02235.mp4	train	normal	TR02235	1280	720	15.0	253	h264	16.866667	1668703	791479	Lavf58.76.100			
train/normal/videos/TR02236.mp4	train	normal	TR02236	1280	720	15.0	375	h264	25.000000	3150415	1008132	Lavf58.76.100			0
train/normal/videos/TR02237.mp4	train	normal	TR02237	1280	720	15.0	233	h264	15.533333	1350270	695418	Lavf58.76.100			0
train/normal/videos/TR02238.mp4	train	normal	TR02238	1280	720	15.0	450	h264	30.000000	7957613	2122030	Lavf58.76.100		DE=None,SN=1SFLJC70AL0660, Type=Normal, HQ=Normal, Mode=P	
train/normal/videos/TR02239.mp4	train	normal	TR02239	1280	720	15.0	375	h264	25.000000	2974546	951854	Lavf58.76.100			0
train/normal/videos/TR02240.mp4	train	normal	TR02240	1280	720	15.0	375	h264	25.000000	750820	240262	Lavf58.76.100			0
train/normal/videos/TR02241.mp4	train	normal	TR02241	1280	720	15.0	227	h264	15.133333	2343734	1238978	Lavf58.76.100			
train/normal/videos/TR02242.mp4	train	normal	TR02242	1280	720	15.0	375	h264	25.000000	1351539	432492	Lavf58.76.100			0
train/normal/videos/TR02243.mp4	train	normal	TR02243	1280	720	15.0	86	h264	5.733333	1325328	1849294	Lavf58.76.100	EV录屏3.9.7软件录制	本视频由湖南一唯信息科技开发的EV录屏软件录制，www.ieway.cn	
train/normal/videos/TR02244.mp4	train	normal	TR02244	1280	720	15.0	375	h264	25.000000	2016905	645409	Lavf58.76.100			0
train/normal/videos/TR02245.mp4	train	normal	TR02245	1280	720	15.0	450	h264	30.000000	9286679	2476447	Lavf58.76.100		DE=None,SN=1SFLJC70AL0660, Type=Normal, HQ=Normal, Mode=P	
train/normal/videos/TR02246.mp4	train	normal	TR02246	1280	720	15.0	86	h264	5.733333	846002	1180467	Lavf58.76.100	EV录屏3.9.7软件录制	本视频由湖南一唯信息科技开发的EV录屏软件录制，www.ieway.cn	
train/normal/videos/TR02247.mp4	train	normal	TR02247	1280	720	15.0	375	h264	25.000000	1818086	581787	Lavf58.76.100			0
train/normal/videos/TR02248.mp4	train	normal	TR02248	1280	720	15.0	90	h264	6.000000	1645630	2194173	Lavf58.76.100			
train/normal/videos/TR02249.mp4	train	normal	TR02249	1280	720	15.0	375	h264	25.000000	1336143	427565	Lavf58.76.100			0
train/normal/videos/TR02250.mp4	train	normal	TR02250	1280	720	15.0	86	h264	5.733333	1629892	2274268	Lavf58.76.100	EV录屏3.9.7软件录制	本视频由湖南一唯信息科技开发的EV录屏软件录制，www.ieway.cn	
train/normal/videos/TR02251.mp4	train	normal	TR02251	1280	720	15.0	375	h264	25.000000	1968077	629784	Lavf58.76.100			0
train/normal/videos/TR02252.mp4	train	normal	TR02252	1280	720	15.0	85	h264	5.666667	471306	665373	Lavf58.76.100	EV录屏3.9.7软件录制	本视频由湖南一唯信息科技开发的EV录屏软件录制，www.ieway.cn	
train/normal/videos/TR02253.mp4	train	normal	TR02253	1280	720	10.0	270	h264	27.000000	22168956	6568579	Lavf58.76.100			
train/normal/videos/TR02254.mp4	train	normal	TR02254	1280	720	15.0	88	h264	5.866667	753889	1028030	Lavf58.76.100	EV录屏3.9.7软件录制	本视频由湖南一唯信息科技开发的EV录屏软件录制，www.ieway.cn	
train/normal/videos/TR02255.mp4	train	normal	TR02255	1280	720	15.0	375	h264	25.000000	1598526	511528	Lavf58.76.100			0
train/normal/videos/TR02256.mp4	train	normal	TR02256	1280	720	15.0	203	h264	13.533333	2224740	1315117	Lavf58.76.100			
train/normal/videos/TR02257.mp4	train	normal	TR02257	1280	720	15.0	375	h264	25.000000	3395278	1086488	Lavf58.76.100			0
train/normal/videos/TR02258.mp4	train	normal	TR02258	1280	720	15.0	375	h264	25.000000	2346436	750859	Lavf58.76.100			0
train/normal/videos/TR02259.mp4	train	normal	TR02259	1280	720	15.0	214	h264	14.266667	1821653	1021487	Lavf58.76.100			
train/normal/videos/TR02260.mp4	train	normal	TR02260	1280	720	15.0	375	h264	25.000000	1732132	554282	Lavf58.76.100			0
train/normal/videos/TR02261.mp4	train	normal	TR02261	1280	720	15.0	86	h264	5.733333	1062734	1482884	Lavf58.76.100	EV录屏3.9.7软件录制	本视频由湖南一唯信息科技开发的EV录屏软件录制，www.ieway.cn	
train/normal/videos/TR02262.mp4	train	normal	TR02262	1280	720	15.0	85	h264	5.666667	786423	1110244	Lavf58.76.100	EV录屏3.9.7软件录制	本视频由湖南一唯信息科技开发的EV录屏软件录制，www.ieway.cn	
train/normal/videos/TR02263.mp4	train	normal	TR02263	1280	720	15.0	86	h264	5.733333	4220875	5889593	Lavf58.76.100	EV录屏3.9.7软件录制	本视频由湖南一唯信息科技开发的EV录屏软件录制，www.ieway.cn	
train/normal/videos/TR02264.mp4	train	normal	TR02264	1280	720	15.0	84	h264	5.600000	744383	1063404	Lavf58.76.100	EV录屏3.9.7软件录制	本视频由湖南一唯信息科技开发的EV录屏软件录制，www.ieway.cn	
train/normal/videos/TR02265.mp4	train	normal	TR02265	1280	720	15.0	375	h264	25.000000	1808930	578857	Lavf58.76.100			0
train/normal/videos/TR02266.mp4	train	normal	TR02266	1280	720	15.0	227	h264	15.133333	1412916	746915	Lavf58.76.100			
train/normal/videos/TR02267.mp4	train	normal	TR02267	1280	720	15.0	201	h264	13.400000	946565	565113	Lavf58.76.100			
train/normal/videos/TR02268.mp4	train	normal	TR02268	1280	720	15.0	375	h264	25.000000	2582258	826322	Lavf58.76.100			0
train/normal/videos/TR02269.mp4	train	normal	TR02269	1280	720	15.0	84	h264	5.600000	1335000	1907142	Lavf58.76.100	EV录屏3.9.7软件录制	本视频由湖南一唯信息科技开发的EV录屏软件录制，www.ieway.cn	
train/normal/videos/TR02270.mp4	train	normal	TR02270	1280	720	15.0	85	h264	5.666667	1466794	2070767	Lavf58.76.100	EV录屏3.9.7软件录制	本视频由湖南一唯信息科技开发的EV录屏软件录制，www.ieway.cn	
train/normal/videos/TR02271.mp4	train	normal	TR02271	1280	720	15.0	87	h264	5.800000	950828	1311486	Lavf58.76.100	EV录屏3.9.7软件录制	本视频由湖南一唯信息科技开发的EV录屏软件录制，www.ieway.cn	
train/normal/videos/TR02272.mp4	train	normal	TR02272	1280	720	15.0	375	h264	25.000000	3599215	1151748	Lavf58.76.100			0
train/normal/videos/TR02273.mp4	train	normal	TR02273	1280	720	15.0	375	h264	25.000000	484297	154975	Lavf58.76.100			0
train/normal/videos/TR02274.mp4	train	normal	TR02274	1280	720	10.0	101	h264	10.100000	16374116	12969596	Lavf58.76.100			
train/normal/videos/TR02275.mp4	train	normal	TR02275	1280	720	15.0	86	h264	5.733333	1535927	2143154	Lavf58.76.100	EV录屏3.9.7软件录制	本视频由湖南一唯信息科技开发的EV录屏软件录制，www.ieway.cn	
train/normal/videos/TR02276.mp4	train	normal	TR02276	1280	720	15.0	375	h264	25.000000	7619206	2438145	Lavf58.76.100			0
train/normal/videos/TR02277.mp4	train	normal	TR02277	1280	720	15.0	291	h264	19.400000	1466972	604936	Lavf58.76.100			0
train/normal/videos/TR02278.mp4	train	normal	TR02278	1280	720	15.0	375	h264	25.000000	1687662	540051	Lavf58.76.100			0
train/normal/videos/TR02279.mp4	train	normal	TR02279	1280	720	15.0	375	h264	25.000000	4260218	1363269	Lavf58.76.100			0
train/normal/videos/TR02280.mp4	train	normal	TR02280	1280	720	15.0	60	h264	4.000000	1078162	2156324	Lavf58.76.100			
train/normal/videos/TR02281.mp4	train	normal	TR02281	1280	720	10.0	300	h264	30.000000	48593795	12958345	Lavf58.76.100			
train/normal/videos/TR02282.mp4	train	normal	TR02282	1280	720	15.0	86	h264	5.733333	392196	547250	Lavf58.76.100	EV录屏3.9.7软件录制	本视频由湖南一唯信息科技开发的EV录屏软件录制，www.ieway.cn	
train/normal/videos/TR02283.mp4	train	normal	TR02283	1280	720	15.0	375	h264	25.000000	1003256	321041	Lavf58.76.100			0
train/normal/videos/TR02284.mp4	train	normal	TR02284	1280	720	10.0	24	h264	2.400000	3112325	10374416	Lavf58.76.100			
train/normal/videos/TR02285.mp4	train	normal	TR02285	1280	720	15.0	375	h264	25.000000	2869271	918166	Lavf58.76.100			0
train/normal/videos/TR02286.mp4	train	normal	TR02286	1280	720	15.0	84	h264	5.600000	955461	1364944	Lavf58.76.100	EV录屏3.9.7软件录制	本视频由湖南一唯信息科技开发的EV录屏软件录制，www.ieway.cn	
train/normal/videos/TR02287.mp4	train	normal	TR02287	1280	720	15.0	83	h264	5.533333	2276166	3290842	Lavf58.76.100	EV录屏3.9.7软件录制	本视频由湖南一唯信息科技开发的EV录屏软件录制，www.ieway.cn	
train/normal/videos/TR02288.mp4	train	normal	TR02288	1280	720	15.0	375	h264	25.000000	2187665	700052	Lavf58.76.100			0
train/normal/videos/TR02289.mp4	train	normal	TR02289	1280	720	10.0	257	h264	25.700000	28331776	8819229	Lavf58.76.100			
train/normal/videos/TR02290.mp4	train	normal	TR02290	1280	720	15.0	87	h264	5.800000	589878	813624	Lavf58.76.100	EV录屏3.9.7软件录制	本视频由湖南一唯信息科技开发的EV录屏软件录制，www.ieway.cn	
train/normal/videos/TR02291.mp4	train	normal	TR02291	1280	720	15.0	85	h264	5.666667	749904	1058687	Lavf58.76.100	EV录屏3.9.7软件录制	本视频由湖南一唯信息科技开发的EV录屏软件录制，www.ieway.cn	
train/normal/videos/TR02292.mp4	train	normal	TR02292	1280	720	15.0	375	h264	25.000000	1785664	571412	Lavf58.76.100			0
train/normal/videos/TR02293.mp4	train	normal	TR02293	1280	720	15.0	39	h264	2.600000	657426	2022849	Lavf58.76.100			
train/normal/videos/TR02294.mp4	train	normal	TR02294	1280	720	15.0	253	h264	16.866667	1414960	671127	Lavf58.76.100			
train/normal/videos/TR02295.mp4	train	normal	TR02295	1280	720	15.0	178	h264	11.866667	1158852	781248	Lavf58.76.100			
train/normal/videos/TR02296.mp4	train	normal	TR02296	1280	720	15.0	375	h264	25.000000	1494486	478235	Lavf58.76.100			0
train/normal/videos/TR02297.mp4	train	normal	TR02297	1280	720	15.0	375	h264	25.000000	1828124	584999	Lavf58.76.100			0
train/normal/videos/TR02298.mp4	train	normal	TR02298	1280	720	15.0	86	h264	5.733333	1538554	2146819	Lavf58.76.100	EV录屏3.9.7软件录制	本视频由湖南一唯信息科技开发的EV录屏软件录制，www.ieway.cn	
train/normal/videos/TR02299.mp4	train	normal	TR02299	1280	720	15.0	152	h264	10.133333	1710007	1350005	Lavf58.76.100			
train/normal/videos/TR02300.mp4	train	normal	TR02300	1280	720	15.0	85	h264	5.666667	892767	1260376	Lavf58.76.100	EV录屏3.9.7软件录制	本视频由湖南一唯信息科技开发的EV录屏软件录制，www.ieway.cn	
train/normal/videos/TR02301.mp4	train	normal	TR02301	1280	720	15.0	84	h264	5.600000	592283	846118	Lavf58.76.100	EV录屏3.9.7软件录制	本视频由湖南一唯信息科技开发的EV录屏软件录制，www.ieway.cn	
train/normal/videos/TR02302.mp4	train	normal	TR02302	1280	720	15.0	375	h264	25.000000	1159985	371195	Lavf58.76.100			0
train/normal/videos/TR02303.mp4	train	normal	TR02303	1280	720	15.0	85	h264	5.666667	518271	731676	Lavf58.76.100	EV录屏3.9.7软件录制	本视频由湖南一唯信息科技开发的EV录屏软件录制，www.ieway.cn	
train/normal/videos/TR02304.mp4	train	normal	TR02304	1280	720	15.0	375	h264	25.000000	850624	272199	Lavf58.76.100			0
train/normal/videos/TR02305.mp4	train	normal	TR02305	1280	720	15.0	203	h264	13.533333	792943	468734	Lavf58.76.100			
train/normal/videos/TR02306.mp4	train	normal	TR02306	1280	720	15.0	173	h264	11.533333	689735	478428	Lavf58.76.100			
train/normal/videos/TR02307.mp4	train	normal	TR02307	1280	720	15.0	83	h264	5.533333	949065	1372142	Lavf58.76.100	EV录屏3.9.7软件录制	本视频由湖南一唯信息科技开发的EV录屏软件录制，www.ieway.cn	
train/normal/videos/TR02308.mp4	train	normal	TR02308	1280	720	15.0	83	h264	5.533333	2354619	3404268	Lavf58.76.100	EV录屏3.9.7软件录制	本视频由湖南一唯信息科技开发的EV录屏软件录制，www.ieway.cn	
train/normal/videos/TR02309.mp4	train	normal	TR02309	1280	720	15.0	253	h264	16.866667	3365932	1596489	Lavf58.76.100			
train/normal/videos/TR02310.mp4	train	normal	TR02310	1280	720	15.0	375	h264	25.000000	3402891	1088925	Lavf58.76.100			0
train/normal/videos/TR02311.mp4	train	normal	TR02311	1280	720	15.0	85	h264	5.666667	1644979	2322323	Lavf58.76.100	EV录屏3.9.7软件录制	本视频由湖南一唯信息科技开发的EV录屏软件录制，www.ieway.cn	
train/normal/videos/TR02312.mp4	train	normal	TR02312	1280	720	15.0	375	h264	25.000000	2400681	768217	Lavf58.76.100			0
train/normal/videos/TR02313.mp4	train	normal	TR02313	1280	720	15.0	375	h264	25.000000	872444	279182	Lavf58.76.100			0
train/normal/videos/TR02314.mp4	train	normal	TR02314	1280	720	15.0	375	h264	25.000000	1014841	324749	Lavf58.76.100			0
train/normal/videos/TR02315.mp4	train	normal	TR02315	1280	720	15.0	375	h264	25.000000	8349885	2671963	Lavf58.76.100			
train/normal/videos/TR02316.mp4	train	normal	TR02316	1280	720	15.0	375	h264	25.000000	1056547	338095	Lavf58.76.100			0
train/normal/videos/TR02317.mp4	train	normal	TR02317	1280	720	15.0	349	h264	23.266667	1578568	542774	Lavf58.76.100			0
train/normal/videos/TR02318.mp4	train	normal	TR02318	1280	720	15.0	164	h264	10.933333	960503	702807	Lavf58.76.100			
train/normal/videos/TR02319.mp4	train	normal	TR02319	1280	720	15.0	375	h264	25.000000	8989021	2876486	Lavf58.76.100			0
train/normal/videos/TR02320.mp4	train	normal	TR02320	1280	720	15.0	375	h264	25.000000	860963	275508	Lavf58.76.100			0
train/normal/videos/TR02321.mp4	train	normal	TR02321	1280	720	15.0	86	h264	5.733333	1642627	2292037	Lavf58.76.100	EV录屏3.9.7软件录制	本视频由湖南一唯信息科技开发的EV录屏软件录制，www.ieway.cn	
train/normal/videos/TR02322.mp4	train	normal	TR02322	1280	720	15.0	316	h264	21.066667	1245577	473003	Lavf58.76.100			0
train/normal/videos/TR02323.mp4	train	normal	TR02323	1280	720	15.0	375	h264	25.000000	1363090	436188	Lavf58.76.100			0
train/normal/videos/TR02324.mp4	train	normal	TR02324	1280	720	15.0	228	h264	15.200000	2716233	1429596	Lavf58.76.100			
train/normal/videos/TR02325.mp4	train	normal	TR02325	1280	720	15.0	375	h264	25.000000	416968	133429	Lavf58.76.100			0
train/normal/videos/TR02326.mp4	train	normal	TR02326	1280	720	15.0	120	h264	8.000000	1598127	1598127	Lavf58.76.100			
train/normal/videos/TR02327.mp4	train	normal	TR02327	1280	720	15.0	86	h264	5.733333	781178	1090015	Lavf58.76.100	EV录屏3.9.7软件录制	本视频由湖南一唯信息科技开发的EV录屏软件录制，www.ieway.cn	
train/normal/videos/TR02328.mp4	train	normal	TR02328	1280	720	15.0	253	h264	16.866667	1923104	912144	Lavf58.76.100			
train/normal/videos/TR02329.mp4	train	normal	TR02329	1280	720	15.0	375	h264	25.000000	685248	219279	Lavf58.76.100			
train/normal/videos/TR02330.mp4	train	normal	TR02330	1280	720	15.0	84	h264	5.600000	642249	917498	Lavf58.76.100	EV录屏3.9.7软件录制	本视频由湖南一唯信息科技开发的EV录屏软件录制，www.ieway.cn	
train/normal/videos/TR02331.mp4	train	normal	TR02331	1280	720	15.0	375	h264	25.000000	1038128	332200	Lavf58.76.100			0
train/normal/videos/TR02332.mp4	train	normal	TR02332	1280	720	15.0	85	h264	5.666667	1680820	2372922	Lavf58.76.100	EV录屏3.9.7软件录制	本视频由湖南一唯信息科技开发的EV录屏软件录制，www.ieway.cn	
train/normal/videos/TR02333.mp4	train	normal	TR02333	1280	720	15.0	375	h264	25.000000	6611917	2115813	Lavf58.76.100			
train/normal/videos/TR02334.mp4	train	normal	TR02334	1280	720	15.0	85	h264	5.666667	921554	1301017	Lavf58.76.100	EV录屏3.9.7软件录制	本视频由湖南一唯信息科技开发的EV录屏软件录制，www.ieway.cn	
train/normal/videos/TR02335.mp4	train	normal	TR02335	1280	720	10.0	57	h264	5.700000	9248408	12980221	Lavf58.76.100			
train/normal/videos/TR02336.mp4	train	normal	TR02336	1280	720	15.0	375	h264	25.000000	1404323	449383	Lavf58.76.100			0
train/normal/videos/TR02337.mp4	train	normal	TR02337	1280	720	15.0	301	h264	20.066667	1920368	765595	Lavf58.76.100			0
train/normal/videos/TR02338.mp4	train	normal	TR02338	1280	720	15.0	375	h264	25.000000	7050345	2256110	Lavf58.76.100			
train/normal/videos/TR02339.mp4	train	normal	TR02339	1280	720	15.0	85	h264	5.666667	1298273	1832855	Lavf58.76.100	EV录屏3.9.7软件录制	本视频由湖南一唯信息科技开发的EV录屏软件录制，www.ieway.cn	
train/normal/videos/TR02340.mp4	train	normal	TR02340	1280	720	15.0	375	h264	25.000000	1290162	412851	Lavf58.76.100			0
train/normal/videos/TR02341.mp4	train	normal	TR02341	1280	720	15.0	202	h264	13.466667	981526	583084	Lavf58.76.100			
train/normal/videos/TR02342.mp4	train	normal	TR02342	1280	720	15.0	375	h264	25.000000	831145	265966	Lavf58.76.100			0
train/normal/videos/TR02343.mp4	train	normal	TR02343	1280	720	15.0	375	h264	25.000000	769892	246365	Lavf58.76.100			0
train/normal/videos/TR02344.mp4	train	normal	TR02344	1280	720	15.0	375	h264	25.000000	4204199	1345343	Lavf58.76.100			0
train/normal/videos/TR02345.mp4	train	normal	TR02345	1280	720	15.0	256	h264	17.066667	2945255	1380588	Lavf58.76.100			0
train/normal/videos/TR02346.mp4	train	normal	TR02346	1280	720	15.0	183	h264	12.200000	4839000	3173114	Lavf58.76.100			
train/normal/videos/TR02347.mp4	train	normal	TR02347	1280	720	15.0	450	h264	30.000000	7171745	1912465	Lavf58.76.100		DE=None,SN=1SFLJC70AL0660, Type=Normal, HQ=Normal, Mode=P	
train/normal/videos/TR02348.mp4	train	normal	TR02348	1280	720	15.0	75	h264	5.000000	520705	833128	Lavf58.76.100			
train/normal/videos/TR02349.mp4	train	normal	TR02349	1280	720	15.0	248	h264	16.533333	3497919	1692541	Lavf58.76.100			
train/normal/videos/TR02350.mp4	train	normal	TR02350	1280	720	15.0	450	h264	30.000000	8672585	2312689	Lavf58.76.100		DE=None,SN=1SFLJC70AL0660, Type=Normal, HQ=Normal, Mode=P	
train/normal/videos/TR02351.mp4	train	normal	TR02351	1280	720	15.0	375	h264	25.000000	2332107	746274	Lavf58.76.100			0
train/normal/videos/TR02352.mp4	train	normal	TR02352	1280	720	15.0	375	h264	25.000000	1311395	419646	Lavf58.76.100			0
train/normal/videos/TR02353.mp4	train	normal	TR02353	1280	720	15.0	281	h264	18.733333	7006974	2992302	Lavf58.76.100			
train/normal/videos/TR02354.mp4	train	normal	TR02354	1280	720	15.0	202	h264	13.466667	2474476	1469985	Lavf58.76.100			
train/normal/videos/TR02355.mp4	train	normal	TR02355	1280	720	15.0	375	h264	25.000000	4405374	1409719	Lavf58.76.100			0
train/normal/videos/TR02356.mp4	train	normal	TR02356	1280	720	15.0	375	h264	25.000000	1117713	357668	Lavf58.76.100			0
train/normal/videos/TR02357.mp4	train	normal	TR02357	1280	720	15.0	201	h264	13.400000	2246724	1341327	Lavf58.76.100			
train/normal/videos/TR02358.mp4	train	normal	TR02358	1280	720	15.0	226	h264	15.066667	2024344	1074872	Lavf58.76.100			
train/normal/videos/TR02359.mp4	train	normal	TR02359	1280	720	15.0	201	h264	13.400000	1483474	885656	Lavf58.76.100			
train/normal/videos/TR02360.mp4	train	normal	TR02360	1280	720	15.0	120	h264	8.000000	1733686	1733686	Lavf58.76.100			
train/normal/videos/TR02361.mp4	train	normal	TR02361	1280	720	15.0	228	h264	15.200000	1376342	724390	Lavf58.76.100			
train/normal/videos/TR02362.mp4	train	normal	TR02362	1280	720	15.0	86	h264	5.733333	1291512	1802109	Lavf58.76.100	EV录屏3.9.7软件录制	本视频由湖南一唯信息科技开发的EV录屏软件录制，www.ieway.cn	
train/normal/videos/TR02363.mp4	train	normal	TR02363	1280	720	15.0	84	h264	5.600000	879761	1256801	Lavf58.76.100	EV录屏3.9.7软件录制	本视频由湖南一唯信息科技开发的EV录屏软件录制，www.ieway.cn	
train/normal/videos/TR02364.mp4	train	normal	TR02364	1280	720	15.0	32	h264	2.133333	162322	608707	Lavf58.76.100			
train/normal/videos/TR02365.mp4	train	normal	TR02365	1280	720	15.0	85	h264	5.666667	1015174	1433186	Lavf58.76.100	EV录屏3.9.7软件录制	本视频由湖南一唯信息科技开发的EV录屏软件录制，www.ieway.cn	
train/normal/videos/TR02366.mp4	train	normal	TR02366	1280	720	15.0	375	h264	25.000000	2008763	642804	Lavf58.76.100			0
train/normal/videos/TR02367.mp4	train	normal	TR02367	1280	720	15.0	253	h264	16.866667	2220227	1053072	Lavf58.76.100			
train/normal/videos/TR02368.mp4	train	normal	TR02368	1280	720	15.0	86	h264	5.733333	1538933	2147348	Lavf58.76.100	EV录屏3.9.7软件录制	本视频由湖南一唯信息科技开发的EV录屏软件录制，www.ieway.cn	
train/normal/videos/TR02369.mp4	train	normal	TR02369	1280	720	15.0	85	h264	5.666667	1492687	2107322	Lavf58.76.100	EV录屏3.9.7软件录制	本视频由湖南一唯信息科技开发的EV录屏软件录制，www.ieway.cn	
train/normal/videos/TR02370.mp4	train	normal	TR02370	1280	720	15.0	375	h264	25.000000	1320836	422667	Lavf58.76.100			0
train/normal/videos/TR02371.mp4	train	normal	TR02371	1280	720	15.0	375	h264	25.000000	4504203	1441344	Lavf58.76.100			
train/normal/videos/TR02372.mp4	train	normal	TR02372	1280	720	15.0	375	h264	25.000000	1277751	408880	Lavf58.76.100			0
train/normal/videos/TR02373.mp4	train	normal	TR02373	1280	720	15.0	228	h264	15.200000	1054229	554857	Lavf58.76.100			
train/normal/videos/TR02374.mp4	train	normal	TR02374	1280	720	15.0	375	h264	25.000000	453275	145048	Lavf58.76.100			0
train/normal/videos/TR02375.mp4	train	normal	TR02375	1280	720	15.0	284	h264	18.933333	2203888	931220	Lavf58.76.100			0
train/normal/videos/TR02376.mp4	train	normal	TR02376	1280	720	10.0	140	h264	14.000000	14034406	8019660	Lavf58.76.100			
train/normal/videos/TR02377.mp4	train	normal	TR02377	1280	720	15.0	375	h264	25.000000	1437387	459963	Lavf58.76.100			0
train/normal/videos/TR02378.mp4	train	normal	TR02378	1280	720	15.0	375	h264	25.000000	2719888	870364	Lavf58.76.100			0
train/normal/videos/TR02379.mp4	train	normal	TR02379	1280	720	15.0	84	h264	5.600000	685431	979187	Lavf58.76.100	EV录屏3.9.7软件录制	本视频由湖南一唯信息科技开发的EV录屏软件录制，www.ieway.cn	
train/normal/videos/TR02380.mp4	train	normal	TR02380	1280	720	15.0	345	h264	23.000000	1088338	378552	Lavf58.76.100			0
train/normal/videos/TR02381.mp4	train	normal	TR02381	1280	720	15.0	375	h264	25.000000	605566	193781	Lavf58.76.100			0
train/normal/videos/TR02382.mp4	train	normal	TR02382	1280	720	15.0	375	h264	25.000000	10578864	3385236	Lavf58.76.100			
train/normal/videos/TR02383.mp4	train	normal	TR02383	1280	720	15.0	375	h264	25.000000	1914849	612751	Lavf58.76.100			0
train/normal/videos/TR02384.mp4	train	normal	TR02384	1280	720	15.0	86	h264	5.733333	304086	424306	Lavf58.76.100	EV录屏3.9.7软件录制	本视频由湖南一唯信息科技开发的EV录屏软件录制，www.ieway.cn	
train/normal/videos/TR02385.mp4	train	normal	TR02385	1280	720	15.0	375	h264	25.000000	4757560	1522419	Lavf58.76.100			0
train/normal/videos/TR02386.mp4	train	normal	TR02386	1280	720	15.0	375	h264	25.000000	3199763	1023924	Lavf58.76.100			
train/normal/videos/TR02387.mp4	train	normal	TR02387	1280	720	15.0	85	h264	5.666667	1439413	2032112	Lavf58.76.100	EV录屏3.9.7软件录制	本视频由湖南一唯信息科技开发的EV录屏软件录制，www.ieway.cn	
train/normal/videos/TR02388.mp4	train	normal	TR02388	1280	720	15.0	375	h264	25.000000	1200619	384198	Lavf58.76.100			0
train/normal/videos/TR02389.mp4	train	normal	TR02389	1280	720	15.0	375	h264	25.000000	2472379	791161	Lavf58.76.100			0
train/normal/videos/TR02390.mp4	train	normal	TR02390	1280	720	15.0	375	h264	25.000000	3705211	1185667	Lavf58.76.100			0
train/normal/videos/TR02391.mp4	train	normal	TR02391	1280	720	15.0	375	h264	25.000000	1587834	508106	Lavf58.76.100			0
train/normal/videos/TR02392.mp4	train	normal	TR02392	1280	720	15.0	375	h264	25.000000	830703	265824	Lavf58.76.100			0
train/normal/videos/TR02393.mp4	train	normal	TR02393	1280	720	15.0	375	h264	25.000000	891510	285283	Lavf58.76.100			0
train/normal/videos/TR02394.mp4	train	normal	TR02394	1280	720	15.0	85	h264	5.666667	311087	439181	Lavf58.76.100	EV录屏3.9.7软件录制	本视频由湖南一唯信息科技开发的EV录屏软件录制，www.ieway.cn	
train/normal/videos/TR02395.mp4	train	normal	TR02395	1280	720	15.0	211	h264	14.066667	1474264	838443	Lavf58.76.100			
train/normal/videos/TR02396.mp4	train	normal	TR02396	1280	720	15.0	86	h264	5.733333	1963763	2740134	Lavf58.76.100	EV录屏3.9.7软件录制	本视频由湖南一唯信息科技开发的EV录屏软件录制，www.ieway.cn	
train/normal/videos/TR02397.mp4	train	normal	TR02397	1280	720	15.0	375	h264	25.000000	5977304	1912737	Lavf58.76.100			
train/normal/videos/TR02398.mp4	train	normal	TR02398	1280	720	15.0	86	h264	5.733333	1776746	2479180	Lavf58.76.100	EV录屏3.9.7软件录制	本视频由湖南一唯信息科技开发的EV录屏软件录制，www.ieway.cn	
train/normal/videos/TR02399.mp4	train	normal	TR02399	1280	720	15.0	86	h264	5.733333	1222361	1705620	Lavf58.76.100	EV录屏3.9.7软件录制	本视频由湖南一唯信息科技开发的EV录屏软件录制，www.ieway.cn	
train/normal/videos/TR02400.mp4	train	normal	TR02400	1280	720	15.0	153	h264	10.200000	837201	656628	Lavf58.76.100			0
train/normal/videos/TR02401.mp4	train	normal	TR02401	1280	720	15.0	84	h264	5.600000	1346532	1923617	Lavf58.76.100	EV录屏3.9.7软件录制	本视频由湖南一唯信息科技开发的EV录屏软件录制，www.ieway.cn	
train/normal/videos/TR02402.mp4	train	normal	TR02402	1280	720	15.0	375	h264	25.000000	969392	310205	Lavf58.76.100			0
train/normal/videos/TR02403.mp4	train	normal	TR02403	1280	720	15.0	375	h264	25.000000	9225281	2952089	Lavf58.76.100			
train/normal/videos/TR02404.mp4	train	normal	TR02404	1280	720	15.0	375	h264	25.000000	3538577	1132344	Lavf58.76.100			0
train/normal/videos/TR02405.mp4	train	normal	TR02405	1280	720	15.0	86	h264	5.733333	587087	819191	Lavf58.76.100	EV录屏3.9.7软件录制	本视频由湖南一唯信息科技开发的EV录屏软件录制，www.ieway.cn	
train/normal/videos/TR02406.mp4	train	normal	TR02406	1280	720	15.0	375	h264	25.000000	2403567	769141	Lavf58.76.100			0
train/normal/videos/TR02407.mp4	train	normal	TR02407	1280	720	15.0	375	h264	25.000000	2478785	793211	Lavf58.76.100			0
train/normal/videos/TR02408.mp4	train	normal	TR02408	1280	720	10.0	179	h264	17.900000	9244731	4131723	Lavf58.76.100			
train/normal/videos/TR02409.mp4	train	normal	TR02409	1280	720	10.0	81	h264	8.100000	9957554	9834621	Lavf58.76.100			
train/normal/videos/TR02410.mp4	train	normal	TR02410	1280	720	15.0	375	h264	25.000000	1187439	379980	Lavf58.76.100			0
train/normal/videos/TR02411.mp4	train	normal	TR02411	1280	720	15.0	375	h264	25.000000	1949665	623892	Lavf58.76.100			0
train/normal/videos/TR02412.mp4	train	normal	TR02412	1280	720	15.0	375	h264	25.000000	1157213	370308	Lavf58.76.100			0
train/normal/videos/TR02413.mp4	train	normal	TR02413	1280	720	15.0	227	h264	15.133333	1160849	613664	Lavf58.76.100			
train/normal/videos/TR02414.mp4	train	normal	TR02414	1280	720	15.0	375	h264	25.000000	742436	237579	Lavf58.76.100			0
train/normal/videos/TR02415.mp4	train	normal	TR02415	1280	720	15.0	240	h264	16.000000	3222252	1611126	Lavf58.76.100			
train/normal/videos/TR02416.mp4	train	normal	TR02416	1280	720	15.0	203	h264	13.533333	2087665	1234087	Lavf58.76.100			
train/normal/videos/TR02417.mp4	train	normal	TR02417	1280	720	15.0	375	h264	25.000000	1382647	442447	Lavf58.76.100			0
train/normal/videos/TR02418.mp4	train	normal	TR02418	1280	720	15.0	375	h264	25.000000	2585756	827441	Lavf58.76.100			0
train/normal/videos/TR02419.mp4	train	normal	TR02419	1280	720	15.0	84	h264	5.600000	1138115	1625878	Lavf58.76.100	EV录屏3.9.7软件录制	本视频由湖南一唯信息科技开发的EV录屏软件录制，www.ieway.cn	
train/normal/videos/TR02420.mp4	train	normal	TR02420	1280	720	15.0	240	h264	16.000000	582013	291006	Lavf58.76.100			0
train/normal/videos/TR02421.mp4	train	normal	TR02421	1280	720	15.0	224	h264	14.933333	1098103	588269	Lavf58.76.100			0
train/normal/videos/TR02422.mp4	train	normal	TR02422	1280	720	15.0	407	h264	27.133333	4113177	1212730	Lavf58.76.100			
train/normal/videos/TR02423.mp4	train	normal	TR02423	1280	720	15.0	84	h264	5.600000	1191368	1701954	Lavf58.76.100	EV录屏3.9.7软件录制	本视频由湖南一唯信息科技开发的EV录屏软件录制，www.ieway.cn	
train/normal/videos/TR02424.mp4	train	normal	TR02424	1280	720	15.0	375	h264	25.000000	4635595	1483390	Lavf58.76.100			
train/normal/videos/TR02425.mp4	train	normal	TR02425	1280	720	15.0	375	h264	25.000000	2262079	723865	Lavf58.76.100			0
train/normal/videos/TR02426.mp4	train	normal	TR02426	1280	720	15.0	375	h264	25.000000	6324336	2023787	Lavf58.76.100			
train/normal/videos/TR02427.mp4	train	normal	TR02427	1280	720	15.0	105	h264	7.000000	544405	622177	Lavf58.76.100			0
train/normal/videos/TR02428.mp4	train	normal	TR02428	1280	720	15.0	375	h264	25.000000	4779699	1529503	Lavf58.76.100			0
train/normal/videos/TR02429.mp4	train	normal	TR02429	1280	720	15.0	375	h264	25.000000	3619821	1158342	Lavf58.76.100			0
train/normal/videos/TR02430.mp4	train	normal	TR02430	1280	720	15.0	375	h264	25.000000	2403832	769226	Lavf58.76.100			0
train/normal/videos/TR02431.mp4	train	normal	TR02431	1280	720	15.0	375	h264	25.000000	2658082	850586	Lavf58.76.100			0
train/normal/videos/TR02432.mp4	train	normal	TR02432	1280	720	15.0	375	h264	25.000000	2578099	824991	Lavf58.76.100			0
train/normal/videos/TR02433.mp4	train	normal	TR02433	1280	720	15.0	176	h264	11.733333	1409348	960919	Lavf58.76.100			
train/normal/videos/TR02434.mp4	train	normal	TR02434	1280	720	15.0	375	h264	25.000000	1051005	336321	Lavf58.76.100			0
train/normal/videos/TR02435.mp4	train	normal	TR02435	1280	720	15.0	87	h264	5.800000	1761465	2429606	Lavf58.76.100	EV录屏3.9.7软件录制	本视频由湖南一唯信息科技开发的EV录屏软件录制，www.ieway.cn	
train/normal/videos/TR02436.mp4	train	normal	TR02436	1280	720	15.0	375	h264	25.000000	605429	193737	Lavf58.76.100			0
train/normal/videos/TR02437.mp4	train	normal	TR02437	1280	720	15.0	84	h264	5.600000	1518309	2169012	Lavf58.76.100	EV录屏3.9.7软件录制	本视频由湖南一唯信息科技开发的EV录屏软件录制，www.ieway.cn	
train/normal/videos/TR02438.mp4	train	normal	TR02438	1280	720	15.0	86	h264	5.733333	1136675	1586058	Lavf58.76.100	EV录屏3.9.7软件录制	本视频由湖南一唯信息科技开发的EV录屏软件录制，www.ieway.cn	
train/normal/videos/TR02439.mp4	train	normal	TR02439	1280	720	15.0	87	h264	5.800000	1580902	2180554	Lavf58.76.100	EV录屏3.9.7软件录制	本视频由湖南一唯信息科技开发的EV录屏软件录制，www.ieway.cn	
train/normal/videos/TR02440.mp4	train	normal	TR02440	1280	720	15.0	86	h264	5.733333	933242	1302198	Lavf58.76.100	EV录屏3.9.7软件录制	本视频由湖南一唯信息科技开发的EV录屏软件录制，www.ieway.cn	
train/normal/videos/TR02441.mp4	train	normal	TR02441	1280	720	10.0	53	h264	5.300000	5345005	8067932	Lavf58.76.100			
train/normal/videos/TR02442.mp4	train	normal	TR02442	1280	720	15.0	85	h264	5.666667	983252	1388120	Lavf58.76.100	EV录屏3.9.7软件录制	本视频由湖南一唯信息科技开发的EV录屏软件录制，www.ieway.cn	
train/normal/videos/TR02443.mp4	train	normal	TR02443	1280	720	15.0	375	h264	25.000000	1411628	451720	Lavf58.76.100			0
train/normal/videos/TR02444.mp4	train	normal	TR02444	1280	720	15.0	369	h264	24.600000	4027468	1309745	Lavf58.76.100			
train/normal/videos/TR02445.mp4	train	normal	TR02445	1280	720	15.0	375	h264	25.000000	4212204	1347905	Lavf58.76.100			0
train/normal/videos/TR02446.mp4	train	normal	TR02446	1280	720	15.0	85	h264	5.666667	517169	730120	Lavf58.76.100	EV录屏3.9.7软件录制	本视频由湖南一唯信息科技开发的EV录屏软件录制，www.ieway.cn	
train/normal/videos/TR02447.mp4	train	normal	TR02447	1280	720	15.0	375	h264	25.000000	1359175	434936	Lavf58.76.100			0
train/normal/videos/TR02448.mp4	train	normal	TR02448	1280	720	15.0	375	h264	25.000000	1739068	556501	Lavf58.76.100			0
train/normal/videos/TR02449.mp4	train	normal	TR02449	1280	720	15.0	48	h264	3.200000	397148	992870	Lavf58.76.100			
train/normal/videos/TR02450.mp4	train	normal	TR02450	1280	720	15.0	375	h264	25.000000	1185296	379294	Lavf58.76.100			0
train/normal/videos/TR02451.mp4	train	normal	TR02451	1280	720	15.0	83	h264	5.533333	1790171	2588199	Lavf58.76.100	EV录屏3.9.7软件录制	本视频由湖南一唯信息科技开发的EV录屏软件录制，www.ieway.cn	
train/normal/videos/TR02452.mp4	train	normal	TR02452	1280	720	10.0	41	h264	4.100000	2594616	5062665	Lavf58.76.100			
train/normal/videos/TR02453.mp4	train	normal	TR02453	1280	720	15.0	232	h264	15.466667	3354053	1734854	Lavf58.76.100			
train/normal/videos/TR02454.mp4	train	normal	TR02454	1280	720	15.0	450	h264	30.000000	11726829	3127154	Lavf58.76.100		DE=None,SN=1SFLJC70AL0660, Type=Normal, HQ=Normal, Mode=P	
train/normal/videos/TR02455.mp4	train	normal	TR02455	1280	720	15.0	253	h264	16.866667	1792279	850092	Lavf58.76.100			
train/normal/videos/TR02456.mp4	train	normal	TR02456	1280	720	15.0	375	h264	25.000000	9549382	3055802	Lavf58.76.100			
train/normal/videos/TR02457.mp4	train	normal	TR02457	1280	720	15.0	375	h264	25.000000	4260489	1363356	Lavf58.76.100			
train/normal/videos/TR02458.mp4	train	normal	TR02458	1280	720	15.0	375	h264	25.000000	1387151	443888	Lavf58.76.100			0
train/normal/videos/TR02459.mp4	train	normal	TR02459	1280	720	15.0	375	h264	25.000000	3217412	1029571	Lavf58.76.100			0
train/normal/videos/TR02460.mp4	train	normal	TR02460	1280	720	15.0	375	h264	25.000000	961087	307547	Lavf58.76.100			0
train/normal/videos/TR02461.mp4	train	normal	TR02461	1280	720	15.0	85	h264	5.666667	820422	1158242	Lavf58.76.100	EV录屏3.9.7软件录制	本视频由湖南一唯信息科技开发的EV录屏软件录制，www.ieway.cn	
train/normal/videos/TR02462.mp4	train	normal	TR02462	1280	720	15.0	239	h264	15.933333	1848258	927995	Lavf58.76.100			
train/normal/videos/TR02463.mp4	train	normal	TR02463	1280	720	15.0	375	h264	25.000000	2103075	672984	Lavf58.76.100			0
train/normal/videos/TR02464.mp4	train	normal	TR02464	1280	720	15.0	375	h264	25.000000	1553216	497029	Lavf58.76.100			0
train/normal/videos/TR02465.mp4	train	normal	TR02465	1280	720	15.0	375	h264	25.000000	1509763	483124	Lavf58.76.100			0
train/normal/videos/TR02466.mp4	train	normal	TR02466	1280	720	15.0	86	h264	5.733333	1435592	2003151	Lavf58.76.100	EV录屏3.9.7软件录制	本视频由湖南一唯信息科技开发的EV录屏软件录制，www.ieway.cn	
train/normal/videos/TR02467.mp4	train	normal	TR02467	1280	720	15.0	375	h264	25.000000	3035317	971301	Lavf58.76.100			0
train/normal/videos/TR02468.mp4	train	normal	TR02468	1280	720	15.0	375	h264	25.000000	1181378	378040	Lavf58.76.100			0
train/normal/videos/TR02469.mp4	train	normal	TR02469	1280	720	15.0	375	h264	25.000000	2078774	665207	Lavf58.76.100			0
train/normal/videos/TR02470.mp4	train	normal	TR02470	1280	720	15.0	85	h264	5.666667	1023022	1444266	Lavf58.76.100	EV录屏3.9.7软件录制	本视频由湖南一唯信息科技开发的EV录屏软件录制，www.ieway.cn	
train/normal/videos/TR02471.mp4	train	normal	TR02471	1280	720	15.0	375	h264	25.000000	1982608	634434	Lavf58.76.100			0
train/normal/videos/TR02472.mp4	train	normal	TR02472	1280	720	15.0	227	h264	15.133333	2461300	1301127	Lavf58.76.100			
train/normal/videos/TR02473.mp4	train	normal	TR02473	1280	720	15.0	375	h264	25.000000	1881138	601964	Lavf58.76.100			0
train/normal/videos/TR02474.mp4	train	normal	TR02474	1280	720	15.0	253	h264	16.866667	2530367	1200174	Lavf58.76.100			
train/normal/videos/TR02475.mp4	train	normal	TR02475	1280	720	15.0	375	h264	25.000000	2595805	830657	Lavf58.76.100			0
train/normal/videos/TR02476.mp4	train	normal	TR02476	1280	720	15.0	375	h264	25.000000	493422	157895	Lavf58.76.100			0
train/normal/videos/TR02477.mp4	train	normal	TR02477	1280	720	15.0	86	h264	5.733333	2379115	3319695	Lavf58.76.100	EV录屏3.9.7软件录制	本视频由湖南一唯信息科技开发的EV录屏软件录制，www.ieway.cn	
train/normal/videos/TR02478.mp4	train	normal	TR02478	1280	720	15.0	375	h264	25.000000	1040644	333006	Lavf58.76.100			0
train/normal/videos/TR02479.mp4	train	normal	TR02479	1280	720	15.0	274	h264	18.266667	4222489	1849265	Lavf58.76.100			
train/normal/videos/TR02480.mp4	train	normal	TR02480	1280	720	15.0	375	h264	25.000000	1453764	465204	Lavf58.76.100			0
train/normal/videos/TR02481.mp4	train	normal	TR02481	1280	720	15.0	169	h264	11.266667	696824	494786	Lavf58.76.100			
train/normal/videos/TR02482.mp4	train	normal	TR02482	1280	720	15.0	375	h264	25.000000	4547722	1455271	Lavf58.76.100			0
train/normal/videos/TR02483.mp4	train	normal	TR02483	1280	720	15.0	375	h264	25.000000	1063937	340459	Lavf58.76.100			0
train/normal/videos/TR02484.mp4	train	normal	TR02484	1280	720	15.0	84	h264	5.600000	3766099	5380141	Lavf58.76.100	EV录屏3.9.7软件录制	本视频由湖南一唯信息科技开发的EV录屏软件录制，www.ieway.cn	
train/normal/videos/TR02485.mp4	train	normal	TR02485	1280	720	15.0	133	h264	8.866667	1127934	1017684	Lavf58.76.100			0
train/normal/videos/TR02486.mp4	train	normal	TR02486	1280	720	15.0	375	h264	25.000000	833053	266576	Lavf58.76.100			0
train/normal/videos/TR02487.mp4	train	normal	TR02487	1280	720	15.0	375	h264	25.000000	1011859	323794	Lavf58.76.100			0
train/normal/videos/TR02488.mp4	train	normal	TR02488	1280	720	15.0	265	h264	17.666667	1779171	805662	Lavf58.76.100			0
train/normal/videos/TR02489.mp4	train	normal	TR02489	1280	720	15.0	85	h264	5.666667	1097671	1549653	Lavf58.76.100	EV录屏3.9.7软件录制	本视频由湖南一唯信息科技开发的EV录屏软件录制，www.ieway.cn	
train/normal/videos/TR02490.mp4	train	normal	TR02490	1280	720	15.0	375	h264	25.000000	9833990	3146876	Lavf58.76.100			
train/normal/videos/TR02491.mp4	train	normal	TR02491	1280	720	15.0	280	h264	18.666667	1251129	536198	Lavf58.76.100			0
train/normal/videos/TR02492.mp4	train	normal	TR02492	1280	720	15.0	151	h264	10.066667	1591595	1264843	Lavf58.76.100			
train/normal/videos/TR02493.mp4	train	normal	TR02493	1280	720	15.0	84	h264	5.600000	947880	1354114	Lavf58.76.100	EV录屏3.9.7软件录制	本视频由湖南一唯信息科技开发的EV录屏软件录制，www.ieway.cn	
train/normal/videos/TR02494.mp4	train	normal	TR02494	1280	720	15.0	375	h264	25.000000	2787031	891849	Lavf58.76.100			0
train/normal/videos/TR02495.mp4	train	normal	TR02495	1280	720	15.0	245	h264	16.333333	1124062	550560	Lavf58.76.100			
train/normal/videos/TR02496.mp4	train	normal	TR02496	1280	720	15.0	27	h264	1.800000	413805	1839133	Lavf58.76.100			
train/normal/videos/TR02497.mp4	train	normal	TR02497	1280	720	15.0	86	h264	5.733333	964332	1345579	Lavf58.76.100	EV录屏3.9.7软件录制	本视频由湖南一唯信息科技开发的EV录屏软件录制，www.ieway.cn	
train/normal/videos/TR02498.mp4	train	normal	TR02498	1280	720	15.0	375	h264	25.000000	2303368	737077	Lavf58.76.100			0
train/normal/videos/TR02499.mp4	train	normal	TR02499	1280	720	15.0	375	h264	25.000000	2190553	700976	Lavf58.76.100			0
train/normal/videos/TR02500.mp4	train	normal	TR02500	1280	720	15.0	375	h264	25.000000	1526295	488414	Lavf58.76.100			0
train/normal/videos/TR02501.mp4	train	normal	TR02501	1280	720	15.0	375	h264	25.000000	1624435	519819	Lavf58.76.100			0
train/normal/videos/TR02502.mp4	train	normal	TR02502	1280	720	15.0	375	h264	25.000000	2276189	728380	Lavf58.76.100			0
train/normal/videos/TR02503.mp4	train	normal	TR02503	1280	720	15.0	375	h264	25.000000	1884338	602988	Lavf58.76.100			0
train/normal/videos/TR02504.mp4	train	normal	TR02504	1280	720	15.0	47	h264	3.133333	1103302	2816941	Lavf58.76.100			
train/normal/videos/TR02505.mp4	train	normal	TR02505	1280	720	15.0	139	h264	9.266667	629582	543524	Lavf58.76.100			0
train/normal/videos/TR02506.mp4	train	normal	TR02506	1280	720	15.0	87	h264	5.800000	624907	861940	Lavf58.76.100	EV录屏3.9.7软件录制	本视频由湖南一唯信息科技开发的EV录屏软件录制，www.ieway.cn	
train/normal/videos/TR02507.mp4	train	normal	TR02507	1280	720	15.0	375	h264	25.000000	2677734	856874	Lavf58.76.100			0
train/normal/videos/TR02508.mp4	train	normal	TR02508	1280	720	15.0	203	h264	13.533333	712919	421429	Lavf58.76.100			
train/normal/videos/TR02509.mp4	train	normal	TR02509	1280	720	15.0	94	h264	6.266667	1756137	2241876	Lavf58.76.100			
train/normal/videos/TR02510.mp4	train	normal	TR02510	1280	720	15.0	375	h264	25.000000	2910296	931294	Lavf58.76.100			0
train/normal/videos/TR02511.mp4	train	normal	TR02511	1280	720	15.0	375	h264	25.000000	3374106	1079713	Lavf58.76.100			0
train/normal/videos/TR02512.mp4	train	normal	TR02512	1280	720	15.0	226	h264	15.066667	977852	519213	Lavf58.76.100			
train/normal/videos/TR02513.mp4	train	normal	TR02513	1280	720	15.0	84	h264	5.600000	2502945	3575635	Lavf58.76.100	EV录屏3.9.7软件录制	本视频由湖南一唯信息科技开发的EV录屏软件录制，www.ieway.cn	
train/normal/videos/TR02514.mp4	train	normal	TR02514	1280	720	10.0	70	h264	7.000000	3537420	4042765	Lavf58.76.100			
train/normal/videos/TR02515.mp4	train	normal	TR02515	1280	720	15.0	72	h264	4.800000	1304268	2173780	Lavf58.76.100			
train/normal/videos/TR02516.mp4	train	normal	TR02516	1280	720	15.0	227	h264	15.133333	2264706	1197201	Lavf58.76.100			
train/normal/videos/TR02517.mp4	train	normal	TR02517	1280	720	15.0	211	h264	14.066667	980516	557639	Lavf58.76.100			
train/normal/videos/TR02518.mp4	train	normal	TR02518	1280	720	10.0	84	h264	8.400000	7736433	7368031	Lavf58.76.100			
train/normal/videos/TR02519.mp4	train	normal	TR02519	1280	720	15.0	190	h264	12.666667	1494124	943657	Lavf58.76.100			
train/normal/videos/TR02520.mp4	train	normal	TR02520	1280	720	15.0	375	h264	25.000000	784125	250920	Lavf58.76.100			0
train/normal/videos/TR02521.mp4	train	normal	TR02521	1280	720	15.0	375	h264	25.000000	1302110	416675	Lavf58.76.100			0
train/normal/videos/TR02522.mp4	train	normal	TR02522	1280	720	15.0	265	h264	17.666667	876215	396776	Lavf58.76.100			0
train/normal/videos/TR02523.mp4	train	normal	TR02523	1280	720	15.0	84	h264	5.600000	708301	1011858	Lavf58.76.100	EV录屏3.9.7软件录制	本视频由湖南一唯信息科技开发的EV录屏软件录制，www.ieway.cn	
train/normal/videos/TR02524.mp4	train	normal	TR02524	1280	720	10.0	300	h264	30.000000	44205529	11788141	Lavf58.76.100			
train/normal/videos/TR02525.mp4	train	normal	TR02525	1280	720	15.0	193	h264	12.866667	1321423	821610	Lavf58.76.100			0
train/normal/videos/TR02526.mp4	train	normal	TR02526	1280	720	15.0	128	h264	8.533333	1626111	1524479	Lavf58.76.100			
train/normal/videos/TR02527.mp4	train	normal	TR02527	1280	720	15.0	202	h264	13.466667	1430115	849573	Lavf58.76.100			
train/normal/videos/TR02528.mp4	train	normal	TR02528	1280	720	15.0	84	h264	5.600000	505983	722832	Lavf58.76.100	EV录屏3.9.7软件录制	本视频由湖南一唯信息科技开发的EV录屏软件录制，www.ieway.cn	
train/normal/videos/TR02529.mp4	train	normal	TR02529	1280	720	15.0	375	h264	25.000000	2305017	737605	Lavf58.76.100			0
train/normal/videos/TR02530.mp4	train	normal	TR02530	1280	720	15.0	173	h264	11.533333	648610	449902	Lavf58.76.100			0
train/normal/videos/TR02531.mp4	train	normal	TR02531	1280	720	15.0	84	h264	5.600000	1042446	1489208	Lavf58.76.100	EV录屏3.9.7软件录制	本视频由湖南一唯信息科技开发的EV录屏软件录制，www.ieway.cn	
train/normal/videos/TR02532.mp4	train	normal	TR02532	1280	720	15.0	375	h264	25.000000	872444	279182	Lavf58.76.100			0
train/normal/videos/TR02533.mp4	train	normal	TR02533	1280	720	15.0	228	h264	15.200000	2654160	1396926	Lavf58.76.100			
train/normal/videos/TR02534.mp4	train	normal	TR02534	1280	720	15.0	83	h264	5.533333	1271393	1838158	Lavf58.76.100	EV录屏3.9.7软件录制	本视频由湖南一唯信息科技开发的EV录屏软件录制，www.ieway.cn	
train/normal/videos/TR02535.mp4	train	normal	TR02535	1280	720	15.0	375	h264	25.000000	6930352	2217712	Lavf58.76.100			
train/normal/videos/TR02536.mp4	train	normal	TR02536	1280	720	15.0	88	h264	5.866667	4368277	5956741	Lavf58.76.100	EV录屏3.9.7软件录制	本视频由湖南一唯信息科技开发的EV录屏软件录制，www.ieway.cn	
train/normal/videos/TR02537.mp4	train	normal	TR02537	1280	720	15.0	375	h264	25.000000	1875652	600208	Lavf58.76.100			0
train/normal/videos/TR02538.mp4	train	normal	TR02538	1280	720	15.0	271	h264	18.066667	1178903	522023	Lavf58.76.100			0
train/normal/videos/TR02539.mp4	train	normal	TR02539	1280	720	15.0	90	h264	6.000000	2336550	3115400	Lavf58.76.100			
train/normal/videos/TR02540.mp4	train	normal	TR02540	1280	720	10.0	228	h264	22.800000	39061928	13705939	Lavf58.76.100			
train/normal/videos/TR02541.mp4	train	normal	TR02541	1280	720	15.0	86	h264	5.733333	2804349	3913045	Lavf58.76.100	EV录屏3.9.7软件录制	本视频由湖南一唯信息科技开发的EV录屏软件录制，www.ieway.cn	
train/normal/videos/TR02542.mp4	train	normal	TR02542	1280	720	15.0	272	h264	18.133333	3926259	1732173	Lavf58.76.100			
train/normal/videos/TR02543.mp4	train	normal	TR02543	1280	720	15.0	183	h264	12.200000	2801750	1837213	Lavf58.76.100			
train/normal/videos/TR02544.mp4	train	normal	TR02544	1280	720	15.0	38	h264	2.533333	584576	1846029	Lavf58.76.100			
train/normal/videos/TR02545.mp4	train	normal	TR02545	1280	720	15.0	375	h264	25.000000	1236944	395822	Lavf58.76.100			0
train/normal/videos/TR02546.mp4	train	normal	TR02546	1280	720	15.0	84	h264	5.600000	1540558	2200797	Lavf58.76.100	EV录屏3.9.7软件录制	本视频由湖南一唯信息科技开发的EV录屏软件录制，www.ieway.cn	
train/normal/videos/TR02547.mp4	train	normal	TR02547	1280	720	15.0	86	h264	5.733333	1242516	1733743	Lavf58.76.100	EV录屏3.9.7软件录制	本视频由湖南一唯信息科技开发的EV录屏软件录制，www.ieway.cn	
train/normal/videos/TR02548.mp4	train	normal	TR02548	1280	720	15.0	84	h264	5.600000	1152561	1646515	Lavf58.76.100	EV录屏3.9.7软件录制	本视频由湖南一唯信息科技开发的EV录屏软件录制，www.ieway.cn	
train/normal/videos/TR02549.mp4	train	normal	TR02549	1280	720	15.0	375	h264	25.000000	2192202	701504	Lavf58.76.100			0
train/normal/videos/TR02550.mp4	train	normal	TR02550	1280	720	10.0	185	h264	18.500000	7752118	3352267	Lavf58.76.100			
train/normal/videos/TR02551.mp4	train	normal	TR02551	1280	720	15.0	208	h264	13.866667	772005	445387	Lavf58.76.100			0
train/normal/videos/TR02552.mp4	train	normal	TR02552	1280	720	15.0	84	h264	5.600000	1752957	2504224	Lavf58.76.100	EV录屏3.9.7软件录制	本视频由湖南一唯信息科技开发的EV录屏软件录制，www.ieway.cn	
train/normal/videos/TR02553.mp4	train	normal	TR02553	1280	720	15.0	375	h264	25.000000	3067419	981574	Lavf58.76.100			0
train/normal/videos/TR02554.mp4	train	normal	TR02554	1280	720	15.0	375	h264	25.000000	1913030	612169	Lavf58.76.100			0
train/normal/videos/TR02555.mp4	train	normal	TR02555	1280	720	15.0	375	h264	25.000000	5028399	1609087	Lavf58.76.100			0
train/normal/videos/TR02556.mp4	train	normal	TR02556	1280	720	15.0	114	h264	7.600000	3664461	3857327	Lavf58.76.100			
train/normal/videos/TR02557.mp4	train	normal	TR02557	1280	720	15.0	375	h264	25.000000	1577420	504774	Lavf58.76.100			0
train/normal/videos/TR02558.mp4	train	normal	TR02558	1280	720	15.0	359	h264	23.933333	3552009	1187301	Lavf58.76.100			0
train/normal/videos/TR02559.mp4	train	normal	TR02559	1280	720	15.0	375	h264	25.000000	921072	294743	Lavf58.76.100			0
train/normal/videos/TR02560.mp4	train	normal	TR02560	1280	720	15.0	375	h264	25.000000	2004301	641376	Lavf58.76.100			0
train/normal/videos/TR02561.mp4	train	normal	TR02561	1280	720	15.0	375	h264	25.000000	787490	251996	Lavf58.76.100			0
train/normal/videos/TR02562.mp4	train	normal	TR02562	1280	720	15.0	84	h264	5.600000	2705747	3865352	Lavf58.76.100	EV录屏3.9.7软件录制	本视频由湖南一唯信息科技开发的EV录屏软件录制，www.ieway.cn	
train/normal/videos/TR02563.mp4	train	normal	TR02563	1280	720	15.0	375	h264	25.000000	1269496	406238	Lavf58.76.100			0
train/normal/videos/TR02564.mp4	train	normal	TR02564	1280	720	15.0	86	h264	5.733333	1953573	2725915	Lavf58.76.100	EV录屏3.9.7软件录制	本视频由湖南一唯信息科技开发的EV录屏软件录制，www.ieway.cn	
train/normal/videos/TR02565.mp4	train	normal	TR02565	1280	720	15.0	84	h264	5.600000	1990389	2843412	Lavf58.76.100	EV录屏3.9.7软件录制	本视频由湖南一唯信息科技开发的EV录屏软件录制，www.ieway.cn	
train/normal/videos/TR02566.mp4	train	normal	TR02566	1280	720	15.0	84	h264	5.600000	1302246	1860351	Lavf58.76.100	EV录屏3.9.7软件录制	本视频由湖南一唯信息科技开发的EV录屏软件录制，www.ieway.cn	
train/normal/videos/TR02567.mp4	train	normal	TR02567	1280	720	15.0	186	h264	12.400000	1626956	1049649	Lavf58.76.100			0
train/normal/videos/TR02568.mp4	train	normal	TR02568	1280	720	15.0	202	h264	13.466667	853879	507254	Lavf58.76.100			
train/normal/videos/TR02569.mp4	train	normal	TR02569	1280	720	15.0	301	h264	20.066667	779544	310781	Lavf58.76.100			0
train/normal/videos/TR02570.mp4	train	normal	TR02570	1280	720	15.0	226	h264	15.066667	2266422	1203409	Lavf58.76.100			
train/normal/videos/TR02571.mp4	train	normal	TR02571	1280	720	15.0	375	h264	25.000000	2901521	928486	Lavf58.76.100			0
train/normal/videos/TR02572.mp4	train	normal	TR02572	1280	720	15.0	375	h264	25.000000	1014788	324732	Lavf58.76.100			0
train/normal/videos/TR02573.mp4	train	normal	TR02573	1280	720	15.0	196	h264	13.066667	925473	566616	Lavf58.76.100			
train/normal/videos/TR02574.mp4	train	normal	TR02574	1280	720	15.0	200	h264	13.333333	3155694	1893416	Lavf58.76.100			0
train/normal/videos/TR02575.mp4	train	normal	TR02575	1280	720	15.0	86	h264	5.733333	1222646	1706017	Lavf58.76.100	EV录屏3.9.7软件录制	本视频由湖南一唯信息科技开发的EV录屏软件录制，www.ieway.cn	
train/normal/videos/TR02576.mp4	train	normal	TR02576	1280	720	15.0	84	h264	5.600000	1359029	1941470	Lavf58.76.100	EV录屏3.9.7软件录制	本视频由湖南一唯信息科技开发的EV录屏软件录制，www.ieway.cn	
train/normal/videos/TR02577.mp4	train	normal	TR02577	1280	720	15.0	240	h264	16.000000	360089	180044	Lavf58.76.100			0
train/normal/videos/TR02578.mp4	train	normal	TR02578	1280	720	15.0	375	h264	25.000000	675829	216265	Lavf58.76.100			0
train/normal/videos/TR02579.mp4	train	normal	TR02579	1280	720	15.0	152	h264	10.133333	707577	558613	Lavf58.76.100			
train/normal/videos/TR02580.mp4	train	normal	TR02580	1280	720	15.0	375	h264	25.000000	2597978	831352	Lavf58.76.100			0
train/normal/videos/TR02581.mp4	train	normal	TR02581	1280	720	15.0	375	h264	25.000000	3504756	1121521	Lavf58.76.100			0
train/normal/videos/TR02582.mp4	train	normal	TR02582	1280	720	15.0	84	h264	5.600000	1956012	2794302	Lavf58.76.100	EV录屏3.9.7软件录制	本视频由湖南一唯信息科技开发的EV录屏软件录制，www.ieway.cn	
train/normal/videos/TR02583.mp4	train	normal	TR02583	1280	720	15.0	375	h264	25.000000	1157229	370313	Lavf58.76.100			0
train/normal/videos/TR02584.mp4	train	normal	TR02584	1280	720	15.0	84	h264	5.600000	2933609	4190870	Lavf58.76.100	EV录屏3.9.7软件录制	本视频由湖南一唯信息科技开发的EV录屏软件录制，www.ieway.cn	
train/normal/videos/TR02585.mp4	train	normal	TR02585	1280	720	15.0	375	h264	25.000000	1576497	504479	Lavf58.76.100			0
train/normal/videos/TR02586.mp4	train	normal	TR02586	1280	720	15.0	84	h264	5.600000	1172477	1674967	Lavf58.76.100	EV录屏3.9.7软件录制	本视频由湖南一唯信息科技开发的EV录屏软件录制，www.ieway.cn	
train/normal/videos/TR02587.mp4	train	normal	TR02587	1280	720	15.0	85	h264	5.666667	1288580	1819171	Lavf58.76.100	EV录屏3.9.7软件录制	本视频由湖南一唯信息科技开发的EV录屏软件录制，www.ieway.cn	
train/normal/videos/TR02588.mp4	train	normal	TR02588	1280	720	15.0	86	h264	5.733333	1615652	2254398	Lavf58.76.100	EV录屏3.9.7软件录制	本视频由湖南一唯信息科技开发的EV录屏软件录制，www.ieway.cn	
train/normal/videos/TR02589.mp4	train	normal	TR02589	1280	720	15.0	375	h264	25.000000	1580105	505633	Lavf58.76.100			0
train/normal/videos/TR02590.mp4	train	normal	TR02590	1280	720	15.0	163	h264	10.866667	1176467	866110	Lavf58.76.100			
train/normal/videos/TR02591.mp4	train	normal	TR02591	1280	720	10.0	79	h264	7.900000	9669103	9791496	Lavf58.76.100			
train/normal/videos/TR02592.mp4	train	normal	TR02592	1280	720	15.0	88	h264	5.866667	1032313	1407699	Lavf58.76.100	EV录屏3.9.7软件录制	本视频由湖南一唯信息科技开发的EV录屏软件录制，www.ieway.cn	
train/normal/videos/TR02593.mp4	train	normal	TR02593	1280	720	15.0	86	h264	5.733333	1017370	1419586	Lavf58.76.100	EV录屏3.9.7软件录制	本视频由湖南一唯信息科技开发的EV录屏软件录制，www.ieway.cn	
train/normal/videos/TR02594.mp4	train	normal	TR02594	1280	720	15.0	273	h264	18.200000	1350016	593413	Lavf58.76.100			
train/normal/videos/TR02595.mp4	train	normal	TR02595	1280	720	15.0	227	h264	15.133333	875432	462783	Lavf58.76.100			
train/normal/videos/TR02596.mp4	train	normal	TR02596	1280	720	15.0	375	h264	25.000000	2747919	879334	Lavf58.76.100			0
train/normal/videos/TR02597.mp4	train	normal	TR02597	1280	720	15.0	228	h264	15.200000	1017791	535679	Lavf58.76.100			
train/normal/videos/TR02598.mp4	train	normal	TR02598	1280	720	15.0	375	h264	25.000000	1511399	483647	Lavf58.76.100			0
train/normal/videos/TR02599.mp4	train	normal	TR02599	1280	720	15.0	375	h264	25.000000	2231963	714228	Lavf58.76.100			0
train/normal/videos/TR02600.mp4	train	normal	TR02600	1280	720	15.0	375	h264	25.000000	5184149	1658927	Lavf58.76.100			0
train/normal/videos/TR02601.mp4	train	normal	TR02601	1280	720	15.0	298	h264	19.866667	8380120	3374544	Lavf58.76.100			
train/normal/videos/TR02602.mp4	train	normal	TR02602	1280	720	15.0	84	h264	5.600000	920778	1315397	Lavf58.76.100	EV录屏3.9.7软件录制	本视频由湖南一唯信息科技开发的EV录屏软件录制，www.ieway.cn	
train/normal/videos/TR02603.mp4	train	normal	TR02603	1280	720	15.0	375	h264	25.000000	744183	238138	Lavf58.76.100			0
train/normal/videos/TR02604.mp4	train	normal	TR02604	1280	720	15.0	86	h264	5.733333	793750	1107558	Lavf58.76.100	EV录屏3.9.7软件录制	本视频由湖南一唯信息科技开发的EV录屏软件录制，www.ieway.cn	
train/normal/videos/TR02605.mp4	train	normal	TR02605	1280	720	15.0	274	h264	18.266667	2567268	1124350	Lavf58.76.100			
train/normal/videos/TR02606.mp4	train	normal	TR02606	1280	720	15.0	126	h264	8.400000	498148	474426	Lavf58.76.100			0
train/normal/videos/TR02607.mp4	train	normal	TR02607	1280	720	15.0	129	h264	8.600000	4256840	3959851	Lavf58.76.100			
train/normal/videos/TR02608.mp4	train	normal	TR02608	1280	720	15.0	84	h264	5.600000	741252	1058931	Lavf58.76.100	EV录屏3.9.7软件录制	本视频由湖南一唯信息科技开发的EV录屏软件录制，www.ieway.cn	
train/normal/videos/TR02609.mp4	train	normal	TR02609	1280	720	15.0	215	h264	14.333333	2218376	1238163	Lavf58.76.100			
train/normal/videos/TR02610.mp4	train	normal	TR02610	1280	720	15.0	83	h264	5.533333	986234	1425880	Lavf58.76.100	EV录屏3.9.7软件录制	本视频由湖南一唯信息科技开发的EV录屏软件录制，www.ieway.cn	
train/normal/videos/TR02611.mp4	train	normal	TR02611	1280	720	15.0	375	h264	25.000000	2247941	719341	Lavf58.76.100			0
train/normal/videos/TR02612.mp4	train	normal	TR02612	1280	720	15.0	450	h264	30.000000	10906539	2908410	Lavf58.76.100		DE=None,SN=1SFLJC70AL0660, Type=Normal, HQ=Normal, Mode=P	
train/normal/videos/TR02613.mp4	train	normal	TR02613	1280	720	15.0	375	h264	25.000000	6887588	2204028	Lavf58.76.100			0
train/normal/videos/TR02614.mp4	train	normal	TR02614	1280	720	15.0	375	h264	25.000000	2073402	663488	Lavf58.76.100			0
train/normal/videos/TR02615.mp4	train	normal	TR02615	1280	720	15.0	375	h264	25.000000	1049485	335835	Lavf58.76.100			0
train/normal/videos/TR02616.mp4	train	normal	TR02616	1280	720	15.0	85	h264	5.666667	460807	650551	Lavf58.76.100	EV录屏3.9.7软件录制	本视频由湖南一唯信息科技开发的EV录屏软件录制，www.ieway.cn	
train/normal/videos/TR02617.mp4	train	normal	TR02617	1280	720	15.0	375	h264	25.000000	1777356	568753	Lavf58.76.100			0
train/normal/videos/TR02618.mp4	train	normal	TR02618	1280	720	15.0	375	h264	25.000000	2797385	895163	Lavf58.76.100			0
train/normal/videos/TR02619.mp4	train	normal	TR02619	1280	720	15.0	375	h264	25.000000	2203101	704992	Lavf58.76.100			0
train/normal/videos/TR02620.mp4	train	normal	TR02620	1280	720	15.0	375	h264	25.000000	1582768	506485	Lavf58.76.100			0
train/normal/videos/TR02621.mp4	train	normal	TR02621	1280	720	15.0	84	h264	5.600000	892691	1275272	Lavf58.76.100	EV录屏3.9.7软件录制	本视频由湖南一唯信息科技开发的EV录屏软件录制，www.ieway.cn	
train/normal/videos/TR02622.mp4	train	normal	TR02622	1280	720	15.0	85	h264	5.666667	800654	1130334	Lavf58.76.100	EV录屏3.9.7软件录制	本视频由湖南一唯信息科技开发的EV录屏软件录制，www.ieway.cn	
train/normal/videos/TR02623.mp4	train	normal	TR02623	1280	720	15.0	375	h264	25.000000	1764847	564751	Lavf58.76.100			0
train/normal/videos/TR02624.mp4	train	normal	TR02624	1280	720	15.0	375	h264	25.000000	3969757	1270322	Lavf58.76.100			
train/normal/videos/TR02625.mp4	train	normal	TR02625	1280	720	15.0	375	h264	25.000000	958852	306832	Lavf58.76.100			0
train/normal/videos/TR02626.mp4	train	normal	TR02626	1280	720	15.0	84	h264	5.600000	1052860	1504085	Lavf58.76.100	EV录屏3.9.7软件录制	本视频由湖南一唯信息科技开发的EV录屏软件录制，www.ieway.cn	
train/normal/videos/TR02627.mp4	train	normal	TR02627	1280	720	15.0	375	h264	25.000000	1395693	446621	Lavf58.76.100			0
train/normal/videos/TR02628.mp4	train	normal	TR02628	1280	720	15.0	375	h264	25.000000	4787081	1531865	Lavf58.76.100			0
train/normal/videos/TR02629.mp4	train	normal	TR02629	1280	720	15.0	228	h264	15.200000	2035957	1071556	Lavf58.76.100			
train/normal/videos/TR02630.mp4	train	normal	TR02630	1280	720	10.0	67	h264	6.700000	5563555	6643050	Lavf58.76.100			
train/normal/videos/TR02631.mp4	train	normal	TR02631	1280	720	15.0	450	h264	30.000000	7295740	1945530	Lavf58.76.100		DE=None,SN=1SFLJC70AL0660, Type=Normal, HQ=Normal, Mode=P	
train/normal/videos/TR02632.mp4	train	normal	TR02632	1280	720	15.0	375	h264	25.000000	7700735	2464235	Lavf58.76.100			0
train/normal/videos/TR02633.mp4	train	normal	TR02633	1280	720	15.0	85	h264	5.666667	1468493	2073166	Lavf58.76.100	EV录屏3.9.7软件录制	本视频由湖南一唯信息科技开发的EV录屏软件录制，www.ieway.cn	
train/normal/videos/TR02634.mp4	train	normal	TR02634	1280	720	15.0	227	h264	15.133333	1591476	841308	Lavf58.76.100			
train/normal/videos/TR02635.mp4	train	normal	TR02635	1280	720	15.0	375	h264	25.000000	5285575	1691384	Lavf58.76.100			
train/normal/videos/TR02636.mp4	train	normal	TR02636	1280	720	10.0	119	h264	11.900000	9118322	6129964	Lavf58.76.100			
train/normal/videos/TR02637.mp4	train	normal	TR02637	1280	720	15.0	375	h264	25.000000	3516257	1125202	Lavf58.76.100			0
train/normal/videos/TR02638.mp4	train	normal	TR02638	1280	720	15.0	86	h264	5.733333	1308590	1825939	Lavf58.76.100	EV录屏3.9.7软件录制	本视频由湖南一唯信息科技开发的EV录屏软件录制，www.ieway.cn	
train/normal/videos/TR02639.mp4	train	normal	TR02639	1280	720	15.0	85	h264	5.666667	1156069	1632097	Lavf58.76.100	EV录屏3.9.7软件录制	本视频由湖南一唯信息科技开发的EV录屏软件录制，www.ieway.cn	
train/normal/videos/TR02640.mp4	train	normal	TR02640	1280	720	15.0	375	h264	25.000000	1427287	456731	Lavf58.76.100			0
train/normal/videos/TR02641.mp4	train	normal	TR02641	1280	720	15.0	375	h264	25.000000	1393878	446040	Lavf58.76.100			0
train/normal/videos/TR02642.mp4	train	normal	TR02642	1280	720	15.0	84	h264	5.600000	2043623	2919461	Lavf58.76.100	EV录屏3.9.7软件录制	本视频由湖南一唯信息科技开发的EV录屏软件录制，www.ieway.cn	
train/normal/videos/TR02643.mp4	train	normal	TR02643	1280	720	15.0	253	h264	16.866667	2574213	1220970	Lavf58.76.100			
train/normal/videos/TR02644.mp4	train	normal	TR02644	1280	720	15.0	86	h264	5.733333	2930602	4089212	Lavf58.76.100	EV录屏3.9.7软件录制	本视频由湖南一唯信息科技开发的EV录屏软件录制，www.ieway.cn	
train/normal/videos/TR02645.mp4	train	normal	TR02645	1280	720	15.0	375	h264	25.000000	1847657	591250	Lavf58.76.100			0
train/normal/videos/TR02646.mp4	train	normal	TR02646	1280	720	15.0	86	h264	5.733333	1161781	1621089	Lavf58.76.100	EV录屏3.9.7软件录制	本视频由湖南一唯信息科技开发的EV录屏软件录制，www.ieway.cn	
train/normal/videos/TR02647.mp4	train	normal	TR02647	1280	720	15.0	375	h264	25.000000	2396427	766856	Lavf58.76.100			0
train/normal/videos/TR02648.mp4	train	normal	TR02648	1280	720	15.0	152	h264	10.133333	632224	499124	Lavf58.76.100			
train/normal/videos/TR02649.mp4	train	normal	TR02649	1280	720	15.0	450	h264	30.000000	10087267	2689937	Lavf58.76.100		DE=None,SN=1SFLJC70AL0660, Type=Normal, HQ=Normal, Mode=P	
train/normal/videos/TR02650.mp4	train	normal	TR02650	1280	720	15.0	200	h264	13.333333	2051300	1230780	Lavf58.76.100			
train/normal/videos/TR02651.mp4	train	normal	TR02651	1280	720	15.0	226	h264	15.066667	1172507	622570	Lavf58.76.100			
train/normal/videos/TR02652.mp4	train	normal	TR02652	1280	720	15.0	375	h264	25.000000	1748943	559661	Lavf58.76.100			0
train/normal/videos/TR02653.mp4	train	normal	TR02653	1280	720	15.0	75	h264	5.000000	1243369	1989390	Lavf58.76.100			
train/normal/videos/TR02654.mp4	train	normal	TR02654	1280	720	15.0	450	h264	30.000000	14351413	3827043	Lavf58.76.100		DE=None,SN=1SFLJC70AL0660, Type=Normal, HQ=Normal, Mode=P	
train/normal/videos/TR02655.mp4	train	normal	TR02655	1280	720	15.0	353	h264	23.533333	944337	321021	Lavf58.76.100			0
train/normal/videos/TR02656.mp4	train	normal	TR02656	1280	720	15.0	86	h264	5.733333	876180	1222576	Lavf58.76.100	EV录屏3.9.7软件录制	本视频由湖南一唯信息科技开发的EV录屏软件录制，www.ieway.cn	
train/normal/videos/TR02657.mp4	train	normal	TR02657	1280	720	15.0	152	h264	10.133333	1848468	1459316	Lavf58.76.100			
train/normal/videos/TR02658.mp4	train	normal	TR02658	1280	720	15.0	85	h264	5.666667	683426	964836	Lavf58.76.100	EV录屏3.9.7软件录制	本视频由湖南一唯信息科技开发的EV录屏软件录制，www.ieway.cn	
train/normal/videos/TR02659.mp4	train	normal	TR02659	1280	720	15.0	84	h264	5.600000	610885	872692	Lavf58.76.100	EV录屏3.9.7软件录制	本视频由湖南一唯信息科技开发的EV录屏软件录制，www.ieway.cn	
train/normal/videos/TR02660.mp4	train	normal	TR02660	1280	720	15.0	375	h264	25.000000	884234	282954	Lavf58.76.100			0
train/normal/videos/TR02661.mp4	train	normal	TR02661	1280	720	15.0	203	h264	13.533333	715708	423078	Lavf58.76.100			
train/normal/videos/TR02662.mp4	train	normal	TR02662	1280	720	15.0	85	h264	5.666667	1165111	1644862	Lavf58.76.100	EV录屏3.9.7软件录制	本视频由湖南一唯信息科技开发的EV录屏软件录制，www.ieway.cn	
train/normal/videos/TR02663.mp4	train	normal	TR02663	1280	720	15.0	375	h264	25.000000	707118	226277	Lavf58.76.100			0
train/normal/videos/TR02664.mp4	train	normal	TR02664	1280	720	15.0	375	h264	25.000000	912577	292024	Lavf58.76.100			0
train/normal/videos/TR02665.mp4	train	normal	TR02665	1280	720	15.0	375	h264	25.000000	1481598	474111	Lavf58.76.100			0
train/normal/videos/TR02666.mp4	train	normal	TR02666	1280	720	15.0	253	h264	16.866667	2577904	1222721	Lavf58.76.100			
train/normal/videos/TR02667.mp4	train	normal	TR02667	1280	720	15.0	88	h264	5.866667	1468788	2002892	Lavf58.76.100	EV录屏3.9.7软件录制	本视频由湖南一唯信息科技开发的EV录屏软件录制，www.ieway.cn	
train/normal/videos/TR02668.mp4	train	normal	TR02668	1280	720	15.0	86	h264	5.733333	3251650	4537186	Lavf58.76.100	EV录屏3.9.7软件录制	本视频由湖南一唯信息科技开发的EV录屏软件录制，www.ieway.cn	
train/normal/videos/TR02669.mp4	train	normal	TR02669	1280	720	15.0	375	h264	25.000000	978674	313175	Lavf58.76.100			0
train/normal/videos/TR02670.mp4	train	normal	TR02670	1280	720	15.0	253	h264	16.866667	1631421	773796	Lavf58.76.100			
train/normal/videos/TR02671.mp4	train	normal	TR02671	1280	720	15.0	36	h264	2.400000	675299	2250996	Lavf58.76.100			
train/normal/videos/TR02672.mp4	train	normal	TR02672	1280	720	15.0	255	h264	17.000000	7219757	3397532	Lavf58.76.100			
train/normal/videos/TR02673.mp4	train	normal	TR02673	1280	720	15.0	86	h264	5.733333	1401996	1956273	Lavf58.76.100	EV录屏3.9.7软件录制	本视频由湖南一唯信息科技开发的EV录屏软件录制，www.ieway.cn	
train/normal/videos/TR02674.mp4	train	normal	TR02674	1280	720	15.0	375	h264	25.000000	1494528	478248	Lavf58.76.100			0
train/normal/videos/TR02675.mp4	train	normal	TR02675	1280	720	15.0	85	h264	5.666667	762062	1075852	Lavf58.76.100	EV录屏3.9.7软件录制	本视频由湖南一唯信息科技开发的EV录屏软件录制，www.ieway.cn	
train/normal/videos/TR02676.mp4	train	normal	TR02676	1280	720	15.0	375	h264	25.000000	2184222	698951	Lavf58.76.100			0
train/normal/videos/TR02677.mp4	train	normal	TR02677	1280	720	15.0	86	h264	5.733333	1443619	2014352	Lavf58.76.100	EV录屏3.9.7软件录制	本视频由湖南一唯信息科技开发的EV录屏软件录制，www.ieway.cn	
train/normal/videos/TR02678.mp4	train	normal	TR02678	1280	720	15.0	375	h264	25.000000	3182783	1018490	Lavf58.76.100			0
train/normal/videos/TR02679.mp4	train	normal	TR02679	1280	720	15.0	450	h264	30.000000	8879433	2367848	Lavf58.76.100		DE=None,SN=1SFLJC70AL0660, Type=Normal, HQ=Normal, Mode=P	
train/normal/videos/TR02680.mp4	train	normal	TR02680	1280	720	15.0	375	h264	25.000000	1169047	374095	Lavf58.76.100			0
train/normal/videos/TR02681.mp4	train	normal	TR02681	1280	720	15.0	86	h264	5.733333	1406438	1962471	Lavf58.76.100	EV录屏3.9.7软件录制	本视频由湖南一唯信息科技开发的EV录屏软件录制，www.ieway.cn	
train/normal/videos/TR02682.mp4	train	normal	TR02682	1280	720	15.0	85	h264	5.666667	768543	1085001	Lavf58.76.100	EV录屏3.9.7软件录制	本视频由湖南一唯信息科技开发的EV录屏软件录制，www.ieway.cn	
train/normal/videos/TR02683.mp4	train	normal	TR02683	1280	720	15.0	375	h264	25.000000	1343264	429844	Lavf58.76.100			0
train/normal/videos/TR02684.mp4	train	normal	TR02684	1280	720	15.0	144	h264	9.600000	1041367	867805	Lavf58.76.100			0
train/normal/videos/TR02685.mp4	train	normal	TR02685	1280	720	15.0	450	h264	30.000000	8690319	2317418	Lavf58.76.100		DE=None,SN=1SFLJC70AL0660, Type=Normal, HQ=Normal, Mode=P	
train/normal/videos/TR02686.mp4	train	normal	TR02686	1280	720	15.0	375	h264	25.000000	1829898	585567	Lavf58.76.100			0
train/normal/videos/TR02687.mp4	train	normal	TR02687	1280	720	15.0	375	h264	25.000000	3967322	1269543	Lavf58.76.100			0
train/normal/videos/TR02688.mp4	train	normal	TR02688	1280	720	15.0	375	h264	25.000000	1315978	421112	Lavf58.76.100			0
train/normal/videos/TR02689.mp4	train	normal	TR02689	1280	720	15.0	375	h264	25.000000	3940348	1260911	Lavf58.76.100			0
train/normal/videos/TR02690.mp4	train	normal	TR02690	1280	720	15.0	253	h264	16.866667	1236351	586411	Lavf58.76.100			
train/normal/videos/TR02691.mp4	train	normal	TR02691	1280	720	15.0	375	h264	25.000000	1562637	500043	Lavf58.76.100			0
train/normal/videos/TR02692.mp4	train	normal	TR02692	1280	720	15.0	375	h264	25.000000	1801246	576398	Lavf58.76.100			0
train/normal/videos/TR02693.mp4	train	normal	TR02693	1280	720	15.0	375	h264	25.000000	1394867	446357	Lavf58.76.100			0
train/normal/videos/TR02694.mp4	train	normal	TR02694	1280	720	15.0	188	h264	12.533333	1294093	826016	Lavf58.76.100			
train/normal/videos/TR02695.mp4	train	normal	TR02695	1280	720	10.0	34	h264	3.400000	4576720	10768752	Lavf58.76.100			
train/normal/videos/TR02696.mp4	train	normal	TR02696	1280	720	15.0	254	h264	16.933333	8543704	4036395	Lavf58.76.100			
train/normal/videos/TR02697.mp4	train	normal	TR02697	1280	720	15.0	335	h264	22.333333	2886411	1033938	Lavf58.76.100			0
train/normal/videos/TR02698.mp4	train	normal	TR02698	1280	720	15.0	86	h264	5.733333	1361079	1899180	Lavf58.76.100	EV录屏3.9.7软件录制	本视频由湖南一唯信息科技开发的EV录屏软件录制，www.ieway.cn	
train/normal/videos/TR02699.mp4	train	normal	TR02699	1280	720	15.0	338	h264	22.533333	3936080	1397424	Lavf58.76.100			
train/normal/videos/TR02700.mp4	train	normal	TR02700	1280	720	15.0	270	h264	18.000000	1348727	599434	Lavf58.76.100			
train/normal/videos/TR02701.mp4	train	normal	TR02701	1280	720	15.0	85	h264	5.666667	903327	1275285	Lavf58.76.100	EV录屏3.9.7软件录制	本视频由湖南一唯信息科技开发的EV录屏软件录制，www.ieway.cn	
train/normal/videos/TR02702.mp4	train	normal	TR02702	1280	720	15.0	237	h264	15.800000	924105	467901	Lavf58.76.100			0
train/normal/videos/TR02703.mp4	train	normal	TR02703	1280	720	10.0	233	h264	23.300000	18182615	6242957	Lavf58.76.100			
train/normal/videos/TR02704.mp4	train	normal	TR02704	1280	720	15.0	375	h264	25.000000	4644620	1486278	Lavf58.76.100			
train/normal/videos/TR02705.mp4	train	normal	TR02705	1280	720	15.0	234	h264	15.600000	3690322	1892472	Lavf58.76.100			0
train/normal/videos/TR02706.mp4	train	normal	TR02706	1280	720	15.0	84	h264	5.600000	600238	857482	Lavf58.76.100	EV录屏3.9.7软件录制	本视频由湖南一唯信息科技开发的EV录屏软件录制，www.ieway.cn	
train/normal/videos/TR02707.mp4	train	normal	TR02707	1280	720	15.0	252	h264	16.800000	2392208	1139146	Lavf58.76.100			
train/normal/videos/TR02708.mp4	train	normal	TR02708	1280	720	15.0	30	h264	2.000000	426104	1704416	Lavf58.76.100			
train/normal/videos/TR02709.mp4	train	normal	TR02709	1280	720	15.0	152	h264	10.133333	820819	648015	Lavf58.76.100			
train/normal/videos/TR02710.mp4	train	normal	TR02710	1280	720	15.0	228	h264	15.200000	932742	490916	Lavf58.76.100			
train/normal/videos/TR02711.mp4	train	normal	TR02711	1280	720	15.0	375	h264	25.000000	4178896	1337246	Lavf58.76.100			0
train/normal/videos/TR02712.mp4	train	normal	TR02712	1280	720	15.0	218	h264	14.533333	3223214	1774246	Lavf58.76.100			
train/normal/videos/TR02713.mp4	train	normal	TR02713	1280	720	15.0	375	h264	25.000000	1880370	601718	Lavf58.76.100			0
train/normal/videos/TR02714.mp4	train	normal	TR02714	1280	720	15.0	86	h264	5.733333	2136155	2980681	Lavf58.76.100	EV录屏3.9.7软件录制	本视频由湖南一唯信息科技开发的EV录屏软件录制，www.ieway.cn	
train/normal/videos/TR02715.mp4	train	normal	TR02715	1280	720	15.0	84	h264	5.600000	1188568	1697954	Lavf58.76.100	EV录屏3.9.7软件录制	本视频由湖南一唯信息科技开发的EV录屏软件录制，www.ieway.cn	
train/normal/videos/TR02716.mp4	train	normal	TR02716	1280	720	15.0	186	h264	12.400000	1472031	949697	Lavf58.76.100			
train/normal/videos/TR02717.mp4	train	normal	TR02717	1280	720	15.0	450	h264	30.000000	10406126	2774966	Lavf58.76.100		DE=None,SN=1SFLJC70AL0660, Type=Normal, HQ=Normal, Mode=P	
train/normal/videos/TR02718.mp4	train	normal	TR02718	1280	720	15.0	375	h264	25.000000	1527178	488696	Lavf58.76.100			0
train/normal/videos/TR02719.mp4	train	normal	TR02719	1280	720	15.0	375	h264	25.000000	1541408	493250	Lavf58.76.100			0
train/normal/videos/TR02720.mp4	train	normal	TR02720	1280	720	15.0	375	h264	25.000000	1887574	604023	Lavf58.76.100			0
train/normal/videos/TR02721.mp4	train	normal	TR02721	1280	720	15.0	375	h264	25.000000	7339782	2348730	Lavf58.76.100			
train/normal/videos/TR02722.mp4	train	normal	TR02722	1280	720	15.0	375	h264	25.000000	1471360	470835	Lavf58.76.100			0
train/normal/videos/TR02723.mp4	train	normal	TR02723	1280	720	15.0	203	h264	13.533333	1198932	708728	Lavf58.76.100			
train/normal/videos/TR02724.mp4	train	normal	TR02724	1280	720	15.0	228	h264	15.200000	1319008	694214	Lavf58.76.100			
train/normal/videos/TR02725.mp4	train	normal	TR02725	1280	720	15.0	85	h264	5.666667	905570	1278451	Lavf58.76.100	EV录屏3.9.7软件录制	本视频由湖南一唯信息科技开发的EV录屏软件录制，www.ieway.cn	
train/normal/videos/TR02726.mp4	train	normal	TR02726	1280	720	15.0	86	h264	5.733333	702574	980335	Lavf58.76.100	EV录屏3.9.7软件录制	本视频由湖南一唯信息科技开发的EV录屏软件录制，www.ieway.cn	
train/normal/videos/TR02727.mp4	train	normal	TR02727	1280	720	15.0	85	h264	5.666667	1721453	2430286	Lavf58.76.100	EV录屏3.9.7软件录制	本视频由湖南一唯信息科技开发的EV录屏软件录制，www.ieway.cn	
train/normal/videos/TR02728.mp4	train	normal	TR02728	1280	720	15.0	375	h264	25.000000	1421274	454807	Lavf58.76.100			0
train/normal/videos/TR02729.mp4	train	normal	TR02729	1280	720	15.0	86	h264	5.733333	848619	1184119	Lavf58.76.100	EV录屏3.9.7软件录制	本视频由湖南一唯信息科技开发的EV录屏软件录制，www.ieway.cn	
train/normal/videos/TR02730.mp4	train	normal	TR02730	1280	720	15.0	181	h264	12.066667	1015416	673203	Lavf58.76.100			0
train/normal/videos/TR02731.mp4	train	normal	TR02731	1280	720	15.0	156	h264	10.400000	2619165	2014742	Lavf58.76.100			0
train/normal/videos/TR02732.mp4	train	normal	TR02732	1280	720	15.0	45	h264	3.000000	793045	2114786	Lavf58.76.100			
train/normal/videos/TR02733.mp4	train	normal	TR02733	1280	720	15.0	375	h264	25.000000	5794261	1854163	Lavf58.76.100			
train/normal/videos/TR02734.mp4	train	normal	TR02734	1280	720	15.0	375	h264	25.000000	578449	185103	Lavf58.76.100			0
train/normal/videos/TR02735.mp4	train	normal	TR02735	1280	720	15.0	90	h264	6.000000	295519	394025	Lavf58.76.100			
train/normal/videos/TR02736.mp4	train	normal	TR02736	1280	720	15.0	375	h264	25.000000	1779612	569475	Lavf58.76.100			0
train/normal/videos/TR02737.mp4	train	normal	TR02737	1280	720	15.0	371	h264	24.733333	718495	232397	Lavf58.76.100			0
train/normal/videos/TR02738.mp4	train	normal	TR02738	1280	720	15.0	86	h264	5.733333	1160648	1619508	Lavf58.76.100	EV录屏3.9.7软件录制	本视频由湖南一唯信息科技开发的EV录屏软件录制，www.ieway.cn	
train/normal/videos/TR02739.mp4	train	normal	TR02739	1280	720	15.0	86	h264	5.733333	1219278	1701318	Lavf58.76.100	EV录屏3.9.7软件录制	本视频由湖南一唯信息科技开发的EV录屏软件录制，www.ieway.cn	
train/normal/videos/TR02740.mp4	train	normal	TR02740	1280	720	15.0	243	h264	16.200000	1714901	846864	Lavf58.76.100			0
train/normal/videos/TR02741.mp4	train	normal	TR02741	1280	720	15.0	85	h264	5.666667	1395466	1970069	Lavf58.76.100	EV录屏3.9.7软件录制	本视频由湖南一唯信息科技开发的EV录屏软件录制，www.ieway.cn	
train/normal/videos/TR02742.mp4	train	normal	TR02742	1280	720	15.0	203	h264	13.533333	1285004	759608	Lavf58.76.100			
train/normal/videos/TR02743.mp4	train	normal	TR02743	1280	720	15.0	86	h264	5.733333	1564825	2183476	Lavf58.76.100	EV录屏3.9.7软件录制	本视频由湖南一唯信息科技开发的EV录屏软件录制，www.ieway.cn	
train/normal/videos/TR02744.mp4	train	normal	TR02744	1280	720	15.0	84	h264	5.600000	818675	1169535	Lavf58.76.100	EV录屏3.9.7软件录制	本视频由湖南一唯信息科技开发的EV录屏软件录制，www.ieway.cn	
train/normal/videos/TR02745.mp4	train	normal	TR02745	1280	720	15.0	375	h264	25.000000	7061305	2259617	Lavf58.76.100			
train/normal/videos/TR02746.mp4	train	normal	TR02746	1280	720	15.0	83	h264	5.533333	1727137	2497065	Lavf58.76.100	EV录屏3.9.7软件录制	本视频由湖南一唯信息科技开发的EV录屏软件录制，www.ieway.cn	
train/normal/videos/TR02747.mp4	train	normal	TR02747	1280	720	15.0	152	h264	10.133333	1491554	1177542	Lavf58.76.100			
train/normal/videos/TR02748.mp4	train	normal	TR02748	1280	720	15.0	450	h264	30.000000	8953032	2387475	Lavf58.76.100		DE=None,SN=1SFLJC70AL0660, Type=Normal, HQ=Normal, Mode=P	
train/normal/videos/TR02749.mp4	train	normal	TR02749	1280	720	15.0	375	h264	25.000000	2066900	661408	Lavf58.76.100			0
train/normal/videos/TR02759.mp4	train	normal	TR02759	256	192	30.0	2251	mpeg4	75.033333	11529935	1229313	Lavf59.27.100			
train/normal/videos/TR02769.mp4	train	normal	TR02769	320	240	30.0	956	h264	32.438005	2453589	605114	Lavf56.36.100			0
train/normal/videos/TR02779.mp4	train	normal	TR02779	320	240	30.0	3579	h264	119.387007	29565897	1981180	Lavf56.36.100			0
train/normal/videos/TR02788.mp4	train	normal	TR02788	256	192	30.0	1510	mpeg4	50.333333	6531393	1038102	Lavf59.27.100			
train/normal/videos/TR02796.mp4	train	normal	TR02796	320	240	30.0	1817	h264	60.580000	13371912	1765851	Lavf56.36.100			0
train/normal/videos/TR02804.mp4	train	normal	TR02804	320	240	30.0	1920	h264	64.017007	7763289	970153	Lavf56.36.100			0
train/normal/videos/TR02812.mp4	train	normal	TR02812	320	240	30.0	3600	h264	120.208005	21361021	1421603	Lavf56.36.100			0
train/normal/videos/TR02820.mp4	train	normal	TR02820	320	240	30.0	1455	h264	48.550998	12175753	2006262	Lavf56.36.100			0
train/normal/videos/TR02828.mp4	train	normal	TR02828	320	240	30.0	1680	h264	56.006009	13307855	1900918	Lavf56.36.100			0
train/normal/videos/TR02835.mp4	train	normal	TR02835	320	240	30.0	3625	h264	120.836009	33065537	2189118	Lavf56.36.100			0
train/normal/videos/TR02842.mp4	train	normal	TR02842	320	240	30.0	3662	h264	122.066667	15136477	992013	Lavf56.36.100			0
train/normal/videos/TR02849.mp4	train	normal	TR02849	320	240	30.0	1784	h264	59.488005	11902950	1600719	Lavf56.36.100			0
train/normal/videos/TR02856.mp4	train	normal	TR02856	320	240	30.0	570	h264	19.000000	4655785	1960330	Lavf56.36.100			0
train/normal/videos/TR02863.mp4	train	normal	TR02863	320	240	30.0	82410	h264	2747.000000	552638943	1609432	Lavf56.36.100			0
train/normal/videos/TR02870.mp4	train	normal	TR02870	320	240	30.0	3601	h264	120.046009	30356080	2022963	Lavf56.36.100			0
train/normal/videos/TR02877.mp4	train	normal	TR02877	320	240	30.0	2971	h264	99.056009	24921054	2012683	Lavf56.36.100			0
train/normal/videos/TR02884.mp4	train	normal	TR02884	320	240	30.0	4110	h264	137.020000	20185783	1178559	Lavf56.36.100			0
train/normal/videos/TR02891.mp4	train	normal	TR02891	320	240	30.0	796	h264	26.562993	6397589	1926767	Lavf56.36.100			0
train/normal/videos/TR02897.mp4	train	normal	TR02897	320	240	30.0	1013	h264	33.766667	7768749	1840572	Lavf56.36.100			0
train/normal/videos/TR02903.mp4	train	normal	TR02903	320	240	30.0	908	h264	30.266667	5179003	1368899	Lavf56.36.100			0
train/normal/videos/TR02909.mp4	train	normal	TR02909	320	240	30.0	1830	h264	61.021995	14368464	1883709	Lavf56.36.100			0
train/normal/videos/TR02915.mp4	train	normal	TR02915	320	240	30.0	3359	h264	111.966667	28883204	2063700	Lavf56.36.100			0
train/normal/videos/TR02921.mp4	train	normal	TR02921	320	240	30.0	1802	h264	60.066667	15119673	2013718	Lavf56.36.100			0
train/normal/videos/TR02927.mp4	train	normal	TR02927	320	240	30.0	5004	h264	166.811995	38440552	1843538	Lavf56.36.100			0
train/normal/videos/TR02933.mp4	train	normal	TR02933	320	240	30.0	510	h264	17.020000	3833832	1802036	Lavf56.36.100			0
train/normal/videos/TR02939.mp4	train	normal	TR02939	320	240	30.0	2575	h264	85.842993	21833751	2034761	Lavf56.36.100			0
train/normal/videos/TR02945.mp4	train	normal	TR02945	320	240	30.0	2849	h264	95.016009	11584759	975394	Lavf56.36.100			0
train/normal/videos/TR02951.mp4	train	normal	TR02951	320	240	30.0	870	h264	29.000000	7080471	1953233	Lavf56.36.100			0
train/normal/videos/TR02957.mp4	train	normal	TR02957	320	240	30.0	2239	h264	74.650998	17349835	1859301	Lavf56.36.100			0
train/normal/videos/TR02963.mp4	train	normal	TR02963	320	240	30.0	1787	h264	60.012993	6102301	813463	Lavf56.36.100			0
train/normal/videos/TR02969.mp4	train	normal	TR02969	320	240	30.0	993	h264	33.132993	7306717	1764215	Lavf56.36.100			0
train/normal/videos/TR02975.mp4	train	normal	TR02975	320	240	30.0	4755	h264	158.511995	25127701	1268179	Lavf56.36.100			0
train/normal/videos/TR02981.mp4	train	normal	TR02981	256	192	30.0	3597	mpeg4	119.900000	10774727	718914	Lavf59.27.100			
train/normal/videos/TR02987.mp4	train	normal	TR02987	320	240	30.0	3072	h264	102.506009	17285317	1349018	Lavf56.36.100			0
train/normal/videos/TR02993.mp4	train	normal	TR02993	256	192	30.0	5395	mpeg4	179.833333	36761541	1635360	Lavf59.27.100			
train/normal/videos/TR02999.mp4	train	normal	TR02999	320	240	30.0	26994	h264	899.800000	222147852	1975086	Lavf56.36.100			0
train/normal/videos/TR03005.mp4	train	normal	TR03005	320	240	30.0	1890	h264	63.018005	15538811	1972618	Lavf56.36.100			0
train/normal/videos/TR03011.mp4	train	normal	TR03011	320	240	30.0	1876	h264	62.533333	16910065	2163334	Lavf56.36.100			0
train/normal/videos/TR03017.mp4	train	normal	TR03017	320	240	30.0	559	h264	18.645011	4553775	1953884	Lavf56.36.100			0
train/normal/videos/TR03023.mp4	train	normal	TR03023	320	240	30.0	1137	h264	37.940000	5434534	1145921	Lavf56.36.100			0
train/normal/videos/TR03029.mp4	train	normal	TR03029	320	240	30.0	5340	h264	178.027007	34261649	1539615	Lavf56.36.100			0
train/normal/videos/TR03035.mp4	train	normal	TR03035	256	192	30.0	301	mpeg4	10.033333	1804567	1438857	Lavf59.27.100			
train/normal/videos/TR03041.mp4	train	normal	TR03041	256	192	30.0	765	mpeg4	25.500000	3689079	1157358	Lavf59.27.100			
train/normal/videos/TR03047.mp4	train	normal	TR03047	320	240	30.0	3397	h264	113.266009	32543140	2298528	Lavf56.36.100			0
train/normal/videos/TR03053.mp4	train	normal	TR03053	256	192	30.0	1799	mpeg4	59.966667	7233068	964945	Lavf59.27.100			
train/normal/videos/TR03059.mp4	train	normal	TR03059	320	240	30.0	4323	h264	144.102993	27497967	1526572	Lavf56.36.100			0
train/normal/videos/TR03065.mp4	train	normal	TR03065	320	240	30.0	1898	h264	63.272993	16153946	2042444	Lavf56.36.100			0
train/normal/videos/TR03071.mp4	train	normal	TR03071	256	192	30.0	3597	mpeg4	119.900000	23169133	1545897	Lavf59.27.100			
train/normal/videos/TR03077.mp4	train	normal	TR03077	320	240	30.0	4079	h264	135.966667	32869447	1933970	Lavf56.36.100			0
train/normal/videos/TR03083.mp4	train	normal	TR03083	320	240	30.0	2015	h264	67.175011	16701408	1989002	Lavf56.36.100			0
train/normal/videos/TR03089.mp4	train	normal	TR03089	320	240	30.0	18054	h264	601.813991	109523035	1455905	Lavf56.36.100			0
train/normal/videos/TR03095.mp4	train	normal	TR03095	320	240	30.0	311	h264	12.020000	2697976	1795657	Lavf56.36.100			0
train/normal/videos/TR03101.mp4	train	normal	TR03101	320	240	30.0	527	h264	17.600000	4070059	1850026	Lavf56.36.100			0
train/normal/videos/TR03107.mp4	train	normal	TR03107	320	240	30.0	30740	h264	1024.788005	255852140	1997307	Lavf56.36.100			0
train/normal/videos/TR03113.mp4	train	normal	TR03113	256	192	30.0	3597	mpeg4	119.900000	16426046	1095983	Lavf59.27.100			
train/normal/videos/TR03119.mp4	train	normal	TR03119	256	192	30.0	450	mpeg4	15.000000	2328790	1242021	Lavf59.27.100			
train/normal/videos/TR03125.mp4	train	normal	TR03125	320	240	30.0	288	h264	9.610998	2439126	2030279	Lavf56.36.100			0
train/normal/videos/TR03131.mp4	train	normal	TR03131	320	240	30.0	1559	h264	51.966667	7111346	1094754	Lavf56.36.100			0
train/normal/videos/TR03137.mp4	train	normal	TR03137	320	240	30.0	4169	h264	138.993991	36084189	2076877	Lavf56.36.100			0
train/normal/videos/TR03143.mp4	train	normal	TR03143	320	240	30.0	4094	h264	136.486009	34494101	2021839	Lavf56.36.100			0
train/normal/videos/TR03149.mp4	train	normal	TR03149	320	240	30.0	492	h264	16.400000	4854363	2367981	Lavf56.36.100			0
train/normal/videos/TR03155.mp4	train	normal	TR03155	320	240	30.0	8211	h264	273.716009	72072798	2106498	Lavf56.36.100			0
train/normal/videos/TR03161.mp4	train	normal	TR03161	320	240	30.0	22170	h264	739.020998	200280243	2168060	Lavf56.36.100			0
train/normal/videos/TR03167.mp4	train	normal	TR03167	320	240	30.0	5322	h264	177.400000	44955718	2027315	Lavf56.36.100			0
train/normal/videos/TR03173.mp4	train	normal	TR03173	320	240	30.0	2001	h264	66.710000	14716576	1764841	Lavf56.36.100			0
train/normal/videos/TR03179.mp4	train	normal	TR03179	320	240	30.0	1896	h264	63.203991	16155083	2044818	Lavf56.36.100			0
train/normal/videos/TR03185.mp4	train	normal	TR03185	320	240	30.0	107973	h264	3599.206009	843369051	1874566	Lavf56.36.100			0
train/normal/videos/TR03191.mp4	train	normal	TR03191	320	240	30.0	2259	h264	75.340998	9820124	1042738	Lavf56.36.100			0
train/normal/videos/TR03197.mp4	train	normal	TR03197	320	240	30.0	8686	h264	289.551995	73142050	2020833	Lavf56.36.100			0
train/normal/videos/TR03202.mp4	train	normal	TR03202	320	240	30.0	2550	h264	85.006009	21233574	1998312	Lavf56.36.100			0
train/normal/videos/TR03207.mp4	train	normal	TR03207	320	240	30.0	4136	h264	137.880000	30094050	1746100	Lavf56.36.100			0
train/normal/videos/TR03212.mp4	train	normal	TR03212	320	240	30.0	5615	h264	187.166667	49190146	2102517	Lavf56.36.100			0
train/normal/videos/TR03217.mp4	train	normal	TR03217	320	240	30.0	3814	h264	127.151995	25711822	1617706	Lavf56.36.100			0
train/road_spill_or_debris/videos/TR00180.mp4	train	road_spill_or_debris	TR00180	1280	720	15.0	106	h264	7.066667	413677	468313	Lavf58.76.100			
train/road_spill_or_debris/videos/TR00181.mp4	train	road_spill_or_debris	TR00181	1280	720	15.0	108	h264	7.200000	401224	445804	Lavf58.76.100			
train/road_spill_or_debris/videos/TR00182.mp4	train	road_spill_or_debris	TR00182	1280	720	15.0	69	h264	4.600000	533241	927375	Lavf58.76.100			
train/road_spill_or_debris/videos/TR00183.mp4	train	road_spill_or_debris	TR00183	1280	720	15.0	120	h264	8.000000	497194	497194	Lavf58.76.100			
train/road_spill_or_debris/videos/TR00184.mp4	train	road_spill_or_debris	TR00184	1280	720	15.0	108	h264	7.200000	501949	557721	Lavf58.76.100			
train/road_spill_or_debris/videos/TR00185.mp4	train	road_spill_or_debris	TR00185	1280	720	15.0	129	h264	8.600000	564751	525349	Lavf58.76.100			
train/road_spill_or_debris/videos/TR00186.mp4	train	road_spill_or_debris	TR00186	1280	720	15.0	138	h264	9.200000	2000079	1739199	Lavf58.76.100			
train/road_spill_or_debris/videos/TR00187.mp4	train	road_spill_or_debris	TR00187	1280	720	15.0	123	h264	8.200000	786434	767252	Lavf58.76.100			
train/road_spill_or_debris/videos/TR00188.mp4	train	road_spill_or_debris	TR00188	1280	720	15.0	120	h264	8.000000	545416	545416	Lavf58.76.100			
train/road_spill_or_debris/videos/TR00189.mp4	train	road_spill_or_debris	TR00189	1280	720	15.0	104	h264	6.933333	291240	336046	Lavf58.76.100			
train/road_spill_or_debris/videos/TR00190.mp4	train	road_spill_or_debris	TR00190	1280	720	15.0	141	h264	9.400000	538894	458633	Lavf58.76.100			
train/road_spill_or_debris/videos/TR00191.mp4	train	road_spill_or_debris	TR00191	1280	720	15.0	77	h264	5.133333	284862	443940	Lavf58.76.100			
train/road_spill_or_debris/videos/TR00192.mp4	train	road_spill_or_debris	TR00192	1280	720	15.0	76	h264	5.066667	532469	840740	Lavf58.76.100			
train/road_spill_or_debris/videos/TR00193.mp4	train	road_spill_or_debris	TR00193	1280	720	15.0	85	h264	5.666667	851310	1201849	Lavf58.76.100			
train/road_spill_or_debris/videos/TR00194.mp4	train	road_spill_or_debris	TR00194	1280	720	15.0	41	h264	2.733333	215341	630266	Lavf58.76.100			
train/road_spill_or_debris/videos/TR00195.mp4	train	road_spill_or_debris	TR00195	1280	720	15.0	122	h264	8.133333	1357429	1335176	Lavf58.76.100			
train/road_spill_or_debris/videos/TR00196.mp4	train	road_spill_or_debris	TR00196	1280	720	15.0	75	h264	5.000000	378273	605236	Lavf58.76.100			
train/road_spill_or_debris/videos/TR00197.mp4	train	road_spill_or_debris	TR00197	1280	720	15.0	101	h264	6.733333	804633	955999	Lavf58.76.100			
train/road_spill_or_debris/videos/TR00198.mp4	train	road_spill_or_debris	TR00198	1280	720	15.0	91	h264	6.066667	446340	588580	Lavf58.76.100			
train/road_spill_or_debris/videos/TR00199.mp4	train	road_spill_or_debris	TR00199	1280	720	15.0	79	h264	5.266667	342564	520350	Lavf58.76.100			
train/road_spill_or_debris/videos/TR00201.mp4	train	road_spill_or_debris	TR00201	1280	720	15.0	120	h264	8.000000	857357	857357	Lavf58.76.100			
train/road_spill_or_debris/videos/TR00202.mp4	train	road_spill_or_debris	TR00202	1280	720	15.0	116	h264	7.733333	871309	901354	Lavf58.76.100			
train/road_spill_or_debris/videos/TR00203.mp4	train	road_spill_or_debris	TR00203	1280	720	15.0	78	h264	5.200000	738404	1136006	Lavf58.76.100			
train/road_spill_or_debris/videos/TR00204.mp4	train	road_spill_or_debris	TR00204	1280	720	15.0	47	h264	3.133333	317576	810832	Lavf58.76.100			
train/road_spill_or_debris/videos/TR00205.mp4	train	road_spill_or_debris	TR00205	1280	720	15.0	135	h264	9.000000	956487	850210	Lavf58.76.100			0
train/road_spill_or_debris/videos/TR00206.mp4	train	road_spill_or_debris	TR00206	1280	720	15.0	93	h264	6.200000	558271	720349	Lavf58.76.100			
train/road_spill_or_debris/videos/TR00207.mp4	train	road_spill_or_debris	TR00207	1280	720	15.0	104	h264	6.933333	467448	539363	Lavf58.76.100			
train/road_spill_or_debris/videos/TR00208.mp4	train	road_spill_or_debris	TR00208	1280	720	15.0	100	h264	6.666667	299780	359735	Lavf58.76.100			
train/road_spill_or_debris/videos/TR00209.mp4	train	road_spill_or_debris	TR00209	1280	720	15.0	57	h264	3.800000	511838	1077553	Lavf58.76.100			
train/road_spill_or_debris/videos/TR00210.mp4	train	road_spill_or_debris	TR00210	1280	720	15.0	135	h264	9.000000	848228	753980	Lavf58.76.100			0
train/road_spill_or_debris/videos/TR00211.mp4	train	road_spill_or_debris	TR00211	1280	720	15.0	81	h264	5.400000	804072	1191217	Lavf58.76.100			
train/road_spill_or_debris/videos/TR00212.mp4	train	road_spill_or_debris	TR00212	1280	720	15.0	94	h264	6.266667	708278	904184	Lavf58.76.100			
train/road_spill_or_debris/videos/TR00213.mp4	train	road_spill_or_debris	TR00213	1280	720	15.0	81	h264	5.400000	868320	1286400	Lavf58.76.100			
train/road_spill_or_debris/videos/TR00214.mp4	train	road_spill_or_debris	TR00214	1280	720	15.0	72	h264	4.800000	451539	752565	Lavf58.76.100			
train/road_spill_or_debris/videos/TR00215.mp4	train	road_spill_or_debris	TR00215	1280	720	15.0	99	h264	6.600000	543787	659135	Lavf58.76.100			
train/road_spill_or_debris/videos/TR00216.mp4	train	road_spill_or_debris	TR00216	1280	720	15.0	120	h264	8.000000	860316	860316	Lavf58.76.100			
train/road_spill_or_debris/videos/TR00217.mp4	train	road_spill_or_debris	TR00217	1280	720	15.0	131	h264	8.733333	851462	779965	Lavf58.76.100			
train/road_spill_or_debris/videos/TR00218.mp4	train	road_spill_or_debris	TR00218	1280	720	15.0	81	h264	5.400000	628228	930708	Lavf58.76.100			0
train/road_spill_or_debris/videos/TR00219.mp4	train	road_spill_or_debris	TR00219	1280	720	15.0	81	h264	5.400000	479178	709893	Lavf58.76.100			
train/road_spill_or_debris/videos/TR00220.mp4	train	road_spill_or_debris	TR00220	1280	720	15.0	93	h264	6.200000	523529	675521	Lavf58.76.100			
train/road_spill_or_debris/videos/TR00221.mp4	train	road_spill_or_debris	TR00221	1280	720	15.0	141	h264	9.400000	767340	653055	Lavf58.76.100			
train/road_spill_or_debris/videos/TR00222.mp4	train	road_spill_or_debris	TR00222	1280	720	15.0	120	h264	8.000000	666805	666805	Lavf58.76.100			0
train/road_spill_or_debris/videos/TR00223.mp4	train	road_spill_or_debris	TR00223	1280	720	15.0	124	h264	8.266667	668768	647194	Lavf58.76.100			
train/road_spill_or_debris/videos/TR00224.mp4	train	road_spill_or_debris	TR00224	1280	720	15.0	141	h264	9.400000	749278	637683	Lavf58.76.100			
train/road_spill_or_debris/videos/TR00225.mp4	train	road_spill_or_debris	TR00225	1280	720	15.0	120	h264	8.000000	680465	680465	Lavf58.76.100			
train/road_spill_or_debris/videos/TR00226.mp4	train	road_spill_or_debris	TR00226	1280	720	15.0	130	h264	8.666667	459563	424211	Lavf58.76.100			
train/road_spill_or_debris/videos/TR00227.mp4	train	road_spill_or_debris	TR00227	1280	720	15.0	57	h264	3.800000	348163	732974	Lavf58.76.100			
train/road_spill_or_debris/videos/TR00228.mp4	train	road_spill_or_debris	TR00228	1280	720	15.0	162	h264	10.800000	1029349	762480	Lavf58.76.100			
train/road_spill_or_debris/videos/TR00229.mp4	train	road_spill_or_debris	TR00229	1280	720	15.0	75	h264	5.000000	295549	472878	Lavf58.76.100			
train/road_spill_or_debris/videos/TR00230.mp4	train	road_spill_or_debris	TR00230	1280	720	15.0	120	h264	8.000000	518417	518417	Lavf58.76.100			
train/road_spill_or_debris/videos/TR00231.mp4	train	road_spill_or_debris	TR00231	1280	720	15.0	100	h264	6.666667	655513	786615	Lavf58.76.100			
train/road_spill_or_debris/videos/TR00232.mp4	train	road_spill_or_debris	TR00232	1280	720	15.0	118	h264	7.866667	466673	474582	Lavf58.76.100			
train/road_spill_or_debris/videos/TR00233.mp4	train	road_spill_or_debris	TR00233	1280	720	15.0	106	h264	7.066667	280006	316987	Lavf58.76.100			
train/road_spill_or_debris/videos/TR00234.mp4	train	road_spill_or_debris	TR00234	1280	720	15.0	202	h264	13.466667	924248	549058	Lavf58.76.100			
train/road_spill_or_debris/videos/TR00235.mp4	train	road_spill_or_debris	TR00235	1280	720	15.0	180	h264	12.000000	3406059	2270706	Lavf58.76.100			
train/road_spill_or_debris/videos/TR00236.mp4	train	road_spill_or_debris	TR00236	1280	720	15.0	77	h264	5.133333	424417	661429	Lavf58.76.100			
train/road_spill_or_debris/videos/TR00237.mp4	train	road_spill_or_debris	TR00237	1280	720	15.0	450	h264	30.000000	2591403	691040	Lavf58.76.100			0
train/road_spill_or_debris/videos/TR00238.mp4	train	road_spill_or_debris	TR00238	1280	720	15.0	122	h264	8.133333	624920	614675	Lavf58.76.100			
train/road_spill_or_debris/videos/TR00240.mp4	train	road_spill_or_debris	TR00240	1280	720	15.0	83	h264	5.533333	660677	955195	Lavf58.76.100			
train/road_spill_or_debris/videos/TR00241.mp4	train	road_spill_or_debris	TR00241	1280	720	15.0	103	h264	6.866667	803045	935586	Lavf58.76.100			
train/road_spill_or_debris/videos/TR00242.mp4	train	road_spill_or_debris	TR00242	1280	720	15.0	88	h264	5.866667	1084493	1478854	Lavf58.76.100			
train/road_spill_or_debris/videos/TR00243.mp4	train	road_spill_or_debris	TR00243	1280	720	15.0	135	h264	9.000000	1203383	1069673	Lavf58.76.100			0
train/road_spill_or_debris/videos/TR00244.mp4	train	road_spill_or_debris	TR00244	1280	720	15.0	117	h264	7.800000	378709	388419	Lavf58.76.100			
train/road_spill_or_debris/videos/TR00245.mp4	train	road_spill_or_debris	TR00245	1280	720	15.0	133	h264	8.866667	457979	413214	Lavf58.76.100			
train/road_spill_or_debris/videos/TR00246.mp4	train	road_spill_or_debris	TR00246	1280	720	15.0	111	h264	7.400000	786178	849922	Lavf58.76.100			
train/road_spill_or_debris/videos/TR00247.mp4	train	road_spill_or_debris	TR00247	1280	720	15.0	141	h264	9.400000	653608	556262	Lavf58.76.100			
train/road_spill_or_debris/videos/TR00248.mp4	train	road_spill_or_debris	TR00248	1280	720	15.0	93	h264	6.200000	369129	476295	Lavf58.76.100			
train/road_spill_or_debris/videos/TR00249.mp4	train	road_spill_or_debris	TR00249	1280	720	15.0	120	h264	8.000000	578963	578963	Lavf58.76.100			
train/road_spill_or_debris/videos/TR00250.mp4	train	road_spill_or_debris	TR00250	1280	720	15.0	88	h264	5.866667	287398	391906	Lavf58.76.100			
train/road_spill_or_debris/videos/TR00251.mp4	train	road_spill_or_debris	TR00251	1280	720	15.0	80	h264	5.333333	297073	445609	Lavf58.76.100			
train/road_spill_or_debris/videos/TR00252.mp4	train	road_spill_or_debris	TR00252	1280	720	15.0	64	h264	4.266667	752241	1410451	Lavf58.76.100			
train/road_spill_or_debris/videos/TR00253.mp4	train	road_spill_or_debris	TR00253	1280	720	15.0	180	h264	12.000000	948177	632118	Lavf58.76.100			0
train/road_spill_or_debris/videos/TR00254.mp4	train	road_spill_or_debris	TR00254	1280	720	15.0	82	h264	5.466667	331857	485644	Lavf58.76.100			
train/road_spill_or_debris/videos/TR00255.mp4	train	road_spill_or_debris	TR00255	1280	720	15.0	97	h264	6.466667	214677	265579	Lavf58.76.100			
train/road_spill_or_debris/videos/TR00256.mp4	train	road_spill_or_debris	TR00256	1280	720	15.0	104	h264	6.933333	679330	783842	Lavf58.76.100			
train/road_spill_or_debris/videos/TR00257.mp4	train	road_spill_or_debris	TR00257	1280	720	15.0	135	h264	9.000000	1040554	924936	Lavf58.76.100			
train/road_spill_or_debris/videos/TR00258.mp4	train	road_spill_or_debris	TR00258	1280	720	15.0	120	h264	8.000000	533416	533416	Lavf58.76.100			0
train/road_spill_or_debris/videos/TR00259.mp4	train	road_spill_or_debris	TR00259	1280	720	15.0	116	h264	7.733333	844547	873669	Lavf58.76.100			
train/road_spill_or_debris/videos/TR02752.mp4	train	road_spill_or_debris	TR02752	640	480	25.0	120	h264	4.800000	2832805	4721341				
train/road_spill_or_debris/videos/TR02762.mp4	train	road_spill_or_debris	TR02762	640	480	25.0	79	h264	3.160000	2077854	5260389				
train/road_spill_or_debris/videos/TR02772.mp4	train	road_spill_or_debris	TR02772	640	480	25.0	208	h264	8.320000	5455410	5245586				
train/road_spill_or_debris/videos/TR02782.mp4	train	road_spill_or_debris	TR02782	640	480	25.0	421	h264	16.840000	11106084	5276049				
train/road_spill_or_debris/videos/TR02791.mp4	train	road_spill_or_debris	TR02791	640	480	25.0	113	h264	4.520000	3206630	5675451				
train/road_spill_or_debris/videos/TR02799.mp4	train	road_spill_or_debris	TR02799	640	480	25.0	208	h264	8.320000	5692303	5473368				
train/road_spill_or_debris/videos/TR02807.mp4	train	road_spill_or_debris	TR02807	640	480	25.0	135	h264	5.400000	3738952	5539188				
train/road_spill_or_debris/videos/TR02815.mp4	train	road_spill_or_debris	TR02815	640	480	25.0	156	h264	6.240000	5126965	6573032				
train/road_spill_or_debris/videos/TR02823.mp4	train	road_spill_or_debris	TR02823	640	480	25.0	174	h264	6.960000	2435892	2799875				
train/road_spill_or_debris/videos/TR02831.mp4	train	road_spill_or_debris	TR02831	640	480	25.0	257	h264	10.280000	8189663	6373278				
train/road_spill_or_debris/videos/TR02838.mp4	train	road_spill_or_debris	TR02838	640	480	25.0	95	h264	3.800000	2529206	5324644				
train/road_spill_or_debris/videos/TR02845.mp4	train	road_spill_or_debris	TR02845	320	240	30.0	1748	h264	58.375011	10410861	1426755	Lavf56.36.100			0
train/road_spill_or_debris/videos/TR02852.mp4	train	road_spill_or_debris	TR02852	640	480	25.0	194	h264	7.760000	8191992	8445352				
train/road_spill_or_debris/videos/TR02859.mp4	train	road_spill_or_debris	TR02859	320	240	30.0	263	h264	8.766667	2426010	2213849	Lavf56.36.100			0
train/road_spill_or_debris/videos/TR02866.mp4	train	road_spill_or_debris	TR02866	640	480	25.0	221	h264	8.840000	4745656	4294711				
train/road_spill_or_debris/videos/TR02873.mp4	train	road_spill_or_debris	TR02873	640	480	25.0	167	h264	6.680000	2742022	3283858				
train/road_spill_or_debris/videos/TR02880.mp4	train	road_spill_or_debris	TR02880	640	480	25.0	155	h264	6.200000	3757159	4847947				
train/road_spill_or_debris/videos/TR02887.mp4	train	road_spill_or_debris	TR02887	640	480	25.0	131	h264	5.240000	2560716	3909490				
train/road_spill_or_debris/videos/TR02894.mp4	train	road_spill_or_debris	TR02894	640	480	25.0	337	h264	13.480000	7350968	4362592				
train/road_spill_or_debris/videos/TR02900.mp4	train	road_spill_or_debris	TR02900	640	360	30.0	1553	h264	51.826939	2333763	360239				
train/road_spill_or_debris/videos/TR02906.mp4	train	road_spill_or_debris	TR02906	640	480	25.0	174	h264	6.960000	5489878	6310204				
train/road_spill_or_debris/videos/TR02912.mp4	train	road_spill_or_debris	TR02912	640	480	25.0	180	h264	7.200000	3617909	4019898				
train/road_spill_or_debris/videos/TR02918.mp4	train	road_spill_or_debris	TR02918	640	480	25.0	125	h264	5.000000	2120608	3392972				
train/road_spill_or_debris/videos/TR02924.mp4	train	road_spill_or_debris	TR02924	640	480	25.0	142	h264	5.680000	6805003	9584511				
train/road_spill_or_debris/videos/TR02930.mp4	train	road_spill_or_debris	TR02930	640	480	25.0	174	h264	6.960000	4275490	4914356				
train/road_spill_or_debris/videos/TR02936.mp4	train	road_spill_or_debris	TR02936	640	480	25.0	193	h264	7.720000	4926166	5104835				
train/road_spill_or_debris/videos/TR02942.mp4	train	road_spill_or_debris	TR02942	320	240	30.0	842	h264	28.066667	7365439	2099412	Lavf56.36.100			0
train/road_spill_or_debris/videos/TR02948.mp4	train	road_spill_or_debris	TR02948	640	480	25.0	361	h264	14.440000	5419641	3002571				
train/road_spill_or_debris/videos/TR02954.mp4	train	road_spill_or_debris	TR02954	640	480	25.0	276	h264	11.040000	6902180	5001579				
train/road_spill_or_debris/videos/TR02960.mp4	train	road_spill_or_debris	TR02960	640	480	25.0	171	h264	6.840000	5689849	6654794				
train/road_spill_or_debris/videos/TR02966.mp4	train	road_spill_or_debris	TR02966	640	480	25.0	133	h264	5.320000	2182140	3281413				
train/road_spill_or_debris/videos/TR02972.mp4	train	road_spill_or_debris	TR02972	640	480	25.0	155	h264	6.200000	3773146	4868575				
train/road_spill_or_debris/videos/TR02978.mp4	train	road_spill_or_debris	TR02978	640	480	25.0	351	h264	14.040000	5585423	3182577				
train/road_spill_or_debris/videos/TR02984.mp4	train	road_spill_or_debris	TR02984	640	480	25.0	151	h264	6.040000	3036004	4021197				
train/road_spill_or_debris/videos/TR02990.mp4	train	road_spill_or_debris	TR02990	640	480	25.0	237	h264	9.480000	6558933	5534964				
train/road_spill_or_debris/videos/TR02996.mp4	train	road_spill_or_debris	TR02996	640	480	25.0	157	h264	6.280000	2461499	3135667				
train/road_spill_or_debris/videos/TR03002.mp4	train	road_spill_or_debris	TR03002	320	240	30.0	3819	h264	127.617007	16784218	1052161	Lavf56.36.100			0
train/road_spill_or_debris/videos/TR03008.mp4	train	road_spill_or_debris	TR03008	640	480	25.0	106	h264	4.240000	5484581	10348266				
train/road_spill_or_debris/videos/TR03014.mp4	train	road_spill_or_debris	TR03014	320	240	30.0	2634	h264	87.980000	16957057	1541901	Lavf56.36.100			0
train/road_spill_or_debris/videos/TR03020.mp4	train	road_spill_or_debris	TR03020	640	480	25.0	184	h264	7.360000	4220629	4587640				
train/road_spill_or_debris/videos/TR03026.mp4	train	road_spill_or_debris	TR03026	640	480	25.0	128	h264	5.120000	2104156	3287743				
train/road_spill_or_debris/videos/TR03032.mp4	train	road_spill_or_debris	TR03032	640	480	25.0	162	h264	6.480000	1554404	1919017				
train/road_spill_or_debris/videos/TR03038.mp4	train	road_spill_or_debris	TR03038	640	480	25.0	229	h264	9.160000	4592146	4010607				
train/road_spill_or_debris/videos/TR03044.mp4	train	road_spill_or_debris	TR03044	640	480	25.0	339	h264	13.560000	17126646	10104215				
train/road_spill_or_debris/videos/TR03050.mp4	train	road_spill_or_debris	TR03050	640	480	25.0	169	h264	6.760000	3598670	4258781				
train/road_spill_or_debris/videos/TR03056.mp4	train	road_spill_or_debris	TR03056	640	480	25.0	167	h264	6.680000	4847068	5804871				
train/road_spill_or_debris/videos/TR03062.mp4	train	road_spill_or_debris	TR03062	640	480	25.0	249	h264	9.960000	10735432	8622836				
train/road_spill_or_debris/videos/TR03068.mp4	train	road_spill_or_debris	TR03068	640	480	25.0	137	h264	5.480000	2195052	3204455				
train/road_spill_or_debris/videos/TR03074.mp4	train	road_spill_or_debris	TR03074	720	404	30.0	176	mpeg4	5.866667	1007612	1374016	Lavf59.27.100			
train/road_spill_or_debris/videos/TR03080.mp4	train	road_spill_or_debris	TR03080	640	480	25.0	225	h264	9.000000	8478241	7536214				
train/road_spill_or_debris/videos/TR03086.mp4	train	road_spill_or_debris	TR03086	640	480	25.0	351	h264	14.040000	5561488	3168939				
train/road_spill_or_debris/videos/TR03092.mp4	train	road_spill_or_debris	TR03092	640	480	25.0	185	h264	7.400000	5927133	6407711				
train/road_spill_or_debris/videos/TR03098.mp4	train	road_spill_or_debris	TR03098	640	480	25.0	181	h264	7.240000	3730393	4121981				
train/road_spill_or_debris/videos/TR03104.mp4	train	road_spill_or_debris	TR03104	640	480	25.0	260	h264	10.400000	5067826	3898327				
train/road_spill_or_debris/videos/TR03110.mp4	train	road_spill_or_debris	TR03110	640	480	25.0	197	h264	7.880000	2964834	3009983				
train/road_spill_or_debris/videos/TR03116.mp4	train	road_spill_or_debris	TR03116	640	360	30.0	1553	h264	51.826939	2190403	338110				
train/road_spill_or_debris/videos/TR03122.mp4	train	road_spill_or_debris	TR03122	320	240	30.0	3611	h264	120.465011	22015308	1462021	Lavf56.36.100			0
train/road_spill_or_debris/videos/TR03128.mp4	train	road_spill_or_debris	TR03128	640	480	25.0	177	h264	7.080000	1909170	2157254				
train/road_spill_or_debris/videos/TR03134.mp4	train	road_spill_or_debris	TR03134	640	480	25.0	221	h264	8.840000	4619399	4180451				
train/road_spill_or_debris/videos/TR03140.mp4	train	road_spill_or_debris	TR03140	320	240	30.0	1691	h264	56.366667	10642571	1510477	Lavf56.36.100			0
train/road_spill_or_debris/videos/TR03146.mp4	train	road_spill_or_debris	TR03146	640	480	25.0	156	h264	6.240000	7665432	9827476				
train/road_spill_or_debris/videos/TR03152.mp4	train	road_spill_or_debris	TR03152	640	480	25.0	139	h264	5.560000	4265523	6137443				
train/road_spill_or_debris/videos/TR03158.mp4	train	road_spill_or_debris	TR03158	640	480	25.0	130	h264	5.200000	6033449	9282229				
train/road_spill_or_debris/videos/TR03164.mp4	train	road_spill_or_debris	TR03164	640	480	25.0	147	h264	5.880000	2198089	2990597				
train/road_spill_or_debris/videos/TR03170.mp4	train	road_spill_or_debris	TR03170	640	480	25.0	288	h264	11.520000	7611660	5285875				
train/road_spill_or_debris/videos/TR03176.mp4	train	road_spill_or_debris	TR03176	640	480	25.0	151	h264	6.040000	2419729	3204939				
train/road_spill_or_debris/videos/TR03182.mp4	train	road_spill_or_debris	TR03182	640	480	25.0	206	h264	8.240000	5091620	4943320				
train/road_spill_or_debris/videos/TR03188.mp4	train	road_spill_or_debris	TR03188	640	480	25.0	176	h264	7.040000	3833375	4356107				
train/road_spill_or_debris/videos/TR03194.mp4	train	road_spill_or_debris	TR03194	640	480	25.0	204	h264	8.160000	10183311	9983638				
train/road_spill_or_debris/videos/TR03200.mp4	train	road_spill_or_debris	TR03200	640	480	25.0	270	h264	10.800000	9664612	7158971				
train/road_spill_or_debris/videos/TR03205.mp4	train	road_spill_or_debris	TR03205	640	480	25.0	389	h264	15.560000	7791713	4006022				
train/road_spill_or_debris/videos/TR03210.mp4	train	road_spill_or_debris	TR03210	640	480	25.0	376	h264	15.040000	6577386	3498609				
train/road_spill_or_debris/videos/TR03215.mp4	train	road_spill_or_debris	TR03215	640	480	25.0	126	h264	5.040000	4278159	6790728				
train/smoke/videos/TR00261.mp4	train	smoke	TR00261	1280	720	15.0	87	h264	5.800000	1059133	1460873	Lavf58.76.100	EV录屏3.9.5软件录制	本视频由湖南一唯信息科技开发的EV录屏软件录制，www.ieway.cn	
train/smoke/videos/TR00262.mp4	train	smoke	TR00262	1280	720	15.0	88	h264	5.866667	864368	1178683	Lavf58.76.100	EV录屏3.9.5软件录制	本视频由湖南一唯信息科技开发的EV录屏软件录制，www.ieway.cn	
train/smoke/videos/TR00264.mp4	train	smoke	TR00264	1280	720	15.0	87	h264	5.800000	1087762	1500361	Lavf58.76.100	EV录屏3.9.5软件录制	本视频由湖南一唯信息科技开发的EV录屏软件录制，www.ieway.cn	
train/smoke/videos/TR00265.mp4	train	smoke	TR00265	1280	720	15.0	87	h264	5.800000	1632512	2251740	Lavf58.76.100	EV录屏3.9.5软件录制	本视频由湖南一唯信息科技开发的EV录屏软件录制，www.ieway.cn	
train/smoke/videos/TR00266.mp4	train	smoke	TR00266	1280	720	15.0	87	h264	5.800000	883829	1219074	Lavf58.76.100	EV录屏3.9.5软件录制	本视频由湖南一唯信息科技开发的EV录屏软件录制，www.ieway.cn	
train/smoke/videos/TR00267.mp4	train	smoke	TR00267	1280	720	15.0	450	h264	30.000000	1445838	385556	Lavf58.76.100			0
train/smoke/videos/TR00268.mp4	train	smoke	TR00268	1280	720	15.0	135	h264	9.000000	410921	365263	Lavf58.76.100			0
train/smoke/videos/TR00269.mp4	train	smoke	TR00269	1280	720	15.0	87	h264	5.800000	647502	893106	Lavf58.76.100	EV录屏3.9.5软件录制	本视频由湖南一唯信息科技开发的EV录屏软件录制，www.ieway.cn	
train/smoke/videos/TR00270.mp4	train	smoke	TR00270	1280	720	15.0	226	h264	15.066667	1287709	683739	Lavf58.76.100			
train/smoke/videos/TR00271.mp4	train	smoke	TR00271	1280	720	15.0	87	h264	5.800000	933384	1287426	Lavf58.76.100	EV录屏3.9.5软件录制	本视频由湖南一唯信息科技开发的EV录屏软件录制，www.ieway.cn	
train/smoke/videos/TR00272.mp4	train	smoke	TR00272	1280	720	15.0	87	h264	5.800000	759250	1047241	Lavf58.76.100	EV录屏3.9.5软件录制	本视频由湖南一唯信息科技开发的EV录屏软件录制，www.ieway.cn	
train/smoke/videos/TR00274.mp4	train	smoke	TR00274	1280	720	15.0	87	h264	5.800000	1083631	1494663	Lavf58.76.100	EV录屏3.9.5软件录制	本视频由湖南一唯信息科技开发的EV录屏软件录制，www.ieway.cn	
train/smoke/videos/TR00275.mp4	train	smoke	TR00275	1280	720	15.0	88	h264	5.866667	1853396	2527358	Lavf58.76.100	EV录屏3.9.5软件录制	本视频由湖南一唯信息科技开发的EV录屏软件录制，www.ieway.cn	
train/smoke/videos/TR00276.mp4	train	smoke	TR00276	1280	720	15.0	87	h264	5.800000	1327382	1830871	Lavf58.76.100	EV录屏3.9.5软件录制	本视频由湖南一唯信息科技开发的EV录屏软件录制，www.ieway.cn	
train/smoke/videos/TR00277.mp4	train	smoke	TR00277	1280	720	15.0	87	h264	5.800000	903689	1246467	Lavf58.76.100	EV录屏3.9.5软件录制	本视频由湖南一唯信息科技开发的EV录屏软件录制，www.ieway.cn	
train/smoke/videos/TR00278.mp4	train	smoke	TR00278	1280	720	15.0	450	h264	30.000000	4653033	1240808	Lavf58.76.100			0
train/smoke/videos/TR00279.mp4	train	smoke	TR00279	1280	720	15.0	87	h264	5.800000	1143930	1577834	Lavf58.76.100	EV录屏3.9.5软件录制	本视频由湖南一唯信息科技开发的EV录屏软件录制，www.ieway.cn	
train/smoke/videos/TR00280.mp4	train	smoke	TR00280	1280	720	15.0	87	h264	5.800000	1683248	2321721	Lavf58.76.100	EV录屏3.9.5软件录制	本视频由湖南一唯信息科技开发的EV录屏软件录制，www.ieway.cn	
train/smoke/videos/TR00281.mp4	train	smoke	TR00281	1280	720	15.0	87	h264	5.800000	1127488	1555155	Lavf58.76.100	EV录屏3.9.5软件录制	本视频由湖南一唯信息科技开发的EV录屏软件录制，www.ieway.cn	
train/smoke/videos/TR00282.mp4	train	smoke	TR00282	1280	720	15.0	88	h264	5.866667	1003076	1367830	Lavf58.76.100	EV录屏3.9.5软件录制	本视频由湖南一唯信息科技开发的EV录屏软件录制，www.ieway.cn	
train/smoke/videos/TR00283.mp4	train	smoke	TR00283	1280	720	15.0	87	h264	5.800000	1070491	1476539	Lavf58.76.100	EV录屏3.9.5软件录制	本视频由湖南一唯信息科技开发的EV录屏软件录制，www.ieway.cn	
train/smoke/videos/TR00284.mp4	train	smoke	TR00284	1280	720	15.0	87	h264	5.800000	911743	1257576	Lavf58.76.100	EV录屏3.9.5软件录制	本视频由湖南一唯信息科技开发的EV录屏软件录制，www.ieway.cn	
train/smoke/videos/TR00285.mp4	train	smoke	TR00285	1280	720	15.0	88	h264	5.866667	763818	1041569	Lavf58.76.100	EV录屏3.9.5软件录制	本视频由湖南一唯信息科技开发的EV录屏软件录制，www.ieway.cn	
train/smoke/videos/TR00286.mp4	train	smoke	TR00286	1280	720	15.0	88	h264	5.866667	805758	1098760	Lavf58.76.100	EV录屏3.9.5软件录制	本视频由湖南一唯信息科技开发的EV录屏软件录制，www.ieway.cn	
train/smoke/videos/TR00288.mp4	train	smoke	TR00288	1280	720	15.0	165	h264	11.000000	2735192	1989230	Lavf58.76.100			
train/smoke/videos/TR00289.mp4	train	smoke	TR00289	1280	720	15.0	450	h264	30.000000	2694431	718514	Lavf58.76.100			0
train/smoke/videos/TR00290.mp4	train	smoke	TR00290	1280	720	15.0	87	h264	5.800000	1932575	2665620	Lavf58.76.100	EV录屏3.9.5软件录制	本视频由湖南一唯信息科技开发的EV录屏软件录制，www.ieway.cn	
train/smoke/videos/TR00291.mp4	train	smoke	TR00291	1280	720	15.0	88	h264	5.866667	758861	1034810	Lavf58.76.100	EV录屏3.9.5软件录制	本视频由湖南一唯信息科技开发的EV录屏软件录制，www.ieway.cn	
train/smoke/videos/TR00292.mp4	train	smoke	TR00292	1280	720	15.0	87	h264	5.800000	1207017	1664851	Lavf58.76.100	EV录屏3.9.5软件录制	本视频由湖南一唯信息科技开发的EV录屏软件录制，www.ieway.cn	
train/smoke/videos/TR00293.mp4	train	smoke	TR00293	1280	720	15.0	226	h264	15.066667	924876	491084	Lavf58.76.100			
train/smoke/videos/TR00294.mp4	train	smoke	TR00294	1280	720	15.0	87	h264	5.800000	1547280	2134179	Lavf58.76.100	EV录屏3.9.5软件录制	本视频由湖南一唯信息科技开发的EV录屏软件录制，www.ieway.cn	
train/smoke/videos/TR00295.mp4	train	smoke	TR00295	1280	720	15.0	87	h264	5.800000	1577312	2175602	Lavf58.76.100	EV录屏3.9.5软件录制	本视频由湖南一唯信息科技开发的EV录屏软件录制，www.ieway.cn	
train/smoke/videos/TR00296.mp4	train	smoke	TR00296	1280	720	15.0	87	h264	5.800000	988304	1363177	Lavf58.76.100	EV录屏3.9.5软件录制	本视频由湖南一唯信息科技开发的EV录屏软件录制，www.ieway.cn	
train/smoke/videos/TR00297.mp4	train	smoke	TR00297	1280	720	15.0	87	h264	5.800000	1040798	1435583	Lavf58.76.100	EV录屏3.9.5软件录制	本视频由湖南一唯信息科技开发的EV录屏软件录制，www.ieway.cn	
train/smoke/videos/TR00298.mp4	train	smoke	TR00298	1280	720	15.0	87	h264	5.800000	865947	1194409	Lavf58.76.100	EV录屏3.9.5软件录制	本视频由湖南一唯信息科技开发的EV录屏软件录制，www.ieway.cn	
train/smoke/videos/TR00299.mp4	train	smoke	TR00299	1280	720	15.0	194	h264	12.933333	1100060	680449	Lavf58.76.100			
train/smoke/videos/TR00300.mp4	train	smoke	TR00300	1280	720	15.0	87	h264	5.800000	642434	886115	Lavf58.76.100	EV录屏3.9.5软件录制	本视频由湖南一唯信息科技开发的EV录屏软件录制，www.ieway.cn	
train/smoke/videos/TR00301.mp4	train	smoke	TR00301	1280	720	15.0	86	h264	5.733333	755790	1054590	Lavf58.76.100	EV录屏3.9.5软件录制	本视频由湖南一唯信息科技开发的EV录屏软件录制，www.ieway.cn	
train/smoke/videos/TR00302.mp4	train	smoke	TR00302	1280	720	15.0	87	h264	5.800000	760809	1049391	Lavf58.76.100	EV录屏3.9.5软件录制	本视频由湖南一唯信息科技开发的EV录屏软件录制，www.ieway.cn	
train/smoke/videos/TR00303.mp4	train	smoke	TR00303	1280	720	15.0	87	h264	5.800000	654381	902594	Lavf58.76.100	EV录屏3.9.5软件录制	本视频由湖南一唯信息科技开发的EV录屏软件录制，www.ieway.cn	
train/smoke/videos/TR00304.mp4	train	smoke	TR00304	1280	720	15.0	87	h264	5.800000	1294330	1785282	Lavf58.76.100	EV录屏3.9.5软件录制	本视频由湖南一唯信息科技开发的EV录屏软件录制，www.ieway.cn	
train/smoke/videos/TR00305.mp4	train	smoke	TR00305	1280	720	15.0	85	h264	5.666667	500961	707239	Lavf58.76.100			
train/smoke/videos/TR00306.mp4	train	smoke	TR00306	1280	720	15.0	88	h264	5.866667	2426638	3309051	Lavf58.76.100	EV录屏3.9.5软件录制	本视频由湖南一唯信息科技开发的EV录屏软件录制，www.ieway.cn	
train/smoke/videos/TR00307.mp4	train	smoke	TR00307	1280	720	15.0	450	h264	30.000000	1123370	299565	Lavf58.76.100			0
train/smoke/videos/TR00308.mp4	train	smoke	TR00308	1280	720	15.0	87	h264	5.800000	1638860	2260496	Lavf58.76.100	EV录屏3.9.5软件录制	本视频由湖南一唯信息科技开发的EV录屏软件录制，www.ieway.cn	
train/smoke/videos/TR00309.mp4	train	smoke	TR00309	1280	720	15.0	87	h264	5.800000	2255546	3111097	Lavf58.76.100	EV录屏3.9.5软件录制	本视频由湖南一唯信息科技开发的EV录屏软件录制，www.ieway.cn	
train/smoke/videos/TR00310.mp4	train	smoke	TR00310	1280	720	15.0	88	h264	5.866667	1423192	1940716	Lavf58.76.100	EV录屏3.9.5软件录制	本视频由湖南一唯信息科技开发的EV录屏软件录制，www.ieway.cn	
train/smoke/videos/TR00311.mp4	train	smoke	TR00311	1280	720	15.0	450	h264	30.000000	580439	154783	Lavf58.76.100			0
train/smoke/videos/TR00312.mp4	train	smoke	TR00312	1280	720	15.0	450	h264	30.000000	1648179	439514	Lavf58.76.100			0
train/smoke/videos/TR00313.mp4	train	smoke	TR00313	1280	720	15.0	87	h264	5.800000	2367166	3265056	Lavf58.76.100	EV录屏3.9.5软件录制	本视频由湖南一唯信息科技开发的EV录屏软件录制，www.ieway.cn	
train/smoke/videos/TR00314.mp4	train	smoke	TR00314	1280	720	15.0	87	h264	5.800000	746366	1029470	Lavf58.76.100	EV录屏3.9.5软件录制	本视频由湖南一唯信息科技开发的EV录屏软件录制，www.ieway.cn	
train/smoke/videos/TR00315.mp4	train	smoke	TR00315	1280	720	15.0	402	h264	26.800000	2399207	716181	Lavf58.76.100			0
train/smoke/videos/TR00316.mp4	train	smoke	TR00316	1280	720	15.0	226	h264	15.066667	1161159	616544	Lavf58.76.100			
train/smoke/videos/TR00317.mp4	train	smoke	TR00317	1280	720	15.0	87	h264	5.800000	592171	816787	Lavf58.76.100	EV录屏3.9.5软件录制	本视频由湖南一唯信息科技开发的EV录屏软件录制，www.ieway.cn	
train/smoke/videos/TR00318.mp4	train	smoke	TR00318	1280	720	15.0	87	h264	5.800000	1832225	2527206	Lavf58.76.100	EV录屏3.9.5软件录制	本视频由湖南一唯信息科技开发的EV录屏软件录制，www.ieway.cn	
train/smoke/videos/TR00319.mp4	train	smoke	TR00319	1280	720	15.0	226	h264	15.066667	1802162	956900	Lavf58.76.100			
train/smoke/videos/TR00321.mp4	train	smoke	TR00321	1280	720	15.0	226	h264	15.066667	641496	340617	Lavf58.76.100			
train/smoke/videos/TR00322.mp4	train	smoke	TR00322	1280	720	15.0	87	h264	5.800000	1129765	1558296	Lavf58.76.100	EV录屏3.9.5软件录制	本视频由湖南一唯信息科技开发的EV录屏软件录制，www.ieway.cn	
train/smoke/videos/TR00323.mp4	train	smoke	TR00323	1280	720	15.0	87	h264	5.800000	1095022	1510375	Lavf58.76.100	EV录屏3.9.5软件录制	本视频由湖南一唯信息科技开发的EV录屏软件录制，www.ieway.cn	
train/smoke/videos/TR00324.mp4	train	smoke	TR00324	1280	720	15.0	88	h264	5.866667	1779375	2426420	Lavf58.76.100	EV录屏3.9.5软件录制	本视频由湖南一唯信息科技开发的EV录屏软件录制，www.ieway.cn	
train/smoke/videos/TR00325.mp4	train	smoke	TR00325	1280	720	15.0	87	h264	5.800000	1124084	1550460	Lavf58.76.100	EV录屏3.9.5软件录制	本视频由湖南一唯信息科技开发的EV录屏软件录制，www.ieway.cn	
train/smoke/videos/TR00326.mp4	train	smoke	TR00326	1280	720	15.0	226	h264	15.066667	2789696	1481254	Lavf58.76.100			
train/smoke/videos/TR00327.mp4	train	smoke	TR00327	1280	720	15.0	132	h264	8.800000	978314	889376	Lavf58.76.100			
train/smoke/videos/TR00328.mp4	train	smoke	TR00328	1280	720	15.0	87	h264	5.800000	344234	474805	Lavf58.76.100	EV录屏3.9.5软件录制	本视频由湖南一唯信息科技开发的EV录屏软件录制，www.ieway.cn	
train/smoke/videos/TR00329.mp4	train	smoke	TR00329	1280	720	15.0	226	h264	15.066667	326346	173281	Lavf58.76.100			
train/smoke/videos/TR00330.mp4	train	smoke	TR00330	1280	720	15.0	88	h264	5.866667	1251689	1706848	Lavf58.76.100	EV录屏3.9.5软件录制	本视频由湖南一唯信息科技开发的EV录屏软件录制，www.ieway.cn	
train/smoke/videos/TR00331.mp4	train	smoke	TR00331	1280	720	15.0	87	h264	5.800000	1891877	2609485	Lavf58.76.100	EV录屏3.9.5软件录制	本视频由湖南一唯信息科技开发的EV录屏软件录制，www.ieway.cn	
train/smoke/videos/TR00332.mp4	train	smoke	TR00332	1280	720	15.0	87	h264	5.800000	1045131	1441560	Lavf58.76.100	EV录屏3.9.5软件录制	本视频由湖南一唯信息科技开发的EV录屏软件录制，www.ieway.cn	
train/smoke/videos/TR00333.mp4	train	smoke	TR00333	1280	720	15.0	87	h264	5.800000	636892	878471	Lavf58.76.100	EV录屏3.9.5软件录制	本视频由湖南一唯信息科技开发的EV录屏软件录制，www.ieway.cn	
train/smoke/videos/TR00334.mp4	train	smoke	TR00334	1280	720	15.0	88	h264	5.866667	2146999	2927725	Lavf58.76.100	EV录屏3.9.5软件录制	本视频由湖南一唯信息科技开发的EV录屏软件录制，www.ieway.cn	
train/smoke/videos/TR00335.mp4	train	smoke	TR00335	1280	720	15.0	87	h264	5.800000	765184	1055426	Lavf58.76.100	EV录屏3.9.5软件录制	本视频由湖南一唯信息科技开发的EV录屏软件录制，www.ieway.cn	
train/smoke/videos/TR00336.mp4	train	smoke	TR00336	1280	720	15.0	88	h264	5.866667	1184823	1615667	Lavf58.76.100	EV录屏3.9.5软件录制	本视频由湖南一唯信息科技开发的EV录屏软件录制，www.ieway.cn	
train/smoke/videos/TR00337.mp4	train	smoke	TR00337	1280	720	15.0	87	h264	5.800000	1127072	1554582	Lavf58.76.100	EV录屏3.9.5软件录制	本视频由湖南一唯信息科技开发的EV录屏软件录制，www.ieway.cn	
train/smoke/videos/TR00338.mp4	train	smoke	TR00338	1280	720	15.0	87	h264	5.800000	1178671	1625753	Lavf58.76.100	EV录屏3.9.5软件录制	本视频由湖南一唯信息科技开发的EV录屏软件录制，www.ieway.cn	
train/smoke/videos/TR00339.mp4	train	smoke	TR00339	1280	720	15.0	123	h264	8.200000	778809	759813	Lavf58.76.100			
train/smoke/videos/TR00340.mp4	train	smoke	TR00340	1280	720	15.0	450	h264	30.000000	905373	241432	Lavf58.76.100			0
train/smoke/videos/TR02754.mp4	train	smoke	TR02754	256	192	30.0	5839	mpeg4	194.633333	41635170	1711327	Lavf59.27.100			
train/smoke/videos/TR02764.mp4	train	smoke	TR02764	640	480	25.0	280	h264	11.200000	5698282	4070201				
train/smoke/videos/TR02774.mp4	train	smoke	TR02774	640	480	25.0	141	h264	5.640000	4302701	6103121				
train/smoke/videos/TR02783.mp4	train	smoke	TR02783	640	480	25.0	262	h264	10.480000	8691598	6634807				
train/smoke/videos/TR02792.mp4	train	smoke	TR02792	640	480	25.0	254	h264	10.160000	6886137	5422155				
train/smoke/videos/TR02800.mp4	train	smoke	TR02800	1280	720	30.0	1532	h264	51.083900	6354212	995102				
train/smoke/videos/TR02808.mp4	train	smoke	TR02808	640	480	25.0	228	h264	9.120000	6508800	5709473				
train/smoke/videos/TR02816.mp4	train	smoke	TR02816	600	360	30.0	3448	h264	114.985215	5194514	361403				
train/smoke/videos/TR02824.mp4	train	smoke	TR02824	320	240	30.0	1292	h264	43.155011	6543112	1212950	Lavf56.36.100			0
train/stalled_or_broken_down_vehicle/videos/TR00880.mp4	train	stalled_or_broken_down_vehicle	TR00880	1280	720	15.0	120	h264	8.000000	1373171	1373171	Lavf58.76.100			
train/stalled_or_broken_down_vehicle/videos/TR00881.mp4	train	stalled_or_broken_down_vehicle	TR00881	1280	720	15.0	164	h264	10.933333	1246719	912233	Lavf58.76.100			
train/stalled_or_broken_down_vehicle/videos/TR00882.mp4	train	stalled_or_broken_down_vehicle	TR00882	1280	720	15.0	121	h264	8.066667	1110810	1101629	Lavf58.76.100			
train/stalled_or_broken_down_vehicle/videos/TR00883.mp4	train	stalled_or_broken_down_vehicle	TR00883	1280	720	15.0	253	h264	16.866667	2765222	1311567	Lavf58.76.100			
train/stalled_or_broken_down_vehicle/videos/TR00884.mp4	train	stalled_or_broken_down_vehicle	TR00884	1280	720	15.0	166	h264	11.066667	1649753	1192592	Lavf58.76.100			
train/stalled_or_broken_down_vehicle/videos/TR00885.mp4	train	stalled_or_broken_down_vehicle	TR00885	1280	720	15.0	255	h264	17.000000	2304320	1084385	Lavf58.76.100			
train/stalled_or_broken_down_vehicle/videos/TR00886.mp4	train	stalled_or_broken_down_vehicle	TR00886	1280	720	15.0	120	h264	8.000000	657026	657026	Lavf58.76.100			0
train/stalled_or_broken_down_vehicle/videos/TR00887.mp4	train	stalled_or_broken_down_vehicle	TR00887	1280	720	15.0	269	h264	17.933333	2311241	1031036	Lavf58.76.100			
train/stalled_or_broken_down_vehicle/videos/TR00888.mp4	train	stalled_or_broken_down_vehicle	TR00888	1280	720	15.0	159	h264	10.600000	1108206	836381	Lavf58.76.100			
train/stalled_or_broken_down_vehicle/videos/TR00889.mp4	train	stalled_or_broken_down_vehicle	TR00889	1280	720	15.0	219	h264	14.600000	1710780	937413	Lavf58.76.100			
train/stalled_or_broken_down_vehicle/videos/TR00890.mp4	train	stalled_or_broken_down_vehicle	TR00890	1280	720	15.0	120	h264	8.000000	698426	698426	Lavf58.76.100			
train/stalled_or_broken_down_vehicle/videos/TR00891.mp4	train	stalled_or_broken_down_vehicle	TR00891	1280	720	15.0	273	h264	18.200000	3159973	1388999	Lavf58.76.100			
train/stalled_or_broken_down_vehicle/videos/TR00892.mp4	train	stalled_or_broken_down_vehicle	TR00892	1280	720	15.0	139	h264	9.266667	874671	755111	Lavf58.76.100			0
train/stalled_or_broken_down_vehicle/videos/TR00893.mp4	train	stalled_or_broken_down_vehicle	TR00893	1280	720	15.0	166	h264	11.066667	1871081	1352588	Lavf58.76.100			
train/stalled_or_broken_down_vehicle/videos/TR00894.mp4	train	stalled_or_broken_down_vehicle	TR00894	1280	720	15.0	138	h264	9.200000	534261	464574	Lavf58.76.100			
train/stalled_or_broken_down_vehicle/videos/TR00895.mp4	train	stalled_or_broken_down_vehicle	TR00895	1280	720	15.0	190	h264	12.666667	1538124	971446	Lavf58.76.100			
train/stalled_or_broken_down_vehicle/videos/TR00896.mp4	train	stalled_or_broken_down_vehicle	TR00896	1280	720	15.0	214	h264	14.266667	2461302	1380169	Lavf58.76.100			
train/stalled_or_broken_down_vehicle/videos/TR00899.mp4	train	stalled_or_broken_down_vehicle	TR00899	1280	720	15.0	179	h264	11.933333	1293829	867371	Lavf58.76.100			
train/stalled_or_broken_down_vehicle/videos/TR00900.mp4	train	stalled_or_broken_down_vehicle	TR00900	1280	720	15.0	251	h264	16.733333	3109443	1486586	Lavf58.76.100			
train/stalled_or_broken_down_vehicle/videos/TR00901.mp4	train	stalled_or_broken_down_vehicle	TR00901	1280	720	15.0	249	h264	16.600000	1998888	963319	Lavf58.76.100			
train/stalled_or_broken_down_vehicle/videos/TR00902.mp4	train	stalled_or_broken_down_vehicle	TR00902	1280	720	15.0	185	h264	12.333333	1764536	1144563	Lavf58.76.100			
train/stalled_or_broken_down_vehicle/videos/TR00903.mp4	train	stalled_or_broken_down_vehicle	TR00903	1280	720	15.0	120	h264	8.000000	896613	896613	Lavf58.76.100			
train/stalled_or_broken_down_vehicle/videos/TR00904.mp4	train	stalled_or_broken_down_vehicle	TR00904	1280	720	15.0	120	h264	8.000000	1827738	1827738	Lavf58.76.100			
train/stalled_or_broken_down_vehicle/videos/TR00905.mp4	train	stalled_or_broken_down_vehicle	TR00905	1280	720	15.0	111	h264	7.400000	1040754	1125139	Lavf58.76.100			
train/stalled_or_broken_down_vehicle/videos/TR00906.mp4	train	stalled_or_broken_down_vehicle	TR00906	1280	720	15.0	180	h264	12.000000	1248454	832302	Lavf58.76.100			
train/stalled_or_broken_down_vehicle/videos/TR00907.mp4	train	stalled_or_broken_down_vehicle	TR00907	1280	720	15.0	154	h264	10.266667	1087525	847422	Lavf58.76.100			
train/stalled_or_broken_down_vehicle/videos/TR00908.mp4	train	stalled_or_broken_down_vehicle	TR00908	1280	720	15.0	208	h264	13.866667	1745752	1007164	Lavf58.76.100			
train/stalled_or_broken_down_vehicle/videos/TR00909.mp4	train	stalled_or_broken_down_vehicle	TR00909	1280	720	15.0	105	h264	7.000000	936248	1069997	Lavf58.76.100			
train/stalled_or_broken_down_vehicle/videos/TR00911.mp4	train	stalled_or_broken_down_vehicle	TR00911	1280	720	15.0	126	h264	8.400000	733867	698920	Lavf58.76.100			
train/stalled_or_broken_down_vehicle/videos/TR00912.mp4	train	stalled_or_broken_down_vehicle	TR00912	1280	720	15.0	200	h264	13.333333	1475072	885043	Lavf58.76.100			
train/stalled_or_broken_down_vehicle/videos/TR00913.mp4	train	stalled_or_broken_down_vehicle	TR00913	1280	720	15.0	196	h264	13.066667	1846563	1130548	Lavf58.76.100			0
train/stalled_or_broken_down_vehicle/videos/TR00914.mp4	train	stalled_or_broken_down_vehicle	TR00914	1280	720	15.0	98	h264	6.533333	738495	904279	Lavf58.76.100			
train/stalled_or_broken_down_vehicle/videos/TR00915.mp4	train	stalled_or_broken_down_vehicle	TR00915	1280	720	15.0	160	h264	10.666667	1299132	974348	Lavf58.76.100			
train/stalled_or_broken_down_vehicle/videos/TR00916.mp4	train	stalled_or_broken_down_vehicle	TR00916	1280	720	15.0	214	h264	14.266667	2058106	1154078	Lavf58.76.100			
train/stalled_or_broken_down_vehicle/videos/TR00917.mp4	train	stalled_or_broken_down_vehicle	TR00917	1280	720	15.0	185	h264	12.333333	1524725	989010	Lavf58.76.100			
train/stalled_or_broken_down_vehicle/videos/TR00919.mp4	train	stalled_or_broken_down_vehicle	TR00919	1280	720	15.0	128	h264	8.533333	1770636	1659971	Lavf58.76.100			
train/stalled_or_broken_down_vehicle/videos/TR00920.mp4	train	stalled_or_broken_down_vehicle	TR00920	1280	720	15.0	109	h264	7.266667	535452	589488	Lavf58.76.100			
train/stalled_or_broken_down_vehicle/videos/TR00921.mp4	train	stalled_or_broken_down_vehicle	TR00921	1280	720	15.0	88	h264	5.866667	398507	543418	Lavf58.76.100			
train/stalled_or_broken_down_vehicle/videos/TR00922.mp4	train	stalled_or_broken_down_vehicle	TR00922	1280	720	15.0	148	h264	9.866667	1779365	1442728	Lavf58.76.100			
train/stalled_or_broken_down_vehicle/videos/TR00923.mp4	train	stalled_or_broken_down_vehicle	TR00923	1280	720	15.0	102	h264	6.800000	325262	382661	Lavf58.76.100			
train/stalled_or_broken_down_vehicle/videos/TR00924.mp4	train	stalled_or_broken_down_vehicle	TR00924	1280	720	15.0	150	h264	10.000000	618560	494848	Lavf58.76.100			
train/stalled_or_broken_down_vehicle/videos/TR00925.mp4	train	stalled_or_broken_down_vehicle	TR00925	1280	720	15.0	263	h264	17.533333	2398345	1094301	Lavf58.76.100			
train/stalled_or_broken_down_vehicle/videos/TR00926.mp4	train	stalled_or_broken_down_vehicle	TR00926	1280	720	15.0	120	h264	8.000000	676655	676655	Lavf58.76.100			0
train/stalled_or_broken_down_vehicle/videos/TR00927.mp4	train	stalled_or_broken_down_vehicle	TR00927	1280	720	15.0	169	h264	11.266667	1293376	918373	Lavf58.76.100			
train/stalled_or_broken_down_vehicle/videos/TR00928.mp4	train	stalled_or_broken_down_vehicle	TR00928	1280	720	15.0	189	h264	12.600000	1572626	998492	Lavf58.76.100			
train/stalled_or_broken_down_vehicle/videos/TR00929.mp4	train	stalled_or_broken_down_vehicle	TR00929	1280	720	15.0	204	h264	13.600000	2275002	1338236	Lavf58.76.100			
train/stalled_or_broken_down_vehicle/videos/TR00930.mp4	train	stalled_or_broken_down_vehicle	TR00930	1280	720	15.0	200	h264	13.333333	2466417	1479850	Lavf58.76.100			
train/stalled_or_broken_down_vehicle/videos/TR00933.mp4	train	stalled_or_broken_down_vehicle	TR00933	1280	720	15.0	247	h264	16.466667	2938688	1427702	Lavf58.76.100			
train/stalled_or_broken_down_vehicle/videos/TR00934.mp4	train	stalled_or_broken_down_vehicle	TR00934	1280	720	15.0	120	h264	8.000000	647058	647058	Lavf58.76.100			0
train/stalled_or_broken_down_vehicle/videos/TR00935.mp4	train	stalled_or_broken_down_vehicle	TR00935	1280	720	15.0	165	h264	11.000000	1474758	1072551	Lavf58.76.100			
train/stalled_or_broken_down_vehicle/videos/TR00936.mp4	train	stalled_or_broken_down_vehicle	TR00936	1280	720	15.0	232	h264	15.466667	2589795	1339549	Lavf58.76.100			
train/stalled_or_broken_down_vehicle/videos/TR00937.mp4	train	stalled_or_broken_down_vehicle	TR00937	1280	720	15.0	162	h264	10.800000	1148283	850580	Lavf58.76.100			
train/stalled_or_broken_down_vehicle/videos/TR00938.mp4	train	stalled_or_broken_down_vehicle	TR00938	1280	720	15.0	250	h264	16.666667	1442852	692568	Lavf58.76.100			
train/stalled_or_broken_down_vehicle/videos/TR00939.mp4	train	stalled_or_broken_down_vehicle	TR00939	1280	720	15.0	223	h264	14.866667	2972786	1599705	Lavf58.76.100			
train/stalled_or_broken_down_vehicle/videos/TR00941.mp4	train	stalled_or_broken_down_vehicle	TR00941	1280	720	15.0	222	h264	14.800000	2748998	1485944	Lavf58.76.100			
train/stalled_or_broken_down_vehicle/videos/TR00942.mp4	train	stalled_or_broken_down_vehicle	TR00942	1280	720	15.0	209	h264	13.933333	2498745	1434686	Lavf58.76.100			
train/stalled_or_broken_down_vehicle/videos/TR00943.mp4	train	stalled_or_broken_down_vehicle	TR00943	1280	720	15.0	257	h264	17.133333	2983571	1393107	Lavf58.76.100			
train/stalled_or_broken_down_vehicle/videos/TR00944.mp4	train	stalled_or_broken_down_vehicle	TR00944	1280	720	15.0	225	h264	15.000000	2418510	1289872	Lavf58.76.100			
train/stalled_or_broken_down_vehicle/videos/TR00945.mp4	train	stalled_or_broken_down_vehicle	TR00945	1280	720	15.0	237	h264	15.800000	2915515	1476210	Lavf58.76.100			
train/stalled_or_broken_down_vehicle/videos/TR00947.mp4	train	stalled_or_broken_down_vehicle	TR00947	1280	720	15.0	217	h264	14.466667	2297880	1270717	Lavf58.76.100			
train/stalled_or_broken_down_vehicle/videos/TR00948.mp4	train	stalled_or_broken_down_vehicle	TR00948	1280	720	15.0	240	h264	16.000000	1747585	873792	Lavf58.76.100			
train/stalled_or_broken_down_vehicle/videos/TR00949.mp4	train	stalled_or_broken_down_vehicle	TR00949	1280	720	15.0	96	h264	6.400000	324226	405282	Lavf58.76.100			
train/stalled_or_broken_down_vehicle/videos/TR00950.mp4	train	stalled_or_broken_down_vehicle	TR00950	1280	720	15.0	153	h264	10.200000	1186129	930297	Lavf58.76.100			
train/stalled_or_broken_down_vehicle/videos/TR00951.mp4	train	stalled_or_broken_down_vehicle	TR00951	1280	720	15.0	183	h264	12.200000	1618902	1061575	Lavf58.76.100			
train/stalled_or_broken_down_vehicle/videos/TR00952.mp4	train	stalled_or_broken_down_vehicle	TR00952	1280	720	15.0	107	h264	7.133333	449233	503812	Lavf58.76.100			
train/stalled_or_broken_down_vehicle/videos/TR00953.mp4	train	stalled_or_broken_down_vehicle	TR00953	1280	720	15.0	171	h264	11.400000	1436254	1007897	Lavf58.76.100			
train/stalled_or_broken_down_vehicle/videos/TR00954.mp4	train	stalled_or_broken_down_vehicle	TR00954	1280	720	15.0	250	h264	16.666667	1908761	916205	Lavf58.76.100			
train/stalled_or_broken_down_vehicle/videos/TR00955.mp4	train	stalled_or_broken_down_vehicle	TR00955	1280	720	15.0	182	h264	12.133333	505891	333554	Lavf58.76.100			
train/stalled_or_broken_down_vehicle/videos/TR00956.mp4	train	stalled_or_broken_down_vehicle	TR00956	1280	720	15.0	247	h264	16.466667	2892314	1405172	Lavf58.76.100			
train/stalled_or_broken_down_vehicle/videos/TR00957.mp4	train	stalled_or_broken_down_vehicle	TR00957	1280	720	15.0	241	h264	16.066667	2782581	1385517	Lavf58.76.100			
train/stalled_or_broken_down_vehicle/videos/TR00958.mp4	train	stalled_or_broken_down_vehicle	TR00958	1280	720	15.0	271	h264	18.066667	1904707	843412	Lavf58.76.100			
train/stalled_or_broken_down_vehicle/videos/TR00960.mp4	train	stalled_or_broken_down_vehicle	TR00960	1280	720	15.0	204	h264	13.600000	2206895	1298173	Lavf58.76.100			
train/stalled_or_broken_down_vehicle/videos/TR00961.mp4	train	stalled_or_broken_down_vehicle	TR00961	1280	720	15.0	195	h264	13.000000	1393070	857273	Lavf58.76.100			
train/stalled_or_broken_down_vehicle/videos/TR00963.mp4	train	stalled_or_broken_down_vehicle	TR00963	1280	720	15.0	202	h264	13.466667	1847270	1097388	Lavf58.76.100			
train/stalled_or_broken_down_vehicle/videos/TR00964.mp4	train	stalled_or_broken_down_vehicle	TR00964	1280	720	15.0	57	h264	3.800000	305679	643534	Lavf58.76.100			
train/stalled_or_broken_down_vehicle/videos/TR00965.mp4	train	stalled_or_broken_down_vehicle	TR00965	1280	720	15.0	124	h264	8.266667	1176315	1138369	Lavf58.76.100			
train/stalled_or_broken_down_vehicle/videos/TR00966.mp4	train	stalled_or_broken_down_vehicle	TR00966	1280	720	15.0	282	h264	18.800000	1069489	455101	Lavf58.76.100			0
train/stalled_or_broken_down_vehicle/videos/TR00967.mp4	train	stalled_or_broken_down_vehicle	TR00967	1280	720	15.0	269	h264	17.933333	2225459	992769	Lavf58.76.100			
train/stalled_or_broken_down_vehicle/videos/TR00968.mp4	train	stalled_or_broken_down_vehicle	TR00968	1280	720	15.0	168	h264	11.200000	1147319	819513	Lavf58.76.100			
train/stalled_or_broken_down_vehicle/videos/TR00969.mp4	train	stalled_or_broken_down_vehicle	TR00969	1280	720	15.0	244	h264	16.266667	2423954	1192108	Lavf58.76.100			
train/stalled_or_broken_down_vehicle/videos/TR00970.mp4	train	stalled_or_broken_down_vehicle	TR00970	1280	720	15.0	152	h264	10.133333	1805605	1425477	Lavf58.76.100			
train/stalled_or_broken_down_vehicle/videos/TR00971.mp4	train	stalled_or_broken_down_vehicle	TR00971	1280	720	15.0	227	h264	15.133333	3045000	1609691	Lavf58.76.100			
train/stalled_or_broken_down_vehicle/videos/TR00972.mp4	train	stalled_or_broken_down_vehicle	TR00972	1280	720	15.0	207	h264	13.800000	2280318	1321923	Lavf58.76.100			
train/stalled_or_broken_down_vehicle/videos/TR00973.mp4	train	stalled_or_broken_down_vehicle	TR00973	1280	720	15.0	204	h264	13.600000	2183390	1284347	Lavf58.76.100			
train/stalled_or_broken_down_vehicle/videos/TR00974.mp4	train	stalled_or_broken_down_vehicle	TR00974	1280	720	15.0	274	h264	18.266667	2065624	904652	Lavf58.76.100			
train/stalled_or_broken_down_vehicle/videos/TR00975.mp4	train	stalled_or_broken_down_vehicle	TR00975	1280	720	15.0	266	h264	17.733333	3225521	1455122	Lavf58.76.100			
train/stalled_or_broken_down_vehicle/videos/TR00976.mp4	train	stalled_or_broken_down_vehicle	TR00976	1280	720	15.0	235	h264	15.666667	2283467	1166025	Lavf58.76.100			
train/stalled_or_broken_down_vehicle/videos/TR00977.mp4	train	stalled_or_broken_down_vehicle	TR00977	1280	720	15.0	157	h264	10.466667	1854257	1417266	Lavf58.76.100			
train/stalled_or_broken_down_vehicle/videos/TR00978.mp4	train	stalled_or_broken_down_vehicle	TR00978	1280	720	15.0	73	h264	4.866667	648087	1065348	Lavf58.76.100			0
train/stalled_or_broken_down_vehicle/videos/TR00979.mp4	train	stalled_or_broken_down_vehicle	TR00979	1280	720	15.0	259	h264	17.266667	2143160	992969	Lavf58.76.100			
train/stalled_or_broken_down_vehicle/videos/TR00980.mp4	train	stalled_or_broken_down_vehicle	TR00980	1280	720	15.0	198	h264	13.200000	1865669	1130708	Lavf58.76.100			
train/stalled_or_broken_down_vehicle/videos/TR00981.mp4	train	stalled_or_broken_down_vehicle	TR00981	1280	720	15.0	169	h264	11.266667	1261507	895744	Lavf58.76.100			
train/stalled_or_broken_down_vehicle/videos/TR00982.mp4	train	stalled_or_broken_down_vehicle	TR00982	1280	720	15.0	161	h264	10.733333	1891446	1409773	Lavf58.76.100			
train/stalled_or_broken_down_vehicle/videos/TR00983.mp4	train	stalled_or_broken_down_vehicle	TR00983	1280	720	15.0	209	h264	13.933333	1473768	846182	Lavf58.76.100			
train/stalled_or_broken_down_vehicle/videos/TR00984.mp4	train	stalled_or_broken_down_vehicle	TR00984	1280	720	15.0	264	h264	17.600000	1960061	890936	Lavf58.76.100			
train/stalled_or_broken_down_vehicle/videos/TR00985.mp4	train	stalled_or_broken_down_vehicle	TR00985	1280	720	15.0	124	h264	8.266667	382675	370330	Lavf58.76.100			
train/stalled_or_broken_down_vehicle/videos/TR00986.mp4	train	stalled_or_broken_down_vehicle	TR00986	1280	720	15.0	142	h264	9.466667	496054	419200	Lavf58.76.100			
train/stalled_or_broken_down_vehicle/videos/TR00987.mp4	train	stalled_or_broken_down_vehicle	TR00987	1280	720	15.0	267	h264	17.800000	2353060	1057555	Lavf58.76.100			
train/stalled_or_broken_down_vehicle/videos/TR00988.mp4	train	stalled_or_broken_down_vehicle	TR00988	1280	720	15.0	200	h264	13.333333	1301946	781167	Lavf58.76.100			
train/stalled_or_broken_down_vehicle/videos/TR00989.mp4	train	stalled_or_broken_down_vehicle	TR00989	1280	720	15.0	164	h264	10.933333	1246697	912217	Lavf58.76.100			
train/stalled_or_broken_down_vehicle/videos/TR00990.mp4	train	stalled_or_broken_down_vehicle	TR00990	1280	720	15.0	91	h264	6.066667	755243	995924	Lavf58.76.100			
train/stalled_or_broken_down_vehicle/videos/TR00991.mp4	train	stalled_or_broken_down_vehicle	TR00991	1280	720	15.0	212	h264	14.133333	2355093	1333071	Lavf58.76.100			
train/stalled_or_broken_down_vehicle/videos/TR00992.mp4	train	stalled_or_broken_down_vehicle	TR00992	1280	720	15.0	129	h264	8.600000	1009323	938905	Lavf58.76.100			
train/stalled_or_broken_down_vehicle/videos/TR00993.mp4	train	stalled_or_broken_down_vehicle	TR00993	1280	720	15.0	262	h264	17.466667	3163692	1449019	Lavf58.76.100			
train/stalled_or_broken_down_vehicle/videos/TR00994.mp4	train	stalled_or_broken_down_vehicle	TR00994	1280	720	15.0	199	h264	13.266667	2354731	1419938	Lavf58.76.100			
train/stalled_or_broken_down_vehicle/videos/TR00995.mp4	train	stalled_or_broken_down_vehicle	TR00995	1280	720	15.0	260	h264	17.333333	1848175	853003	Lavf58.76.100			
train/stalled_or_broken_down_vehicle/videos/TR00996.mp4	train	stalled_or_broken_down_vehicle	TR00996	1280	720	15.0	224	h264	14.933333	1591630	852658	Lavf58.76.100			
train/stalled_or_broken_down_vehicle/videos/TR00997.mp4	train	stalled_or_broken_down_vehicle	TR00997	1280	720	15.0	256	h264	17.066667	2448953	1147946	Lavf58.76.100			
train/stalled_or_broken_down_vehicle/videos/TR00998.mp4	train	stalled_or_broken_down_vehicle	TR00998	1280	720	15.0	255	h264	17.000000	1868644	879361	Lavf58.76.100			
train/stalled_or_broken_down_vehicle/videos/TR00999.mp4	train	stalled_or_broken_down_vehicle	TR00999	1280	720	15.0	99	h264	6.600000	750729	909974	Lavf58.76.100			
train/stalled_or_broken_down_vehicle/videos/TR01000.mp4	train	stalled_or_broken_down_vehicle	TR01000	1280	720	15.0	187	h264	12.466667	1700348	1091132	Lavf58.76.100			
train/stalled_or_broken_down_vehicle/videos/TR01001.mp4	train	stalled_or_broken_down_vehicle	TR01001	1280	720	15.0	177	h264	11.800000	1563049	1059694	Lavf58.76.100			
train/stalled_or_broken_down_vehicle/videos/TR01002.mp4	train	stalled_or_broken_down_vehicle	TR01002	1280	720	15.0	241	h264	16.066667	2583166	1286223	Lavf58.76.100			
train/stalled_or_broken_down_vehicle/videos/TR01003.mp4	train	stalled_or_broken_down_vehicle	TR01003	1280	720	15.0	166	h264	11.066667	974727	704621	Lavf58.76.100			
train/stalled_or_broken_down_vehicle/videos/TR01004.mp4	train	stalled_or_broken_down_vehicle	TR01004	1280	720	15.0	86	h264	5.733333	642818	896955	Lavf58.76.100			
train/stalled_or_broken_down_vehicle/videos/TR01005.mp4	train	stalled_or_broken_down_vehicle	TR01005	1280	720	15.0	215	h264	14.333333	2416586	1348792	Lavf58.76.100			
train/stalled_or_broken_down_vehicle/videos/TR01006.mp4	train	stalled_or_broken_down_vehicle	TR01006	1280	720	15.0	192	h264	12.800000	1808281	1130175	Lavf58.76.100			
train/stalled_or_broken_down_vehicle/videos/TR01007.mp4	train	stalled_or_broken_down_vehicle	TR01007	1280	720	15.0	100	h264	6.666667	408088	489705	Lavf58.76.100			
train/stalled_or_broken_down_vehicle/videos/TR01008.mp4	train	stalled_or_broken_down_vehicle	TR01008	1280	720	15.0	265	h264	17.666667	2306381	1044398	Lavf58.76.100			
train/stalled_or_broken_down_vehicle/videos/TR01010.mp4	train	stalled_or_broken_down_vehicle	TR01010	1280	720	15.0	214	h264	14.266667	1678493	941211	Lavf58.76.100			
train/stalled_or_broken_down_vehicle/videos/TR01011.mp4	train	stalled_or_broken_down_vehicle	TR01011	1280	720	15.0	245	h264	16.333333	1729303	847005	Lavf58.76.100			
train/stalled_or_broken_down_vehicle/videos/TR01012.mp4	train	stalled_or_broken_down_vehicle	TR01012	1280	720	15.0	79	h264	5.266667	721011	1095206	Lavf58.76.100			
train/stalled_or_broken_down_vehicle/videos/TR01015.mp4	train	stalled_or_broken_down_vehicle	TR01015	1280	720	15.0	119	h264	7.933333	2077422	2094879	Lavf58.76.100			
train/stalled_or_broken_down_vehicle/videos/TR01016.mp4	train	stalled_or_broken_down_vehicle	TR01016	1280	720	15.0	237	h264	15.800000	2708845	1371567	Lavf58.76.100			
train/stalled_or_broken_down_vehicle/videos/TR01017.mp4	train	stalled_or_broken_down_vehicle	TR01017	1280	720	15.0	194	h264	12.933333	1849559	1144057	Lavf58.76.100			
train/stalled_or_broken_down_vehicle/videos/TR01018.mp4	train	stalled_or_broken_down_vehicle	TR01018	1280	720	15.0	174	h264	11.600000	1725308	1189867	Lavf58.76.100			
train/stalled_or_broken_down_vehicle/videos/TR01019.mp4	train	stalled_or_broken_down_vehicle	TR01019	1280	720	15.0	204	h264	13.600000	1673386	984344	Lavf58.76.100			
train/stalled_or_broken_down_vehicle/videos/TR01020.mp4	train	stalled_or_broken_down_vehicle	TR01020	1280	720	15.0	229	h264	15.266667	1893738	992351	Lavf58.76.100			
train/stalled_or_broken_down_vehicle/videos/TR01021.mp4	train	stalled_or_broken_down_vehicle	TR01021	1280	720	15.0	175	h264	11.666667	1363820	935190	Lavf58.76.100			
train/stalled_or_broken_down_vehicle/videos/TR01022.mp4	train	stalled_or_broken_down_vehicle	TR01022	1280	720	15.0	83	h264	5.533333	395903	572389	Lavf58.76.100			
train/stalled_or_broken_down_vehicle/videos/TR01023.mp4	train	stalled_or_broken_down_vehicle	TR01023	1280	720	15.0	231	h264	15.400000	2431444	1263087	Lavf58.76.100			
train/stalled_or_broken_down_vehicle/videos/TR01024.mp4	train	stalled_or_broken_down_vehicle	TR01024	1280	720	15.0	120	h264	8.000000	1013287	1013287	Lavf58.76.100			
train/stalled_or_broken_down_vehicle/videos/TR01025.mp4	train	stalled_or_broken_down_vehicle	TR01025	1280	720	15.0	134	h264	8.933333	1321899	1183790	Lavf58.76.100			
train/stalled_or_broken_down_vehicle/videos/TR01026.mp4	train	stalled_or_broken_down_vehicle	TR01026	1280	720	15.0	61	h264	4.066667	374068	735871	Lavf58.76.100			
train/stalled_or_broken_down_vehicle/videos/TR01027.mp4	train	stalled_or_broken_down_vehicle	TR01027	1280	720	15.0	219	h264	14.600000	3016243	1652735	Lavf58.76.100			
train/stalled_or_broken_down_vehicle/videos/TR01028.mp4	train	stalled_or_broken_down_vehicle	TR01028	1280	720	15.0	90	h264	6.000000	706789	942385	Lavf58.76.100			
train/stalled_or_broken_down_vehicle/videos/TR01029.mp4	train	stalled_or_broken_down_vehicle	TR01029	1280	720	15.0	165	h264	11.000000	1169560	850589	Lavf58.76.100			
train/stalled_or_broken_down_vehicle/videos/TR01030.mp4	train	stalled_or_broken_down_vehicle	TR01030	1280	720	15.0	229	h264	15.266667	1491965	781815	Lavf58.76.100			
train/stalled_or_broken_down_vehicle/videos/TR01031.mp4	train	stalled_or_broken_down_vehicle	TR01031	1280	720	15.0	219	h264	14.600000	1455479	797522	Lavf58.76.100			
train/stalled_or_broken_down_vehicle/videos/TR01032.mp4	train	stalled_or_broken_down_vehicle	TR01032	1280	720	15.0	275	h264	18.333333	2108710	920164	Lavf58.76.100			
train/stalled_or_broken_down_vehicle/videos/TR01033.mp4	train	stalled_or_broken_down_vehicle	TR01033	1280	720	15.0	105	h264	7.000000	1196906	1367892	Lavf58.76.100			
train/stalled_or_broken_down_vehicle/videos/TR01034.mp4	train	stalled_or_broken_down_vehicle	TR01034	1280	720	15.0	149	h264	9.933333	546595	440210	Lavf58.76.100			
train/stalled_or_broken_down_vehicle/videos/TR01036.mp4	train	stalled_or_broken_down_vehicle	TR01036	1280	720	15.0	210	h264	14.000000	2003747	1144998	Lavf58.76.100			
train/stalled_or_broken_down_vehicle/videos/TR01037.mp4	train	stalled_or_broken_down_vehicle	TR01037	1280	720	15.0	239	h264	15.933333	1756807	882078	Lavf58.76.100			
train/stalled_or_broken_down_vehicle/videos/TR01038.mp4	train	stalled_or_broken_down_vehicle	TR01038	1280	720	15.0	235	h264	15.666667	1909140	974879	Lavf58.76.100			
train/stalled_or_broken_down_vehicle/videos/TR01040.mp4	train	stalled_or_broken_down_vehicle	TR01040	1280	720	15.0	178	h264	11.866667	310209	209129	Lavf58.76.100			
train/stalled_or_broken_down_vehicle/videos/TR01041.mp4	train	stalled_or_broken_down_vehicle	TR01041	1280	720	15.0	209	h264	13.933333	2234498	1282965	Lavf58.76.100			
train/stalled_or_broken_down_vehicle/videos/TR01042.mp4	train	stalled_or_broken_down_vehicle	TR01042	1280	720	15.0	147	h264	9.800000	1234742	1007952	Lavf58.76.100			0
train/stalled_or_broken_down_vehicle/videos/TR01043.mp4	train	stalled_or_broken_down_vehicle	TR01043	1280	720	15.0	165	h264	11.000000	866762	630372	Lavf58.76.100			
train/stalled_or_broken_down_vehicle/videos/TR01044.mp4	train	stalled_or_broken_down_vehicle	TR01044	1280	720	15.0	343	h264	22.866667	4489863	1570797	Lavf58.76.100			
train/stalled_or_broken_down_vehicle/videos/TR01046.mp4	train	stalled_or_broken_down_vehicle	TR01046	1280	720	15.0	156	h264	10.400000	1127259	867122	Lavf58.76.100			
train/stalled_or_broken_down_vehicle/videos/TR01047.mp4	train	stalled_or_broken_down_vehicle	TR01047	1280	720	15.0	171	h264	11.400000	1959676	1375211	Lavf58.76.100			
train/stalled_or_broken_down_vehicle/videos/TR01048.mp4	train	stalled_or_broken_down_vehicle	TR01048	1280	720	15.0	75	h264	5.000000	326938	523100	Lavf58.76.100			
train/stalled_or_broken_down_vehicle/videos/TR01049.mp4	train	stalled_or_broken_down_vehicle	TR01049	1280	720	15.0	227	h264	15.133333	2636904	1393958	Lavf58.76.100			
train/stalled_or_broken_down_vehicle/videos/TR02755.mp4	train	stalled_or_broken_down_vehicle	TR02755	492	360	25.0	551	h264	22.105397	1153037	417287				
train/stalled_or_broken_down_vehicle/videos/TR02765.mp4	train	stalled_or_broken_down_vehicle	TR02765	640	480	25.0	230	h264	9.200000	3004904	2612960				
train/stalled_or_broken_down_vehicle/videos/TR02775.mp4	train	stalled_or_broken_down_vehicle	TR02775	640	480	25.0	138	h264	5.520000	3075273	4456917				
train/stalled_or_broken_down_vehicle/videos/TR02784.mp4	train	stalled_or_broken_down_vehicle	TR02784	640	480	25.0	280	h264	11.200000	8456168	6040120				
train/stalled_or_broken_down_vehicle/videos/TR02793.mp4	train	stalled_or_broken_down_vehicle	TR02793	482	360	30.0	675	h264	22.593016	1210087	428481				
train/stalled_or_broken_down_vehicle/videos/TR02801.mp4	train	stalled_or_broken_down_vehicle	TR02801	640	480	25.0	294	h264	11.760000	15068310	10250551				
train/stalled_or_broken_down_vehicle/videos/TR02809.mp4	train	stalled_or_broken_down_vehicle	TR02809	640	480	25.0	368	h264	14.720000	8250061	4483728				
train/stalled_or_broken_down_vehicle/videos/TR02817.mp4	train	stalled_or_broken_down_vehicle	TR02817	400	226	29.97	8136	h264	271.534150	11784866	347208				
train/stalled_or_broken_down_vehicle/videos/TR02825.mp4	train	stalled_or_broken_down_vehicle	TR02825	720	404	30.0	332	mpeg4	11.066667	1866641	1349378	Lavf59.27.100			
train/stalled_or_broken_down_vehicle/videos/TR02832.mp4	train	stalled_or_broken_down_vehicle	TR02832	640	480	25.0	215	h264	8.600000	5407190	5029944				
train/stalled_or_broken_down_vehicle/videos/TR02839.mp4	train	stalled_or_broken_down_vehicle	TR02839	640	480	25.0	160	h264	6.400000	2052909	2566136				
train/stalled_or_broken_down_vehicle/videos/TR02846.mp4	train	stalled_or_broken_down_vehicle	TR02846	640	480	25.0	408	h264	16.320000	6124052	3001986				
train/stalled_or_broken_down_vehicle/videos/TR02853.mp4	train	stalled_or_broken_down_vehicle	TR02853	640	480	25.0	501	h264	20.040000	8865963	3539306	Lavf60.3.100			
train/stalled_or_broken_down_vehicle/videos/TR02860.mp4	train	stalled_or_broken_down_vehicle	TR02860	640	480	25.0	275	h264	11.000000	7997069	5816050				
train/stalled_or_broken_down_vehicle/videos/TR02867.mp4	train	stalled_or_broken_down_vehicle	TR02867	640	480	25.0	175	h264	7.000000	5855313	6691786				
train/stalled_or_broken_down_vehicle/videos/TR02874.mp4	train	stalled_or_broken_down_vehicle	TR02874	320	240	30.0	2629	h264	87.670998	13992470	1276816	Lavf56.36.100			0
train/stalled_or_broken_down_vehicle/videos/TR02881.mp4	train	stalled_or_broken_down_vehicle	TR02881	320	240	30.0	631	h264	21.097007	3504753	1329004	Lavf56.36.100			0
train/stalled_or_broken_down_vehicle/videos/TR02888.mp4	train	stalled_or_broken_down_vehicle	TR02888	640	480	25.0	309	h264	12.360000	6206202	4016959				
train/stalled_or_broken_down_vehicle/videos/TR02895.mp4	train	stalled_or_broken_down_vehicle	TR02895	1280	720	29.97	5390	h264	179.861769	25736563	1144726				
train/stalled_or_broken_down_vehicle/videos/TR02901.mp4	train	stalled_or_broken_down_vehicle	TR02901	640	480	25.0	171	h264	6.840000	2051575	2399502				
train/stalled_or_broken_down_vehicle/videos/TR02907.mp4	train	stalled_or_broken_down_vehicle	TR02907	480	360	25.0	1470	h264	58.862585	3022262	410754				
train/stalled_or_broken_down_vehicle/videos/TR02913.mp4	train	stalled_or_broken_down_vehicle	TR02913	640	480	25.0	236	h264	9.440000	9042796	7663386				
train/stalled_or_broken_down_vehicle/videos/TR02919.mp4	train	stalled_or_broken_down_vehicle	TR02919	640	360	30.0	240	mpeg4	8.000000	2034316	2034316	Lavf59.27.100			
train/stalled_or_broken_down_vehicle/videos/TR02925.mp4	train	stalled_or_broken_down_vehicle	TR02925	640	480	25.0	187	h264	7.480000	3348683	3581479				
train/stalled_or_broken_down_vehicle/videos/TR02931.mp4	train	stalled_or_broken_down_vehicle	TR02931	640	480	25.0	255	h264	10.200000	8104659	6356595				
train/stalled_or_broken_down_vehicle/videos/TR02937.mp4	train	stalled_or_broken_down_vehicle	TR02937	320	240	30.0	2192	h264	73.066667	18518863	2027612	Lavf56.36.100			0
train/stalled_or_broken_down_vehicle/videos/TR02943.mp4	train	stalled_or_broken_down_vehicle	TR02943	640	480	25.0	130	h264	5.200000	6155411	9469863				
train/stalled_or_broken_down_vehicle/videos/TR02949.mp4	train	stalled_or_broken_down_vehicle	TR02949	640	480	25.0	144	h264	5.760000	4869773	6763573				
train/stalled_or_broken_down_vehicle/videos/TR02955.mp4	train	stalled_or_broken_down_vehicle	TR02955	640	480	25.0	218	h264	8.720000	8783472	8058231				
train/stalled_or_broken_down_vehicle/videos/TR02961.mp4	train	stalled_or_broken_down_vehicle	TR02961	320	240	25.0	5310	h264	212.462585	9510567	358107				
train/stalled_or_broken_down_vehicle/videos/TR02967.mp4	train	stalled_or_broken_down_vehicle	TR02967	320	240	30.0	1209	h264	40.355011	9159832	1815850	Lavf56.36.100			0
train/stalled_or_broken_down_vehicle/videos/TR02973.mp4	train	stalled_or_broken_down_vehicle	TR02973	640	480	25.0	258	h264	10.320000	10930995	8473639				
train/stalled_or_broken_down_vehicle/videos/TR02979.mp4	train	stalled_or_broken_down_vehicle	TR02979	492	360	25.0	551	h264	22.175057	1742012	628458				
train/stalled_or_broken_down_vehicle/videos/TR02985.mp4	train	stalled_or_broken_down_vehicle	TR02985	516	344	30.0	1108	h264	36.989388	1664352	359963				
train/stalled_or_broken_down_vehicle/videos/TR02991.mp4	train	stalled_or_broken_down_vehicle	TR02991	480	360	29.97	971	h264	32.554376	1136574	279304				
train/stalled_or_broken_down_vehicle/videos/TR02997.mp4	train	stalled_or_broken_down_vehicle	TR02997	640	480	25.0	274	h264	10.960000	9020736	6584478				
train/stalled_or_broken_down_vehicle/videos/TR03003.mp4	train	stalled_or_broken_down_vehicle	TR03003	640	480	25.0	276	h264	11.040000	10894205	7894351				
train/stalled_or_broken_down_vehicle/videos/TR03009.mp4	train	stalled_or_broken_down_vehicle	TR03009	640	480	25.0	312	h264	12.480000	10774569	6906775				
train/stalled_or_broken_down_vehicle/videos/TR03015.mp4	train	stalled_or_broken_down_vehicle	TR03015	320	240	30.0	1101	h264	36.781995	9651891	2099264	Lavf56.36.100			0
train/stalled_or_broken_down_vehicle/videos/TR03021.mp4	train	stalled_or_broken_down_vehicle	TR03021	480	360	29.97	6342	h264	212.137506	10859829	409539				
train/stalled_or_broken_down_vehicle/videos/TR03027.mp4	train	stalled_or_broken_down_vehicle	TR03027	640	480	25.0	241	h264	9.640000	8455981	7017411				
train/stalled_or_broken_down_vehicle/videos/TR03033.mp4	train	stalled_or_broken_down_vehicle	TR03033	720	404	30.0	343	mpeg4	11.433333	2418849	1692489	Lavf59.27.100			
train/stalled_or_broken_down_vehicle/videos/TR03039.mp4	train	stalled_or_broken_down_vehicle	TR03039	480	360	25.0	2312	h264	92.624399	4602342	397505				
train/stalled_or_broken_down_vehicle/videos/TR03045.mp4	train	stalled_or_broken_down_vehicle	TR03045	320	240	30.0	1277	h264	42.585170	11136951	2092174	Lavf56.36.100			0
train/stalled_or_broken_down_vehicle/videos/TR03051.mp4	train	stalled_or_broken_down_vehicle	TR03051	640	480	25.0	312	h264	12.480000	3873732	2483161				
train/stalled_or_broken_down_vehicle/videos/TR03057.mp4	train	stalled_or_broken_down_vehicle	TR03057	640	480	25.0	150	h264	6.000000	4667355	6223140				
train/stalled_or_broken_down_vehicle/videos/TR03063.mp4	train	stalled_or_broken_down_vehicle	TR03063	640	480	25.0	333	h264	13.320000	5932099	3562822				
train/stalled_or_broken_down_vehicle/videos/TR03069.mp4	train	stalled_or_broken_down_vehicle	TR03069	640	360	29.97	2171	h264	72.585578	6228834	686509				
train/stalled_or_broken_down_vehicle/videos/TR03075.mp4	train	stalled_or_broken_down_vehicle	TR03075	640	360	30.0	1481	h264	49.458503	2894747	468230				
train/stalled_or_broken_down_vehicle/videos/TR03081.mp4	train	stalled_or_broken_down_vehicle	TR03081	640	480	25.0	151	h264	6.040000	4931433	6531699				
train/stalled_or_broken_down_vehicle/videos/TR03087.mp4	train	stalled_or_broken_down_vehicle	TR03087	320	240	30.0	2389	h264	79.667007	20293898	2037872	Lavf56.36.100			0
train/stalled_or_broken_down_vehicle/videos/TR03093.mp4	train	stalled_or_broken_down_vehicle	TR03093	1280	720	24.0	263	h264	10.959819	2938568	2144975				
train/stalled_or_broken_down_vehicle/videos/TR03099.mp4	train	stalled_or_broken_down_vehicle	TR03099	640	480	25.0	146	h264	5.840000	2761025	3782226				
train/stalled_or_broken_down_vehicle/videos/TR03105.mp4	train	stalled_or_broken_down_vehicle	TR03105	640	480	25.0	101	h264	4.040000	2563200	5075643				
train/stalled_or_broken_down_vehicle/videos/TR03111.mp4	train	stalled_or_broken_down_vehicle	TR03111	640	480	25.0	164	h264	6.560000	5184697	6322801				
train/stalled_or_broken_down_vehicle/videos/TR03117.mp4	train	stalled_or_broken_down_vehicle	TR03117	640	480	25.0	182	h264	7.280000	4510131	4956187				
train/stalled_or_broken_down_vehicle/videos/TR03123.mp4	train	stalled_or_broken_down_vehicle	TR03123	720	300	30.0	210	mpeg4	7.000000	1217492	1391419	Lavf59.27.100			
train/stalled_or_broken_down_vehicle/videos/TR03129.mp4	train	stalled_or_broken_down_vehicle	TR03129	320	240	30.0	1290	h264	43.039002	10337487	1921510	Lavf56.36.100			0
train/stalled_or_broken_down_vehicle/videos/TR03135.mp4	train	stalled_or_broken_down_vehicle	TR03135	640	480	25.0	148	h264	5.920000	3068415	4146506				
train/stalled_or_broken_down_vehicle/videos/TR03141.mp4	train	stalled_or_broken_down_vehicle	TR03141	640	480	25.0	95	h264	3.800000	2016567	4245404				
train/stalled_or_broken_down_vehicle/videos/TR03147.mp4	train	stalled_or_broken_down_vehicle	TR03147	480	360	29.97	1539	h264	51.455420	2919179	453857				
train/stalled_or_broken_down_vehicle/videos/TR03153.mp4	train	stalled_or_broken_down_vehicle	TR03153	720	404	30.0	299	mpeg4	9.966667	1809817	1452695	Lavf59.27.100			
train/stalled_or_broken_down_vehicle/videos/TR03159.mp4	train	stalled_or_broken_down_vehicle	TR03159	640	480	25.0	185	h264	7.400000	6049564	6540069				
train/stalled_or_broken_down_vehicle/videos/TR03165.mp4	train	stalled_or_broken_down_vehicle	TR03165	640	480	25.0	244	h264	9.760000	6159004	5048363				
train/stalled_or_broken_down_vehicle/videos/TR03171.mp4	train	stalled_or_broken_down_vehicle	TR03171	640	480	25.0	178	h264	7.120000	3232260	3631752				
train/stalled_or_broken_down_vehicle/videos/TR03177.mp4	train	stalled_or_broken_down_vehicle	TR03177	320	240	30.0	684	h264	22.800000	6210686	2179188	Lavf56.36.100			0
train/stalled_or_broken_down_vehicle/videos/TR03183.mp4	train	stalled_or_broken_down_vehicle	TR03183	640	360	25.0	1667	h264	66.757370	3009910	360698				
train/stalled_or_broken_down_vehicle/videos/TR03189.mp4	train	stalled_or_broken_down_vehicle	TR03189	1280	720	29.97	1200	h264	40.054422	7026712	1403432				
train/stalled_or_broken_down_vehicle/videos/TR03195.mp4	train	stalled_or_broken_down_vehicle	TR03195	640	480	25.0	131	h264	5.240000	4285592	6542888				
train/traffic_accident/videos/TR01350.mp4	train	traffic_accident	TR01350	1280	720	15.0	75	h264	5.000000	655231	1048369	Lavf58.76.100			
train/traffic_accident/videos/TR01351.mp4	train	traffic_accident	TR01351	1280	720	15.0	87	h264	5.800000	907227	1251347	Lavf58.76.100	EV录屏3.9.6软件录制	本视频由湖南一唯信息科技开发的EV录屏软件录制，www.ieway.cn	
train/traffic_accident/videos/TR01352.mp4	train	traffic_accident	TR01352	1280	720	15.0	120	h264	8.000000	318696	318696	Lavf58.76.100			0
train/traffic_accident/videos/TR01353.mp4	train	traffic_accident	TR01353	1280	720	15.0	75	h264	5.000000	838095	1340952	Lavf58.76.100			
train/traffic_accident/videos/TR01354.mp4	train	traffic_accident	TR01354	1280	720	15.0	75	h264	5.000000	411689	658702	Lavf58.76.100			
train/traffic_accident/videos/TR01355.mp4	train	traffic_accident	TR01355	1280	720	15.0	75	h264	5.000000	1441815	2306904	Lavf58.76.100			
train/traffic_accident/videos/TR01356.mp4	train	traffic_accident	TR01356	1280	720	15.0	75	h264	5.000000	786031	1257649	Lavf58.76.100			
train/traffic_accident/videos/TR01357.mp4	train	traffic_accident	TR01357	1280	720	15.0	120	h264	8.000000	443207	443207	Lavf58.76.100			0
train/traffic_accident/videos/TR01358.mp4	train	traffic_accident	TR01358	1280	720	15.0	75	h264	5.000000	677796	1084473	Lavf58.76.100			
train/traffic_accident/videos/TR01359.mp4	train	traffic_accident	TR01359	1280	720	15.0	75	h264	5.000000	484344	774950	Lavf58.76.100			
train/traffic_accident/videos/TR01360.mp4	train	traffic_accident	TR01360	1280	720	15.0	75	h264	5.000000	748047	1196875	Lavf58.76.100			
train/traffic_accident/videos/TR01361.mp4	train	traffic_accident	TR01361	1280	720	15.0	75	h264	5.000000	630176	1008281	Lavf58.76.100			
train/traffic_accident/videos/TR01362.mp4	train	traffic_accident	TR01362	1280	720	15.0	180	h264	12.000000	668928	445952	Lavf58.76.100			0
train/traffic_accident/videos/TR01363.mp4	train	traffic_accident	TR01363	1280	720	15.0	75	h264	5.000000	838589	1341742	Lavf58.76.100			
train/traffic_accident/videos/TR01364.mp4	train	traffic_accident	TR01364	1280	720	15.0	75	h264	5.000000	421617	674587	Lavf58.76.100			
train/traffic_accident/videos/TR01365.mp4	train	traffic_accident	TR01365	1280	720	15.0	75	h264	5.000000	1248616	1997785	Lavf58.76.100			
train/traffic_accident/videos/TR01366.mp4	train	traffic_accident	TR01366	1280	720	15.0	75	h264	5.000000	434657	695451	Lavf58.76.100			
train/traffic_accident/videos/TR01367.mp4	train	traffic_accident	TR01367	1280	720	15.0	75	h264	5.000000	1776475	2842360	Lavf58.76.100			
train/traffic_accident/videos/TR01368.mp4	train	traffic_accident	TR01368	1280	720	15.0	75	h264	5.000000	672848	1076556	Lavf58.76.100			
train/traffic_accident/videos/TR01369.mp4	train	traffic_accident	TR01369	1280	720	15.0	75	h264	5.000000	724082	1158531	Lavf58.76.100			
train/traffic_accident/videos/TR01370.mp4	train	traffic_accident	TR01370	1280	720	15.0	279	h264	18.600000	849791	365501	Lavf58.76.100			
train/traffic_accident/videos/TR01371.mp4	train	traffic_accident	TR01371	1280	720	15.0	75	h264	5.000000	1619390	2591024	Lavf58.76.100			
train/traffic_accident/videos/TR01372.mp4	train	traffic_accident	TR01372	1280	720	15.0	75	h264	5.000000	624566	999305	Lavf58.76.100			
train/traffic_accident/videos/TR01373.mp4	train	traffic_accident	TR01373	1280	720	15.0	75	h264	5.000000	526420	842272	Lavf58.76.100			
train/traffic_accident/videos/TR01374.mp4	train	traffic_accident	TR01374	1280	720	15.0	75	h264	5.000000	486793	778868	Lavf58.76.100			
train/traffic_accident/videos/TR01375.mp4	train	traffic_accident	TR01375	1280	720	15.0	75	h264	5.000000	447470	715952	Lavf58.76.100			
train/traffic_accident/videos/TR01376.mp4	train	traffic_accident	TR01376	1280	720	15.0	75	h264	5.000000	739125	1182600	Lavf58.76.100			
train/traffic_accident/videos/TR01377.mp4	train	traffic_accident	TR01377	1280	720	15.0	75	h264	5.000000	616435	986296	Lavf58.76.100			
train/traffic_accident/videos/TR01378.mp4	train	traffic_accident	TR01378	1280	720	15.0	75	h264	5.000000	521064	833702	Lavf58.76.100			
train/traffic_accident/videos/TR01379.mp4	train	traffic_accident	TR01379	1280	720	15.0	120	h264	8.000000	390725	390725	Lavf58.76.100			
train/traffic_accident/videos/TR01380.mp4	train	traffic_accident	TR01380	1280	720	15.0	75	h264	5.000000	1139187	1822699	Lavf58.76.100			
train/traffic_accident/videos/TR01381.mp4	train	traffic_accident	TR01381	1280	720	15.0	75	h264	5.000000	976204	1561926	Lavf58.76.100			
train/traffic_accident/videos/TR01382.mp4	train	traffic_accident	TR01382	1280	720	15.0	75	h264	5.000000	620161	992257	Lavf58.76.100			
train/traffic_accident/videos/TR01383.mp4	train	traffic_accident	TR01383	1280	720	15.0	75	h264	5.000000	1024449	1639118	Lavf58.76.100			
train/traffic_accident/videos/TR01384.mp4	train	traffic_accident	TR01384	1280	720	15.0	75	h264	5.000000	1037270	1659632	Lavf58.76.100			
train/traffic_accident/videos/TR01385.mp4	train	traffic_accident	TR01385	1280	720	15.0	75	h264	5.000000	821591	1314545	Lavf58.76.100			
train/traffic_accident/videos/TR01386.mp4	train	traffic_accident	TR01386	1280	720	15.0	75	h264	5.000000	876326	1402121	Lavf58.76.100			
train/traffic_accident/videos/TR01387.mp4	train	traffic_accident	TR01387	1280	720	15.0	85	h264	5.666667	1164240	1643632	Lavf58.76.100	EV录屏3.9.6软件录制	本视频由湖南一唯信息科技开发的EV录屏软件录制，www.ieway.cn	
train/traffic_accident/videos/TR01388.mp4	train	traffic_accident	TR01388	1280	720	15.0	75	h264	5.000000	1410967	2257547	Lavf58.76.100			
train/traffic_accident/videos/TR01389.mp4	train	traffic_accident	TR01389	1280	720	15.0	75	h264	5.000000	946383	1514212	Lavf58.76.100			
train/traffic_accident/videos/TR01390.mp4	train	traffic_accident	TR01390	1280	720	15.0	75	h264	5.000000	637821	1020513	Lavf58.76.100			
train/traffic_accident/videos/TR01391.mp4	train	traffic_accident	TR01391	1280	720	15.0	75	h264	5.000000	531305	850088	Lavf58.76.100			
train/traffic_accident/videos/TR01392.mp4	train	traffic_accident	TR01392	1280	720	15.0	75	h264	5.000000	801697	1282715	Lavf58.76.100			
train/traffic_accident/videos/TR01393.mp4	train	traffic_accident	TR01393	1280	720	15.0	75	h264	5.000000	775813	1241300	Lavf58.76.100			
train/traffic_accident/videos/TR01394.mp4	train	traffic_accident	TR01394	1280	720	15.0	75	h264	5.000000	1641657	2626651	Lavf58.76.100			
train/traffic_accident/videos/TR01395.mp4	train	traffic_accident	TR01395	1280	720	15.0	86	h264	5.733333	720387	1005191	Lavf58.76.100	EV录屏3.9.6软件录制	本视频由湖南一唯信息科技开发的EV录屏软件录制，www.ieway.cn	
train/traffic_accident/videos/TR01396.mp4	train	traffic_accident	TR01396	1280	720	15.0	75	h264	5.000000	859908	1375852	Lavf58.76.100			
train/traffic_accident/videos/TR01397.mp4	train	traffic_accident	TR01397	1280	720	15.0	75	h264	5.000000	1164145	1862632	Lavf58.76.100			
train/traffic_accident/videos/TR01398.mp4	train	traffic_accident	TR01398	1280	720	15.0	75	h264	5.000000	867172	1387475	Lavf58.76.100			
train/traffic_accident/videos/TR01399.mp4	train	traffic_accident	TR01399	1280	720	15.0	75	h264	5.000000	576825	922920	Lavf58.76.100			
train/traffic_accident/videos/TR01400.mp4	train	traffic_accident	TR01400	1280	720	15.0	125	h264	8.333333	1228051	1178929	Lavf58.76.100			
train/traffic_accident/videos/TR01401.mp4	train	traffic_accident	TR01401	1280	720	15.0	52	h264	3.466667	287610	663715	Lavf58.76.100			
train/traffic_accident/videos/TR01402.mp4	train	traffic_accident	TR01402	1280	720	15.0	75	h264	5.000000	544758	871612	Lavf58.76.100			
train/traffic_accident/videos/TR01403.mp4	train	traffic_accident	TR01403	1280	720	15.0	75	h264	5.000000	791118	1265788	Lavf58.76.100			
train/traffic_accident/videos/TR01404.mp4	train	traffic_accident	TR01404	1280	720	15.0	87	h264	5.800000	1320093	1820817	Lavf58.76.100	EV录屏3.9.6软件录制	本视频由湖南一唯信息科技开发的EV录屏软件录制，www.ieway.cn	
train/traffic_accident/videos/TR01405.mp4	train	traffic_accident	TR01405	1280	720	15.0	70	h264	4.666667	359535	616345	Lavf58.76.100			
train/traffic_accident/videos/TR01406.mp4	train	traffic_accident	TR01406	1280	720	15.0	75	h264	5.000000	672408	1075852	Lavf58.76.100			
train/traffic_accident/videos/TR01407.mp4	train	traffic_accident	TR01407	1280	720	15.0	75	h264	5.000000	305942	489507	Lavf58.76.100			
train/traffic_accident/videos/TR01408.mp4	train	traffic_accident	TR01408	1280	720	15.0	75	h264	5.000000	467305	747688	Lavf58.76.100			
train/traffic_accident/videos/TR01409.mp4	train	traffic_accident	TR01409	1280	720	15.0	75	h264	5.000000	1176454	1882326	Lavf58.76.100			
train/traffic_accident/videos/TR01410.mp4	train	traffic_accident	TR01410	1280	720	15.0	75	h264	5.000000	897729	1436366	Lavf58.76.100			
train/traffic_accident/videos/TR01411.mp4	train	traffic_accident	TR01411	1280	720	15.0	75	h264	5.000000	2201421	3522273	Lavf58.76.100			
train/traffic_accident/videos/TR01412.mp4	train	traffic_accident	TR01412	1280	720	15.0	75	h264	5.000000	1185288	1896460	Lavf58.76.100			
train/traffic_accident/videos/TR01413.mp4	train	traffic_accident	TR01413	1280	720	15.0	86	h264	5.733333	732194	1021666	Lavf58.76.100	EV录屏3.9.6软件录制	本视频由湖南一唯信息科技开发的EV录屏软件录制，www.ieway.cn	
train/traffic_accident/videos/TR01415.mp4	train	traffic_accident	TR01415	1280	720	15.0	86	h264	5.733333	1287340	1796288	Lavf58.76.100	EV录屏3.9.6软件录制	本视频由湖南一唯信息科技开发的EV录屏软件录制，www.ieway.cn	
train/traffic_accident/videos/TR01416.mp4	train	traffic_accident	TR01416	1280	720	15.0	75	h264	5.000000	1035524	1656838	Lavf58.76.100			
train/traffic_accident/videos/TR01417.mp4	train	traffic_accident	TR01417	1280	720	15.0	75	h264	5.000000	1076192	1721907	Lavf58.76.100			
train/traffic_accident/videos/TR01418.mp4	train	traffic_accident	TR01418	1280	720	15.0	75	h264	5.000000	850089	1360142	Lavf58.76.100			
train/traffic_accident/videos/TR01419.mp4	train	traffic_accident	TR01419	1280	720	15.0	75	h264	5.000000	2007419	3211870	Lavf58.76.100			
train/traffic_accident/videos/TR01420.mp4	train	traffic_accident	TR01420	1280	720	15.0	75	h264	5.000000	628749	1005998	Lavf58.76.100			
train/traffic_accident/videos/TR01421.mp4	train	traffic_accident	TR01421	1280	720	15.0	75	h264	5.000000	544594	871350	Lavf58.76.100			
train/traffic_accident/videos/TR01422.mp4	train	traffic_accident	TR01422	1280	720	15.0	75	h264	5.000000	888919	1422270	Lavf58.76.100			
train/traffic_accident/videos/TR01423.mp4	train	traffic_accident	TR01423	1280	720	15.0	75	h264	5.000000	1757198	2811516	Lavf58.76.100			
train/traffic_accident/videos/TR01424.mp4	train	traffic_accident	TR01424	1280	720	15.0	75	h264	5.000000	1459376	2335001	Lavf58.76.100			
train/traffic_accident/videos/TR01425.mp4	train	traffic_accident	TR01425	1280	720	15.0	75	h264	5.000000	791987	1267179	Lavf58.76.100			
train/traffic_accident/videos/TR01426.mp4	train	traffic_accident	TR01426	1280	720	15.0	75	h264	5.000000	678211	1085137	Lavf58.76.100			
train/traffic_accident/videos/TR01427.mp4	train	traffic_accident	TR01427	1280	720	15.0	86	h264	5.733333	1061321	1480913	Lavf58.76.100	EV录屏3.9.6软件录制	本视频由湖南一唯信息科技开发的EV录屏软件录制，www.ieway.cn	
train/traffic_accident/videos/TR01428.mp4	train	traffic_accident	TR01428	1280	720	15.0	75	h264	5.000000	1650210	2640336	Lavf58.76.100			
train/traffic_accident/videos/TR01429.mp4	train	traffic_accident	TR01429	1280	720	15.0	75	h264	5.000000	1192204	1907526	Lavf58.76.100			
train/traffic_accident/videos/TR01430.mp4	train	traffic_accident	TR01430	1280	720	15.0	75	h264	5.000000	792601	1268161	Lavf58.76.100			
train/traffic_accident/videos/TR01431.mp4	train	traffic_accident	TR01431	1280	720	15.0	75	h264	5.000000	435795	697272	Lavf58.76.100			
train/traffic_accident/videos/TR01433.mp4	train	traffic_accident	TR01433	1280	720	15.0	75	h264	5.000000	1196556	1914489	Lavf58.76.100			
train/traffic_accident/videos/TR01434.mp4	train	traffic_accident	TR01434	1280	720	15.0	75	h264	5.000000	707571	1132113	Lavf58.76.100			
train/traffic_accident/videos/TR01435.mp4	train	traffic_accident	TR01435	1280	720	15.0	75	h264	5.000000	738579	1181726	Lavf58.76.100			
train/traffic_accident/videos/TR01436.mp4	train	traffic_accident	TR01436	1280	720	15.0	154	h264	10.266667	1009833	786882	Lavf58.76.100			0
train/traffic_accident/videos/TR01437.mp4	train	traffic_accident	TR01437	1280	720	15.0	75	h264	5.000000	1025696	1641113	Lavf58.76.100			
train/traffic_accident/videos/TR01438.mp4	train	traffic_accident	TR01438	1280	720	15.0	75	h264	5.000000	552353	883764	Lavf58.76.100			
train/traffic_accident/videos/TR01440.mp4	train	traffic_accident	TR01440	1280	720	15.0	75	h264	5.000000	1807405	2891848	Lavf58.76.100			
train/traffic_accident/videos/TR01441.mp4	train	traffic_accident	TR01441	1280	720	15.0	87	h264	5.800000	366761	505877	Lavf58.76.100			
train/traffic_accident/videos/TR01442.mp4	train	traffic_accident	TR01442	1280	720	15.0	75	h264	5.000000	917954	1468726	Lavf58.76.100			
train/traffic_accident/videos/TR01443.mp4	train	traffic_accident	TR01443	1280	720	15.0	75	h264	5.000000	563855	902168	Lavf58.76.100			
train/traffic_accident/videos/TR01444.mp4	train	traffic_accident	TR01444	1280	720	15.0	75	h264	5.000000	546171	873873	Lavf58.76.100			
train/traffic_accident/videos/TR01445.mp4	train	traffic_accident	TR01445	1280	720	15.0	75	h264	5.000000	707804	1132486	Lavf58.76.100			
train/traffic_accident/videos/TR01446.mp4	train	traffic_accident	TR01446	1280	720	15.0	75	h264	5.000000	776145	1241832	Lavf58.76.100			
train/traffic_accident/videos/TR01447.mp4	train	traffic_accident	TR01447	1280	720	15.0	75	h264	5.000000	1000017	1600027	Lavf58.76.100			
train/traffic_accident/videos/TR01448.mp4	train	traffic_accident	TR01448	1280	720	15.0	75	h264	5.000000	818839	1310142	Lavf58.76.100			
train/traffic_accident/videos/TR01449.mp4	train	traffic_accident	TR01449	1280	720	15.0	75	h264	5.000000	1787748	2860396	Lavf58.76.100			
train/traffic_accident/videos/TR01450.mp4	train	traffic_accident	TR01450	1280	720	15.0	75	h264	5.000000	754142	1206627	Lavf58.76.100			
train/traffic_accident/videos/TR01451.mp4	train	traffic_accident	TR01451	1280	720	15.0	120	h264	8.000000	3063802	3063802	Lavf58.76.100			
train/traffic_accident/videos/TR01452.mp4	train	traffic_accident	TR01452	1280	720	15.0	75	h264	5.000000	852673	1364276	Lavf58.76.100			
train/traffic_accident/videos/TR01453.mp4	train	traffic_accident	TR01453	1280	720	15.0	75	h264	5.000000	1300294	2080470	Lavf58.76.100			
train/traffic_accident/videos/TR01454.mp4	train	traffic_accident	TR01454	1280	720	15.0	75	h264	5.000000	507214	811542	Lavf58.76.100			
train/traffic_accident/videos/TR01455.mp4	train	traffic_accident	TR01455	1280	720	15.0	75	h264	5.000000	452268	723628	Lavf58.76.100			
train/traffic_accident/videos/TR01456.mp4	train	traffic_accident	TR01456	1280	720	15.0	75	h264	5.000000	771700	1234720	Lavf58.76.100			
train/traffic_accident/videos/TR01457.mp4	train	traffic_accident	TR01457	1280	720	15.0	75	h264	5.000000	458518	733628	Lavf58.76.100			
train/traffic_accident/videos/TR01458.mp4	train	traffic_accident	TR01458	1280	720	15.0	128	h264	8.533333	1142972	1071536	Lavf58.76.100			
train/traffic_accident/videos/TR01459.mp4	train	traffic_accident	TR01459	1280	720	15.0	75	h264	5.000000	938685	1501896	Lavf58.76.100			
train/traffic_accident/videos/TR01460.mp4	train	traffic_accident	TR01460	1280	720	15.0	75	h264	5.000000	392555	628088	Lavf58.76.100			
train/traffic_accident/videos/TR01461.mp4	train	traffic_accident	TR01461	1280	720	15.0	75	h264	5.000000	772877	1236603	Lavf58.76.100			
train/traffic_accident/videos/TR01463.mp4	train	traffic_accident	TR01463	1280	720	15.0	75	h264	5.000000	1125847	1801355	Lavf58.76.100			
train/traffic_accident/videos/TR01464.mp4	train	traffic_accident	TR01464	1280	720	15.0	75	h264	5.000000	798479	1277566	Lavf58.76.100			
train/traffic_accident/videos/TR01465.mp4	train	traffic_accident	TR01465	1280	720	15.0	75	h264	5.000000	1340123	2144196	Lavf58.76.100			
train/traffic_accident/videos/TR01466.mp4	train	traffic_accident	TR01466	1280	720	15.0	86	h264	5.733333	1216589	1697566	Lavf58.76.100	EV录屏3.9.6软件录制	本视频由湖南一唯信息科技开发的EV录屏软件录制，www.ieway.cn	
train/traffic_accident/videos/TR01467.mp4	train	traffic_accident	TR01467	1280	720	15.0	86	h264	5.733333	1998449	2788533	Lavf58.76.100	EV录屏3.9.6软件录制	本视频由湖南一唯信息科技开发的EV录屏软件录制，www.ieway.cn	
train/traffic_accident/videos/TR01468.mp4	train	traffic_accident	TR01468	1280	720	15.0	75	h264	5.000000	1128190	1805104	Lavf58.76.100			
train/traffic_accident/videos/TR01469.mp4	train	traffic_accident	TR01469	1280	720	15.0	75	h264	5.000000	1470220	2352352	Lavf58.76.100			
train/traffic_accident/videos/TR01470.mp4	train	traffic_accident	TR01470	1280	720	15.0	75	h264	5.000000	621060	993696	Lavf58.76.100			
train/traffic_accident/videos/TR01471.mp4	train	traffic_accident	TR01471	1280	720	15.0	75	h264	5.000000	476831	762929	Lavf58.76.100			
train/traffic_accident/videos/TR01472.mp4	train	traffic_accident	TR01472	1280	720	15.0	125	h264	8.333333	525761	504730	Lavf58.76.100			
train/traffic_accident/videos/TR01473.mp4	train	traffic_accident	TR01473	1280	720	15.0	75	h264	5.000000	1318397	2109435	Lavf58.76.100			
train/traffic_accident/videos/TR01474.mp4	train	traffic_accident	TR01474	1280	720	15.0	120	h264	8.000000	842334	842334	Lavf58.76.100			0
train/traffic_accident/videos/TR01475.mp4	train	traffic_accident	TR01475	1280	720	15.0	117	h264	7.800000	1931172	1980689	Lavf58.76.100			
train/traffic_accident/videos/TR01476.mp4	train	traffic_accident	TR01476	1280	720	15.0	75	h264	5.000000	825475	1320760	Lavf58.76.100			
train/traffic_accident/videos/TR01477.mp4	train	traffic_accident	TR01477	1280	720	15.0	75	h264	5.000000	1389125	2222600	Lavf58.76.100			
train/traffic_accident/videos/TR01478.mp4	train	traffic_accident	TR01478	1280	720	15.0	75	h264	5.000000	514913	823860	Lavf58.76.100			
train/traffic_accident/videos/TR01479.mp4	train	traffic_accident	TR01479	1280	720	15.0	75	h264	5.000000	1031191	1649905	Lavf58.76.100			
train/traffic_accident/videos/TR01480.mp4	train	traffic_accident	TR01480	1280	720	15.0	75	h264	5.000000	737414	1179862	Lavf58.76.100			
train/traffic_accident/videos/TR01481.mp4	train	traffic_accident	TR01481	1280	720	15.0	75	h264	5.000000	846517	1354427	Lavf58.76.100			
train/traffic_accident/videos/TR01482.mp4	train	traffic_accident	TR01482	1280	720	15.0	79	h264	5.266667	355522	540033	Lavf58.76.100			
train/traffic_accident/videos/TR01483.mp4	train	traffic_accident	TR01483	1280	720	15.0	86	h264	5.733333	1086007	1515358	Lavf58.76.100	EV录屏3.9.6软件录制	本视频由湖南一唯信息科技开发的EV录屏软件录制，www.ieway.cn	
train/traffic_accident/videos/TR01484.mp4	train	traffic_accident	TR01484	1280	720	15.0	75	h264	5.000000	569161	910657	Lavf58.76.100			
train/traffic_accident/videos/TR01485.mp4	train	traffic_accident	TR01485	1280	720	15.0	86	h264	5.733333	811490	1132311	Lavf58.76.100	EV录屏3.9.6软件录制	本视频由湖南一唯信息科技开发的EV录屏软件录制，www.ieway.cn	
train/traffic_accident/videos/TR01486.mp4	train	traffic_accident	TR01486	1280	720	15.0	75	h264	5.000000	888342	1421347	Lavf58.76.100			
train/traffic_accident/videos/TR01487.mp4	train	traffic_accident	TR01487	1280	720	15.0	75	h264	5.000000	766439	1226302	Lavf58.76.100			
train/traffic_accident/videos/TR01488.mp4	train	traffic_accident	TR01488	1280	720	15.0	75	h264	5.000000	1246361	1994177	Lavf58.76.100			
train/traffic_accident/videos/TR01489.mp4	train	traffic_accident	TR01489	1280	720	15.0	75	h264	5.000000	711999	1139198	Lavf58.76.100			
train/traffic_accident/videos/TR01490.mp4	train	traffic_accident	TR01490	1280	720	15.0	75	h264	5.000000	845161	1352257	Lavf58.76.100			
train/traffic_accident/videos/TR01491.mp4	train	traffic_accident	TR01491	1280	720	15.0	75	h264	5.000000	461380	738208	Lavf58.76.100			
train/traffic_accident/videos/TR01492.mp4	train	traffic_accident	TR01492	1280	720	15.0	75	h264	5.000000	816699	1306718	Lavf58.76.100			
train/traffic_accident/videos/TR01493.mp4	train	traffic_accident	TR01493	1280	720	15.0	75	h264	5.000000	700752	1121203	Lavf58.76.100			
train/traffic_accident/videos/TR01494.mp4	train	traffic_accident	TR01494	1280	720	15.0	75	h264	5.000000	1672294	2675670	Lavf58.76.100			
train/traffic_accident/videos/TR01495.mp4	train	traffic_accident	TR01495	1280	720	15.0	75	h264	5.000000	1166114	1865782	Lavf58.76.100			
train/traffic_accident/videos/TR01496.mp4	train	traffic_accident	TR01496	1280	720	15.0	75	h264	5.000000	860632	1377011	Lavf58.76.100			
train/traffic_accident/videos/TR01497.mp4	train	traffic_accident	TR01497	1280	720	15.0	75	h264	5.000000	771898	1235036	Lavf58.76.100			
train/traffic_accident/videos/TR01498.mp4	train	traffic_accident	TR01498	1280	720	15.0	75	h264	5.000000	603290	965264	Lavf58.76.100			
train/traffic_accident/videos/TR01499.mp4	train	traffic_accident	TR01499	1280	720	15.0	75	h264	5.000000	1262212	2019539	Lavf58.76.100			
train/traffic_accident/videos/TR01501.mp4	train	traffic_accident	TR01501	1280	720	15.0	75	h264	5.000000	771543	1234468	Lavf58.76.100			
train/traffic_accident/videos/TR01502.mp4	train	traffic_accident	TR01502	1280	720	15.0	75	h264	5.000000	932162	1491459	Lavf58.76.100			
train/traffic_accident/videos/TR01503.mp4	train	traffic_accident	TR01503	1280	720	15.0	75	h264	5.000000	998149	1597038	Lavf58.76.100			
train/traffic_accident/videos/TR01504.mp4	train	traffic_accident	TR01504	1280	720	15.0	79	h264	5.266667	1051809	1597684	Lavf58.76.100			
train/traffic_accident/videos/TR01505.mp4	train	traffic_accident	TR01505	1280	720	15.0	75	h264	5.000000	667170	1067472	Lavf58.76.100			
train/traffic_accident/videos/TR01506.mp4	train	traffic_accident	TR01506	1280	720	15.0	75	h264	5.000000	592379	947806	Lavf58.76.100			
train/traffic_accident/videos/TR01507.mp4	train	traffic_accident	TR01507	1280	720	15.0	75	h264	5.000000	1012730	1620368	Lavf58.76.100			
train/traffic_accident/videos/TR01508.mp4	train	traffic_accident	TR01508	1280	720	15.0	75	h264	5.000000	441505	706408	Lavf58.76.100			
train/traffic_accident/videos/TR01509.mp4	train	traffic_accident	TR01509	1280	720	15.0	75	h264	5.000000	376809	602894	Lavf58.76.100			
train/traffic_accident/videos/TR01510.mp4	train	traffic_accident	TR01510	1280	720	15.0	75	h264	5.000000	1052639	1684222	Lavf58.76.100			
train/traffic_accident/videos/TR01511.mp4	train	traffic_accident	TR01511	1280	720	15.0	75	h264	5.000000	947821	1516513	Lavf58.76.100			
train/traffic_accident/videos/TR01512.mp4	train	traffic_accident	TR01512	1280	720	15.0	89	h264	5.933333	306607	413402	Lavf58.76.100			
train/traffic_accident/videos/TR01513.mp4	train	traffic_accident	TR01513	1280	720	15.0	84	h264	5.600000	898762	1283945	Lavf58.76.100	EV录屏3.9.6软件录制	本视频由湖南一唯信息科技开发的EV录屏软件录制，www.ieway.cn	
train/traffic_accident/videos/TR01514.mp4	train	traffic_accident	TR01514	1280	720	15.0	75	h264	5.000000	707091	1131345	Lavf58.76.100			
train/traffic_accident/videos/TR01515.mp4	train	traffic_accident	TR01515	1280	720	15.0	75	h264	5.000000	1090571	1744913	Lavf58.76.100			
train/traffic_accident/videos/TR01516.mp4	train	traffic_accident	TR01516	1280	720	15.0	136	h264	9.066667	630075	555948	Lavf58.76.100			
train/traffic_accident/videos/TR01517.mp4	train	traffic_accident	TR01517	1280	720	15.0	86	h264	5.733333	995232	1388695	Lavf58.76.100	EV录屏3.9.7软件录制	本视频由湖南一唯信息科技开发的EV录屏软件录制，www.ieway.cn	
train/traffic_accident/videos/TR01518.mp4	train	traffic_accident	TR01518	1280	720	15.0	75	h264	5.000000	528530	845648	Lavf58.76.100			
train/traffic_accident/videos/TR01519.mp4	train	traffic_accident	TR01519	1280	720	15.0	75	h264	5.000000	627560	1004096	Lavf58.76.100			
train/traffic_accident/videos/TR01520.mp4	train	traffic_accident	TR01520	1280	720	15.0	75	h264	5.000000	594977	951963	Lavf58.76.100			
train/traffic_accident/videos/TR01521.mp4	train	traffic_accident	TR01521	1280	720	15.0	75	h264	5.000000	672055	1075288	Lavf58.76.100			
train/traffic_accident/videos/TR01522.mp4	train	traffic_accident	TR01522	1280	720	15.0	75	h264	5.000000	806035	1289656	Lavf58.76.100			
train/traffic_accident/videos/TR01523.mp4	train	traffic_accident	TR01523	1280	720	15.0	86	h264	5.733333	546572	762658	Lavf58.76.100	EV录屏3.9.7软件录制	本视频由湖南一唯信息科技开发的EV录屏软件录制，www.ieway.cn	
train/traffic_accident/videos/TR01524.mp4	train	traffic_accident	TR01524	1280	720	15.0	75	h264	5.000000	1409891	2255825	Lavf58.76.100			
train/traffic_accident/videos/TR01525.mp4	train	traffic_accident	TR01525	1280	720	15.0	75	h264	5.000000	1176810	1882896	Lavf58.76.100			
train/traffic_accident/videos/TR01526.mp4	train	traffic_accident	TR01526	1280	720	15.0	75	h264	5.000000	1165963	1865540	Lavf58.76.100			
train/traffic_accident/videos/TR01527.mp4	train	traffic_accident	TR01527	1280	720	15.0	75	h264	5.000000	2001421	3202273	Lavf58.76.100			
train/traffic_accident/videos/TR01528.mp4	train	traffic_accident	TR01528	1280	720	15.0	120	h264	8.000000	463777	463777	Lavf58.76.100			
train/traffic_accident/videos/TR01529.mp4	train	traffic_accident	TR01529	1280	720	15.0	60	h264	4.000000	439699	879398	Lavf58.76.100			
train/traffic_accident/videos/TR01530.mp4	train	traffic_accident	TR01530	1280	720	15.0	75	h264	5.000000	1361595	2178552	Lavf58.76.100			
train/traffic_accident/videos/TR01531.mp4	train	traffic_accident	TR01531	1280	720	15.0	75	h264	5.000000	1442568	2308108	Lavf58.76.100			
train/traffic_accident/videos/TR01532.mp4	train	traffic_accident	TR01532	1280	720	15.0	75	h264	5.000000	375119	600190	Lavf58.76.100			
train/traffic_accident/videos/TR01533.mp4	train	traffic_accident	TR01533	1280	720	15.0	75	h264	5.000000	414272	662835	Lavf58.76.100			
train/traffic_accident/videos/TR01534.mp4	train	traffic_accident	TR01534	1280	720	15.0	75	h264	5.000000	1216649	1946638	Lavf58.76.100			
train/traffic_accident/videos/TR01535.mp4	train	traffic_accident	TR01535	1280	720	15.0	86	h264	5.733333	939832	1311393	Lavf58.76.100	EV录屏3.9.6软件录制	本视频由湖南一唯信息科技开发的EV录屏软件录制，www.ieway.cn	
train/traffic_accident/videos/TR01536.mp4	train	traffic_accident	TR01536	1280	720	15.0	75	h264	5.000000	586540	938464	Lavf58.76.100			
train/traffic_accident/videos/TR01537.mp4	train	traffic_accident	TR01537	1280	720	15.0	74	h264	4.933333	939582	1523646	Lavf58.76.100			
train/traffic_accident/videos/TR01538.mp4	train	traffic_accident	TR01538	1280	720	15.0	75	h264	5.000000	1109196	1774713	Lavf58.76.100			
train/traffic_accident/videos/TR01539.mp4	train	traffic_accident	TR01539	1280	720	15.0	75	h264	5.000000	1372869	2196590	Lavf58.76.100			
train/traffic_accident/videos/TR01540.mp4	train	traffic_accident	TR01540	1280	720	15.0	75	h264	5.000000	1656900	2651040	Lavf58.76.100			
train/traffic_accident/videos/TR01541.mp4	train	traffic_accident	TR01541	1280	720	15.0	75	h264	5.000000	609763	975620	Lavf58.76.100			
train/traffic_accident/videos/TR01542.mp4	train	traffic_accident	TR01542	1280	720	15.0	75	h264	5.000000	471083	753732	Lavf58.76.100			
train/traffic_accident/videos/TR01543.mp4	train	traffic_accident	TR01543	1280	720	15.0	75	h264	5.000000	504126	806601	Lavf58.76.100			
train/traffic_accident/videos/TR01544.mp4	train	traffic_accident	TR01544	1280	720	15.0	75	h264	5.000000	676299	1082078	Lavf58.76.100			
train/traffic_accident/videos/TR01545.mp4	train	traffic_accident	TR01545	1280	720	15.0	75	h264	5.000000	516455	826328	Lavf58.76.100			
train/traffic_accident/videos/TR01546.mp4	train	traffic_accident	TR01546	1280	720	15.0	75	h264	5.000000	392601	628161	Lavf58.76.100			
train/traffic_accident/videos/TR01547.mp4	train	traffic_accident	TR01547	1280	720	15.0	86	h264	5.733333	818996	1142785	Lavf58.76.100	EV录屏3.9.6软件录制	本视频由湖南一唯信息科技开发的EV录屏软件录制，www.ieway.cn	
train/traffic_accident/videos/TR01548.mp4	train	traffic_accident	TR01548	1280	720	15.0	75	h264	5.000000	889287	1422859	Lavf58.76.100			
train/traffic_accident/videos/TR01549.mp4	train	traffic_accident	TR01549	1280	720	15.0	75	h264	5.000000	1008444	1613510	Lavf58.76.100			
train/traffic_accident/videos/TR01550.mp4	train	traffic_accident	TR01550	1280	720	15.0	75	h264	5.000000	651060	1041696	Lavf58.76.100			
train/traffic_accident/videos/TR01551.mp4	train	traffic_accident	TR01551	1280	720	15.0	75	h264	5.000000	920152	1472243	Lavf58.76.100			
train/traffic_accident/videos/TR01552.mp4	train	traffic_accident	TR01552	1280	720	15.0	75	h264	5.000000	582752	932403	Lavf58.76.100			
train/traffic_accident/videos/TR01553.mp4	train	traffic_accident	TR01553	1280	720	15.0	86	h264	5.733333	661798	923439	Lavf58.76.100	EV录屏3.9.6软件录制	本视频由湖南一唯信息科技开发的EV录屏软件录制，www.ieway.cn	
train/traffic_accident/videos/TR01554.mp4	train	traffic_accident	TR01554	1280	720	15.0	120	h264	8.000000	838093	838093	Lavf58.76.100			
train/traffic_accident/videos/TR01555.mp4	train	traffic_accident	TR01555	1280	720	15.0	75	h264	5.000000	404703	647524	Lavf58.76.100			
train/traffic_accident/videos/TR01556.mp4	train	traffic_accident	TR01556	1280	720	15.0	75	h264	5.000000	1226378	1962204	Lavf58.76.100			
train/traffic_accident/videos/TR01557.mp4	train	traffic_accident	TR01557	1280	720	15.0	75	h264	5.000000	698010	1116816	Lavf58.76.100			
train/traffic_accident/videos/TR01558.mp4	train	traffic_accident	TR01558	1280	720	15.0	75	h264	5.000000	1343518	2149628	Lavf58.76.100			
train/traffic_accident/videos/TR01559.mp4	train	traffic_accident	TR01559	1280	720	15.0	75	h264	5.000000	691929	1107086	Lavf58.76.100			
train/traffic_accident/videos/TR01560.mp4	train	traffic_accident	TR01560	1280	720	15.0	75	h264	5.000000	567248	907596	Lavf58.76.100			
train/traffic_accident/videos/TR01561.mp4	train	traffic_accident	TR01561	1280	720	15.0	75	h264	5.000000	559842	895747	Lavf58.76.100			
train/traffic_accident/videos/TR01562.mp4	train	traffic_accident	TR01562	1280	720	15.0	75	h264	5.000000	636311	1018097	Lavf58.76.100			
train/traffic_accident/videos/TR01563.mp4	train	traffic_accident	TR01563	1280	720	15.0	75	h264	5.000000	808456	1293529	Lavf58.76.100			
train/traffic_accident/videos/TR01564.mp4	train	traffic_accident	TR01564	1280	720	15.0	75	h264	5.000000	925052	1480083	Lavf58.76.100			
train/traffic_accident/videos/TR01565.mp4	train	traffic_accident	TR01565	1280	720	15.0	75	h264	5.000000	1211272	1938035	Lavf58.76.100			
train/traffic_accident/videos/TR01566.mp4	train	traffic_accident	TR01566	1280	720	15.0	75	h264	5.000000	778989	1246382	Lavf58.76.100			
train/traffic_accident/videos/TR01568.mp4	train	traffic_accident	TR01568	1280	720	15.0	75	h264	5.000000	655112	1048179	Lavf58.76.100			
train/traffic_accident/videos/TR01569.mp4	train	traffic_accident	TR01569	1280	720	15.0	75	h264	5.000000	2532171	4051473	Lavf58.76.100			
train/traffic_accident/videos/TR01570.mp4	train	traffic_accident	TR01570	1280	720	15.0	267	h264	17.800000	12423198	5583459	Lavf58.76.100			
train/traffic_accident/videos/TR01571.mp4	train	traffic_accident	TR01571	1280	720	15.0	75	h264	5.000000	540878	865404	Lavf58.76.100			
train/traffic_accident/videos/TR01572.mp4	train	traffic_accident	TR01572	1280	720	15.0	75	h264	5.000000	738293	1181268	Lavf58.76.100			
train/traffic_accident/videos/TR01573.mp4	train	traffic_accident	TR01573	1280	720	15.0	86	h264	5.733333	515898	719857	Lavf58.76.100	EV录屏3.9.6软件录制	本视频由湖南一唯信息科技开发的EV录屏软件录制，www.ieway.cn	
train/traffic_accident/videos/TR01574.mp4	train	traffic_accident	TR01574	1280	720	15.0	75	h264	5.000000	470837	753339	Lavf58.76.100			
train/traffic_accident/videos/TR01575.mp4	train	traffic_accident	TR01575	1280	720	15.0	75	h264	5.000000	1188208	1901132	Lavf58.76.100			
train/traffic_accident/videos/TR01576.mp4	train	traffic_accident	TR01576	1280	720	15.0	75	h264	5.000000	1248904	1998246	Lavf58.76.100			
train/traffic_accident/videos/TR01577.mp4	train	traffic_accident	TR01577	1280	720	15.0	75	h264	5.000000	1397974	2236758	Lavf58.76.100			
train/traffic_accident/videos/TR01578.mp4	train	traffic_accident	TR01578	1280	720	15.0	75	h264	5.000000	1065915	1705464	Lavf58.76.100			
train/traffic_accident/videos/TR01579.mp4	train	traffic_accident	TR01579	1280	720	15.0	114	h264	7.600000	727559	765851	Lavf58.76.100			
train/traffic_accident/videos/TR01580.mp4	train	traffic_accident	TR01580	1280	720	15.0	75	h264	5.000000	867336	1387737	Lavf58.76.100			
train/traffic_accident/videos/TR01581.mp4	train	traffic_accident	TR01581	1280	720	15.0	150	h264	10.000000	1018669	814935	Lavf58.76.100			0
train/traffic_accident/videos/TR01582.mp4	train	traffic_accident	TR01582	1280	720	15.0	75	h264	5.000000	768805	1230088	Lavf58.76.100			
train/traffic_accident/videos/TR01583.mp4	train	traffic_accident	TR01583	1280	720	15.0	75	h264	5.000000	937245	1499592	Lavf58.76.100			
train/traffic_accident/videos/TR01584.mp4	train	traffic_accident	TR01584	1280	720	15.0	58	h264	3.866667	331448	685754	Lavf58.76.100			
train/traffic_accident/videos/TR01585.mp4	train	traffic_accident	TR01585	1280	720	15.0	86	h264	5.733333	678774	947126	Lavf58.76.100	EV录屏3.9.6软件录制	本视频由湖南一唯信息科技开发的EV录屏软件录制，www.ieway.cn	
train/traffic_accident/videos/TR01586.mp4	train	traffic_accident	TR01586	1280	720	15.0	75	h264	5.000000	839416	1343065	Lavf58.76.100			
train/traffic_accident/videos/TR01587.mp4	train	traffic_accident	TR01587	1280	720	15.0	65	h264	4.333333	284368	524987	Lavf58.76.100			
train/traffic_accident/videos/TR01588.mp4	train	traffic_accident	TR01588	1280	720	15.0	75	h264	5.000000	695051	1112081	Lavf58.76.100			
train/traffic_accident/videos/TR01589.mp4	train	traffic_accident	TR01589	1280	720	15.0	75	h264	5.000000	1006217	1609947	Lavf58.76.100			
train/traffic_accident/videos/TR01590.mp4	train	traffic_accident	TR01590	1280	720	15.0	75	h264	5.000000	488113	780980	Lavf58.76.100			
train/traffic_accident/videos/TR01591.mp4	train	traffic_accident	TR01591	1280	720	15.0	75	h264	5.000000	1373476	2197561	Lavf58.76.100			
train/traffic_accident/videos/TR01592.mp4	train	traffic_accident	TR01592	1280	720	15.0	75	h264	5.000000	1150755	1841208	Lavf58.76.100			
train/traffic_accident/videos/TR01593.mp4	train	traffic_accident	TR01593	1280	720	15.0	75	h264	5.000000	1905196	3048313	Lavf58.76.100			
train/traffic_accident/videos/TR01594.mp4	train	traffic_accident	TR01594	1280	720	15.0	75	h264	5.000000	635925	1017480	Lavf58.76.100			
train/traffic_accident/videos/TR01595.mp4	train	traffic_accident	TR01595	1280	720	15.0	75	h264	5.000000	366888	587020	Lavf58.76.100			
train/traffic_accident/videos/TR01596.mp4	train	traffic_accident	TR01596	1280	720	15.0	75	h264	5.000000	567522	908035	Lavf58.76.100			
train/traffic_accident/videos/TR01597.mp4	train	traffic_accident	TR01597	1280	720	15.0	75	h264	5.000000	890872	1425395	Lavf58.76.100			
train/traffic_accident/videos/TR01598.mp4	train	traffic_accident	TR01598	1280	720	15.0	75	h264	5.000000	1853770	2966032	Lavf58.76.100			
train/traffic_accident/videos/TR01599.mp4	train	traffic_accident	TR01599	1280	720	15.0	75	h264	5.000000	893959	1430334	Lavf58.76.100			
train/traffic_accident/videos/TR01600.mp4	train	traffic_accident	TR01600	1280	720	15.0	75	h264	5.000000	1039922	1663875	Lavf58.76.100			
train/traffic_accident/videos/TR01601.mp4	train	traffic_accident	TR01601	1280	720	15.0	75	h264	5.000000	674196	1078713	Lavf58.76.100			
train/traffic_accident/videos/TR01602.mp4	train	traffic_accident	TR01602	1280	720	15.0	75	h264	5.000000	478085	764936	Lavf58.76.100			
train/traffic_accident/videos/TR01603.mp4	train	traffic_accident	TR01603	1280	720	15.0	75	h264	5.000000	977225	1563560	Lavf58.76.100			
train/traffic_accident/videos/TR01604.mp4	train	traffic_accident	TR01604	1280	720	15.0	75	h264	5.000000	985521	1576833	Lavf58.76.100			
train/traffic_accident/videos/TR01605.mp4	train	traffic_accident	TR01605	1280	720	15.0	80	h264	5.333333	444427	666640	Lavf58.76.100			
train/traffic_accident/videos/TR01606.mp4	train	traffic_accident	TR01606	1280	720	15.0	75	h264	5.000000	1476401	2362241	Lavf58.76.100			
train/traffic_accident/videos/TR01607.mp4	train	traffic_accident	TR01607	1280	720	15.0	65	h264	4.333333	526072	971209	Lavf58.76.100			
train/traffic_accident/videos/TR01608.mp4	train	traffic_accident	TR01608	1280	720	15.0	75	h264	5.000000	1104651	1767441	Lavf58.76.100			
train/traffic_accident/videos/TR01609.mp4	train	traffic_accident	TR01609	1280	720	15.0	75	h264	5.000000	893855	1430168	Lavf58.76.100			
train/traffic_accident/videos/TR01610.mp4	train	traffic_accident	TR01610	1280	720	15.0	75	h264	5.000000	805953	1289524	Lavf58.76.100			
train/traffic_accident/videos/TR01611.mp4	train	traffic_accident	TR01611	1280	720	15.0	75	h264	5.000000	829293	1326868	Lavf58.76.100			
train/traffic_accident/videos/TR01612.mp4	train	traffic_accident	TR01612	1280	720	15.0	75	h264	5.000000	383445	613512	Lavf58.76.100			
train/traffic_accident/videos/TR01613.mp4	train	traffic_accident	TR01613	1280	720	15.0	75	h264	5.000000	570156	912249	Lavf58.76.100			
train/traffic_accident/videos/TR01614.mp4	train	traffic_accident	TR01614	1280	720	15.0	75	h264	5.000000	608592	973747	Lavf58.76.100			
train/traffic_accident/videos/TR01615.mp4	train	traffic_accident	TR01615	1280	720	15.0	92	h264	6.133333	344251	449023	Lavf58.76.100			
train/traffic_accident/videos/TR01616.mp4	train	traffic_accident	TR01616	1280	720	15.0	75	h264	5.000000	760537	1216859	Lavf58.76.100			
train/traffic_accident/videos/TR01617.mp4	train	traffic_accident	TR01617	1280	720	15.0	120	h264	8.000000	540594	540594	Lavf58.76.100			
train/traffic_accident/videos/TR01618.mp4	train	traffic_accident	TR01618	1280	720	15.0	75	h264	5.000000	539587	863339	Lavf58.76.100			
train/traffic_accident/videos/TR01619.mp4	train	traffic_accident	TR01619	1280	720	15.0	75	h264	5.000000	1172573	1876116	Lavf58.76.100			
train/traffic_accident/videos/TR01620.mp4	train	traffic_accident	TR01620	1280	720	15.0	75	h264	5.000000	834256	1334809	Lavf58.76.100			
train/traffic_accident/videos/TR01621.mp4	train	traffic_accident	TR01621	1280	720	15.0	75	h264	5.000000	869982	1391971	Lavf58.76.100			
train/traffic_accident/videos/TR01622.mp4	train	traffic_accident	TR01622	1280	720	15.0	75	h264	5.000000	1315385	2104616	Lavf58.76.100			
train/traffic_accident/videos/TR01623.mp4	train	traffic_accident	TR01623	1280	720	15.0	75	h264	5.000000	1653131	2645009	Lavf58.76.100			
train/traffic_accident/videos/TR01624.mp4	train	traffic_accident	TR01624	1280	720	15.0	75	h264	5.000000	997473	1595956	Lavf58.76.100			
train/traffic_accident/videos/TR01625.mp4	train	traffic_accident	TR01625	1280	720	15.0	75	h264	5.000000	1455876	2329401	Lavf58.76.100			
train/traffic_accident/videos/TR01626.mp4	train	traffic_accident	TR01626	1280	720	15.0	157	h264	10.466667	1175747	898660	Lavf58.76.100			
train/traffic_accident/videos/TR01628.mp4	train	traffic_accident	TR01628	1280	720	15.0	180	h264	12.000000	383932	255954	Lavf58.76.100			0
train/traffic_accident/videos/TR01629.mp4	train	traffic_accident	TR01629	1280	720	15.0	75	h264	5.000000	635090	1016144	Lavf58.76.100			
train/traffic_accident/videos/TR01630.mp4	train	traffic_accident	TR01630	1280	720	15.0	75	h264	5.000000	1080107	1728171	Lavf58.76.100			
train/traffic_accident/videos/TR01631.mp4	train	traffic_accident	TR01631	1280	720	15.0	75	h264	5.000000	996518	1594428	Lavf58.76.100			
train/traffic_accident/videos/TR01632.mp4	train	traffic_accident	TR01632	1280	720	15.0	75	h264	5.000000	816608	1306572	Lavf58.76.100			
train/traffic_accident/videos/TR01633.mp4	train	traffic_accident	TR01633	1280	720	15.0	75	h264	5.000000	1037162	1659459	Lavf58.76.100			
train/traffic_accident/videos/TR01634.mp4	train	traffic_accident	TR01634	1280	720	15.0	75	h264	5.000000	883319	1413310	Lavf58.76.100			
train/traffic_accident/videos/TR01635.mp4	train	traffic_accident	TR01635	1280	720	15.0	75	h264	5.000000	822094	1315350	Lavf58.76.100			
train/traffic_accident/videos/TR01636.mp4	train	traffic_accident	TR01636	1280	720	15.0	75	h264	5.000000	1280262	2048419	Lavf58.76.100			
train/traffic_accident/videos/TR01637.mp4	train	traffic_accident	TR01637	1280	720	15.0	75	h264	5.000000	635591	1016945	Lavf58.76.100			
train/traffic_accident/videos/TR01638.mp4	train	traffic_accident	TR01638	1280	720	15.0	75	h264	5.000000	1018433	1629492	Lavf58.76.100			
train/traffic_accident/videos/TR01639.mp4	train	traffic_accident	TR01639	1280	720	15.0	75	h264	5.000000	938375	1501400	Lavf58.76.100			
train/traffic_accident/videos/TR01640.mp4	train	traffic_accident	TR01640	1280	720	15.0	75	h264	5.000000	1373119	2196990	Lavf58.76.100			
train/traffic_accident/videos/TR01641.mp4	train	traffic_accident	TR01641	1280	720	15.0	120	h264	8.000000	1245423	1245423	Lavf58.76.100			
train/traffic_accident/videos/TR01642.mp4	train	traffic_accident	TR01642	1280	720	15.0	75	h264	5.000000	617067	987307	Lavf58.76.100			
train/traffic_accident/videos/TR01643.mp4	train	traffic_accident	TR01643	1280	720	15.0	75	h264	5.000000	502655	804248	Lavf58.76.100			
train/traffic_accident/videos/TR01644.mp4	train	traffic_accident	TR01644	1280	720	15.0	75	h264	5.000000	877659	1404254	Lavf58.76.100			
train/traffic_accident/videos/TR01645.mp4	train	traffic_accident	TR01645	1280	720	15.0	75	h264	5.000000	1112499	1779998	Lavf58.76.100			
train/traffic_accident/videos/TR01646.mp4	train	traffic_accident	TR01646	1280	720	15.0	75	h264	5.000000	1039210	1662736	Lavf58.76.100			
train/traffic_accident/videos/TR01647.mp4	train	traffic_accident	TR01647	1280	720	15.0	75	h264	5.000000	772940	1236704	Lavf58.76.100			
train/traffic_accident/videos/TR01648.mp4	train	traffic_accident	TR01648	1280	720	15.0	75	h264	5.000000	1131239	1809982	Lavf58.76.100			
train/traffic_accident/videos/TR01649.mp4	train	traffic_accident	TR01649	1280	720	15.0	86	h264	5.733333	713947	996205	Lavf58.76.100	EV录屏3.9.6软件录制	本视频由湖南一唯信息科技开发的EV录屏软件录制，www.ieway.cn	
train/traffic_accident/videos/TR01650.mp4	train	traffic_accident	TR01650	1280	720	15.0	75	h264	5.000000	593437	949499	Lavf58.76.100			
train/traffic_accident/videos/TR01651.mp4	train	traffic_accident	TR01651	1280	720	15.0	75	h264	5.000000	560617	896987	Lavf58.76.100			
train/traffic_accident/videos/TR01652.mp4	train	traffic_accident	TR01652	1280	720	15.0	75	h264	5.000000	754220	1206752	Lavf58.76.100			
train/traffic_accident/videos/TR01653.mp4	train	traffic_accident	TR01653	1280	720	15.0	75	h264	5.000000	409645	655432	Lavf58.76.100			
train/traffic_accident/videos/TR01654.mp4	train	traffic_accident	TR01654	1280	720	15.0	86	h264	5.733333	497467	694140	Lavf58.76.100	EV录屏3.9.6软件录制	本视频由湖南一唯信息科技开发的EV录屏软件录制，www.ieway.cn	
train/traffic_accident/videos/TR01655.mp4	train	traffic_accident	TR01655	1280	720	15.0	75	h264	5.000000	1154362	1846979	Lavf58.76.100			
train/traffic_accident/videos/TR01656.mp4	train	traffic_accident	TR01656	1280	720	15.0	75	h264	5.000000	1513125	2421000	Lavf58.76.100			
train/traffic_accident/videos/TR01657.mp4	train	traffic_accident	TR01657	1280	720	15.0	75	h264	5.000000	483291	773265	Lavf58.76.100			
train/traffic_accident/videos/TR01658.mp4	train	traffic_accident	TR01658	1280	720	15.0	75	h264	5.000000	1255988	2009580	Lavf58.76.100			
train/traffic_accident/videos/TR01659.mp4	train	traffic_accident	TR01659	1280	720	15.0	75	h264	5.000000	911889	1459022	Lavf58.76.100			
train/traffic_accident/videos/TR01660.mp4	train	traffic_accident	TR01660	1280	720	15.0	135	h264	9.000000	1093913	972367	Lavf58.76.100			
train/traffic_accident/videos/TR01661.mp4	train	traffic_accident	TR01661	1280	720	15.0	87	h264	5.800000	1188177	1638864	Lavf58.76.100	EV录屏3.9.6软件录制	本视频由湖南一唯信息科技开发的EV录屏软件录制，www.ieway.cn	
train/traffic_accident/videos/TR01662.mp4	train	traffic_accident	TR01662	1280	720	15.0	75	h264	5.000000	2537402	4059843	Lavf58.76.100			
train/traffic_accident/videos/TR01663.mp4	train	traffic_accident	TR01663	1280	720	15.0	75	h264	5.000000	1046900	1675040	Lavf58.76.100			
train/traffic_accident/videos/TR01664.mp4	train	traffic_accident	TR01664	1280	720	15.0	75	h264	5.000000	890954	1425526	Lavf58.76.100			
train/traffic_accident/videos/TR01665.mp4	train	traffic_accident	TR01665	1280	720	15.0	75	h264	5.000000	1133945	1814312	Lavf58.76.100			
train/traffic_accident/videos/TR01666.mp4	train	traffic_accident	TR01666	1280	720	15.0	75	h264	5.000000	782446	1251913	Lavf58.76.100			
train/traffic_accident/videos/TR01667.mp4	train	traffic_accident	TR01667	1280	720	15.0	75	h264	5.000000	849889	1359822	Lavf58.76.100			
train/traffic_accident/videos/TR01668.mp4	train	traffic_accident	TR01668	1280	720	15.0	75	h264	5.000000	1344843	2151748	Lavf58.76.100			
train/traffic_accident/videos/TR01669.mp4	train	traffic_accident	TR01669	1280	720	15.0	231	h264	15.400000	1713621	890192	Lavf58.76.100			0
train/traffic_accident/videos/TR01670.mp4	train	traffic_accident	TR01670	1280	720	15.0	75	h264	5.000000	631731	1010769	Lavf58.76.100			
train/traffic_accident/videos/TR01671.mp4	train	traffic_accident	TR01671	1280	720	15.0	75	h264	5.000000	1458936	2334297	Lavf58.76.100			
train/traffic_accident/videos/TR01672.mp4	train	traffic_accident	TR01672	1280	720	15.0	75	h264	5.000000	921151	1473841	Lavf58.76.100			
train/traffic_accident/videos/TR01673.mp4	train	traffic_accident	TR01673	1280	720	15.0	180	h264	12.000000	772312	514874	Lavf58.76.100			0
train/traffic_accident/videos/TR01674.mp4	train	traffic_accident	TR01674	1280	720	15.0	75	h264	5.000000	958675	1533880	Lavf58.76.100			
train/traffic_accident/videos/TR01675.mp4	train	traffic_accident	TR01675	1280	720	15.0	137	h264	9.133333	843703	739009	Lavf58.76.100			
train/traffic_accident/videos/TR01676.mp4	train	traffic_accident	TR01676	1280	720	15.0	74	h264	4.933333	1256563	2037669	Lavf58.76.100			
train/traffic_accident/videos/TR01677.mp4	train	traffic_accident	TR01677	1280	720	15.0	75	h264	5.000000	828835	1326136	Lavf58.76.100			
train/traffic_accident/videos/TR01678.mp4	train	traffic_accident	TR01678	1280	720	15.0	75	h264	5.000000	774208	1238732	Lavf58.76.100			
train/traffic_accident/videos/TR01679.mp4	train	traffic_accident	TR01679	1280	720	15.0	75	h264	5.000000	1210204	1936326	Lavf58.76.100			
train/traffic_accident/videos/TR01680.mp4	train	traffic_accident	TR01680	1280	720	15.0	75	h264	5.000000	615146	984233	Lavf58.76.100			
train/traffic_accident/videos/TR01681.mp4	train	traffic_accident	TR01681	1280	720	15.0	75	h264	5.000000	998960	1598336	Lavf58.76.100			
train/traffic_accident/videos/TR01682.mp4	train	traffic_accident	TR01682	1280	720	15.0	75	h264	5.000000	712408	1139852	Lavf58.76.100			
train/traffic_accident/videos/TR01683.mp4	train	traffic_accident	TR01683	1280	720	15.0	75	h264	5.000000	1453592	2325747	Lavf58.76.100			
train/traffic_accident/videos/TR01684.mp4	train	traffic_accident	TR01684	1280	720	15.0	75	h264	5.000000	946583	1514532	Lavf58.76.100			
train/traffic_accident/videos/TR01685.mp4	train	traffic_accident	TR01685	1280	720	15.0	75	h264	5.000000	1122664	1796262	Lavf58.76.100			
train/traffic_accident/videos/TR01686.mp4	train	traffic_accident	TR01686	1280	720	15.0	120	h264	8.000000	1298302	1298302	Lavf58.76.100			
train/traffic_accident/videos/TR01687.mp4	train	traffic_accident	TR01687	1280	720	15.0	75	h264	5.000000	886890	1419024	Lavf58.76.100			
train/traffic_accident/videos/TR01688.mp4	train	traffic_accident	TR01688	1280	720	15.0	133	h264	8.866667	580865	524088	Lavf58.76.100			
train/traffic_accident/videos/TR01689.mp4	train	traffic_accident	TR01689	1280	720	15.0	75	h264	5.000000	1672785	2676456	Lavf58.76.100			
train/traffic_accident/videos/TR01690.mp4	train	traffic_accident	TR01690	1280	720	15.0	86	h264	5.733333	635480	886716	Lavf58.76.100	EV录屏3.9.6软件录制	本视频由湖南一唯信息科技开发的EV录屏软件录制，www.ieway.cn	
train/traffic_accident/videos/TR01691.mp4	train	traffic_accident	TR01691	1280	720	15.0	75	h264	5.000000	757144	1211430	Lavf58.76.100			
train/traffic_accident/videos/TR01692.mp4	train	traffic_accident	TR01692	1280	720	15.0	75	h264	5.000000	1128154	1805046	Lavf58.76.100			
train/traffic_accident/videos/TR01693.mp4	train	traffic_accident	TR01693	1280	720	15.0	75	h264	5.000000	1182848	1892556	Lavf58.76.100			
train/traffic_accident/videos/TR01694.mp4	train	traffic_accident	TR01694	1280	720	15.0	86	h264	5.733333	718255	1002216	Lavf58.76.100	EV录屏3.9.6软件录制	本视频由湖南一唯信息科技开发的EV录屏软件录制，www.ieway.cn	
train/traffic_accident/videos/TR01695.mp4	train	traffic_accident	TR01695	1280	720	15.0	75	h264	5.000000	586783	938852	Lavf58.76.100			
train/traffic_accident/videos/TR01696.mp4	train	traffic_accident	TR01696	1280	720	15.0	75	h264	5.000000	520193	832308	Lavf58.76.100			
train/traffic_accident/videos/TR01697.mp4	train	traffic_accident	TR01697	1280	720	15.0	75	h264	5.000000	921950	1475120	Lavf58.76.100			
train/traffic_accident/videos/TR01698.mp4	train	traffic_accident	TR01698	1280	720	15.0	75	h264	5.000000	654333	1046932	Lavf58.76.100			
train/traffic_accident/videos/TR01699.mp4	train	traffic_accident	TR01699	1280	720	15.0	75	h264	5.000000	561488	898380	Lavf58.76.100			
train/traffic_accident/videos/TR01700.mp4	train	traffic_accident	TR01700	1280	720	15.0	86	h264	5.733333	914634	1276233	Lavf58.76.100	EV录屏3.9.6软件录制	本视频由湖南一唯信息科技开发的EV录屏软件录制，www.ieway.cn	
train/traffic_accident/videos/TR01701.mp4	train	traffic_accident	TR01701	1280	720	15.0	75	h264	5.000000	1468284	2349254	Lavf58.76.100			
train/traffic_accident/videos/TR01702.mp4	train	traffic_accident	TR01702	1280	720	15.0	75	h264	5.000000	498523	797636	Lavf58.76.100			
train/traffic_accident/videos/TR01703.mp4	train	traffic_accident	TR01703	1280	720	15.0	94	h264	6.266667	257948	329295	Lavf58.76.100			
train/traffic_accident/videos/TR01704.mp4	train	traffic_accident	TR01704	1280	720	15.0	75	h264	5.000000	1340676	2145081	Lavf58.76.100			
train/traffic_accident/videos/TR01705.mp4	train	traffic_accident	TR01705	1280	720	15.0	75	h264	5.000000	726194	1161910	Lavf58.76.100			
train/traffic_accident/videos/TR01706.mp4	train	traffic_accident	TR01706	1280	720	15.0	75	h264	5.000000	527312	843699	Lavf58.76.100			
train/traffic_accident/videos/TR01707.mp4	train	traffic_accident	TR01707	1280	720	15.0	75	h264	5.000000	825959	1321534	Lavf58.76.100			
train/traffic_accident/videos/TR01708.mp4	train	traffic_accident	TR01708	1280	720	15.0	75	h264	5.000000	407993	652788	Lavf58.76.100			
train/traffic_accident/videos/TR01709.mp4	train	traffic_accident	TR01709	1280	720	15.0	75	h264	5.000000	518785	830056	Lavf58.76.100			
train/traffic_accident/videos/TR01710.mp4	train	traffic_accident	TR01710	1280	720	15.0	75	h264	5.000000	768220	1229152	Lavf58.76.100			
train/traffic_accident/videos/TR01711.mp4	train	traffic_accident	TR01711	1280	720	15.0	75	h264	5.000000	815526	1304841	Lavf58.76.100			
train/traffic_accident/videos/TR01712.mp4	train	traffic_accident	TR01712	1280	720	15.0	75	h264	5.000000	808441	1293505	Lavf58.76.100			
train/traffic_accident/videos/TR01713.mp4	train	traffic_accident	TR01713	1280	720	15.0	75	h264	5.000000	678029	1084846	Lavf58.76.100			
train/traffic_accident/videos/TR01715.mp4	train	traffic_accident	TR01715	1280	720	15.0	75	h264	5.000000	403488	645580	Lavf58.76.100			
train/traffic_accident/videos/TR01716.mp4	train	traffic_accident	TR01716	1280	720	15.0	75	h264	5.000000	1294578	2071324	Lavf58.76.100			
train/traffic_accident/videos/TR01717.mp4	train	traffic_accident	TR01717	1280	720	15.0	75	h264	5.000000	1169267	1870827	Lavf58.76.100			
train/traffic_accident/videos/TR01718.mp4	train	traffic_accident	TR01718	1280	720	15.0	120	h264	8.000000	819126	819126	Lavf58.76.100			
train/traffic_accident/videos/TR01719.mp4	train	traffic_accident	TR01719	1280	720	15.0	75	h264	5.000000	680324	1088518	Lavf58.76.100			
train/traffic_accident/videos/TR01720.mp4	train	traffic_accident	TR01720	1280	720	15.0	75	h264	5.000000	568352	909363	Lavf58.76.100			
train/traffic_accident/videos/TR01721.mp4	train	traffic_accident	TR01721	1280	720	15.0	107	h264	7.133333	235700	264336	Lavf58.76.100			
train/traffic_accident/videos/TR01722.mp4	train	traffic_accident	TR01722	1280	720	15.0	75	h264	5.000000	566587	906539	Lavf58.76.100			
train/traffic_accident/videos/TR01723.mp4	train	traffic_accident	TR01723	1280	720	15.0	75	h264	5.000000	870721	1393153	Lavf58.76.100			
train/traffic_accident/videos/TR01724.mp4	train	traffic_accident	TR01724	1280	720	15.0	75	h264	5.000000	1003926	1606281	Lavf58.76.100			
train/traffic_accident/videos/TR01725.mp4	train	traffic_accident	TR01725	1280	720	15.0	75	h264	5.000000	1315177	2104283	Lavf58.76.100			
train/traffic_accident/videos/TR01726.mp4	train	traffic_accident	TR01726	1280	720	15.0	75	h264	5.000000	635671	1017073	Lavf58.76.100			
train/traffic_accident/videos/TR01727.mp4	train	traffic_accident	TR01727	1280	720	15.0	264	h264	17.600000	2284946	1038611	Lavf58.76.100			0
train/traffic_accident/videos/TR01728.mp4	train	traffic_accident	TR01728	1280	720	15.0	75	h264	5.000000	724894	1159830	Lavf58.76.100			
train/traffic_accident/videos/TR01729.mp4	train	traffic_accident	TR01729	1280	720	15.0	117	h264	7.800000	789623	809869	Lavf58.76.100			
train/traffic_accident/videos/TR01730.mp4	train	traffic_accident	TR01730	1280	720	15.0	75	h264	5.000000	1019410	1631056	Lavf58.76.100			
train/traffic_accident/videos/TR01731.mp4	train	traffic_accident	TR01731	1280	720	15.0	75	h264	5.000000	692765	1108424	Lavf58.76.100			
train/traffic_accident/videos/TR01732.mp4	train	traffic_accident	TR01732	1280	720	15.0	75	h264	5.000000	771381	1234209	Lavf58.76.100			
train/traffic_accident/videos/TR01733.mp4	train	traffic_accident	TR01733	1280	720	15.0	75	h264	5.000000	701145	1121832	Lavf58.76.100			
train/traffic_accident/videos/TR01734.mp4	train	traffic_accident	TR01734	1280	720	15.0	75	h264	5.000000	647025	1035240	Lavf58.76.100			
train/traffic_accident/videos/TR01735.mp4	train	traffic_accident	TR01735	1280	720	15.0	75	h264	5.000000	679930	1087888	Lavf58.76.100			
train/traffic_accident/videos/TR01736.mp4	train	traffic_accident	TR01736	1280	720	15.0	75	h264	5.000000	678034	1084854	Lavf58.76.100			
train/traffic_accident/videos/TR01737.mp4	train	traffic_accident	TR01737	1280	720	15.0	75	h264	5.000000	565437	904699	Lavf58.76.100			
train/traffic_accident/videos/TR01738.mp4	train	traffic_accident	TR01738	1280	720	15.0	75	h264	5.000000	2097128	3355404	Lavf58.76.100			
train/traffic_accident/videos/TR01739.mp4	train	traffic_accident	TR01739	1280	720	15.0	75	h264	5.000000	1266955	2027128	Lavf58.76.100			
train/traffic_accident/videos/TR01740.mp4	train	traffic_accident	TR01740	1280	720	15.0	75	h264	5.000000	490501	784801	Lavf58.76.100			
train/traffic_accident/videos/TR01741.mp4	train	traffic_accident	TR01741	1280	720	15.0	75	h264	5.000000	636018	1017628	Lavf58.76.100			
train/traffic_accident/videos/TR01742.mp4	train	traffic_accident	TR01742	1280	720	15.0	120	h264	8.000000	417647	417647	Lavf58.76.100			0
train/traffic_accident/videos/TR01743.mp4	train	traffic_accident	TR01743	1280	720	15.0	75	h264	5.000000	497836	796537	Lavf58.76.100			
train/traffic_accident/videos/TR01744.mp4	train	traffic_accident	TR01744	1280	720	15.0	75	h264	5.000000	1257587	2012139	Lavf58.76.100			
train/traffic_accident/videos/TR01745.mp4	train	traffic_accident	TR01745	1280	720	15.0	75	h264	5.000000	854213	1366740	Lavf58.76.100			
train/traffic_accident/videos/TR01746.mp4	train	traffic_accident	TR01746	1280	720	15.0	75	h264	5.000000	791604	1266566	Lavf58.76.100			
train/traffic_accident/videos/TR01747.mp4	train	traffic_accident	TR01747	1280	720	15.0	75	h264	5.000000	711245	1137992	Lavf58.76.100			
train/traffic_accident/videos/TR01748.mp4	train	traffic_accident	TR01748	1280	720	15.0	75	h264	5.000000	753330	1205328	Lavf58.76.100			
train/traffic_accident/videos/TR01749.mp4	train	traffic_accident	TR01749	1280	720	15.0	86	h264	5.733333	782290	1091567	Lavf58.76.100	EV录屏3.9.7软件录制	本视频由湖南一唯信息科技开发的EV录屏软件录制，www.ieway.cn	
train/traffic_accident/videos/TR01750.mp4	train	traffic_accident	TR01750	1280	720	15.0	75	h264	5.000000	1048335	1677336	Lavf58.76.100			
train/traffic_accident/videos/TR01751.mp4	train	traffic_accident	TR01751	1280	720	15.0	75	h264	5.000000	593239	949182	Lavf58.76.100			
train/traffic_accident/videos/TR01752.mp4	train	traffic_accident	TR01752	1280	720	15.0	120	h264	8.000000	1045832	1045832	Lavf58.76.100			0
train/traffic_accident/videos/TR01753.mp4	train	traffic_accident	TR01753	1280	720	15.0	75	h264	5.000000	572808	916492	Lavf58.76.100			
train/traffic_accident/videos/TR01754.mp4	train	traffic_accident	TR01754	1280	720	15.0	75	h264	5.000000	890727	1425163	Lavf58.76.100			
train/traffic_accident/videos/TR01755.mp4	train	traffic_accident	TR01755	1280	720	15.0	75	h264	5.000000	831845	1330952	Lavf58.76.100			
train/traffic_accident/videos/TR01756.mp4	train	traffic_accident	TR01756	1280	720	15.0	75	h264	5.000000	1539277	2462843	Lavf58.76.100			
train/traffic_accident/videos/TR01757.mp4	train	traffic_accident	TR01757	1280	720	15.0	75	h264	5.000000	840545	1344872	Lavf58.76.100			
train/traffic_accident/videos/TR01758.mp4	train	traffic_accident	TR01758	1280	720	15.0	75	h264	5.000000	654385	1047016	Lavf58.76.100			
train/traffic_accident/videos/TR01759.mp4	train	traffic_accident	TR01759	1280	720	15.0	75	h264	5.000000	734406	1175049	Lavf58.76.100			
train/traffic_accident/videos/TR01760.mp4	train	traffic_accident	TR01760	1280	720	15.0	75	h264	5.000000	1357568	2172108	Lavf58.76.100			
train/traffic_accident/videos/TR01761.mp4	train	traffic_accident	TR01761	1280	720	15.0	75	h264	5.000000	2098607	3357771	Lavf58.76.100			
train/traffic_accident/videos/TR01762.mp4	train	traffic_accident	TR01762	1280	720	15.0	75	h264	5.000000	1349561	2159297	Lavf58.76.100			
train/traffic_accident/videos/TR01763.mp4	train	traffic_accident	TR01763	1280	720	15.0	68	h264	4.533333	300580	530435	Lavf58.76.100			
train/traffic_accident/videos/TR01764.mp4	train	traffic_accident	TR01764	1280	720	15.0	75	h264	5.000000	1256961	2011137	Lavf58.76.100			
train/traffic_accident/videos/TR01765.mp4	train	traffic_accident	TR01765	1280	720	15.0	75	h264	5.000000	463337	741339	Lavf58.76.100			
train/traffic_accident/videos/TR01766.mp4	train	traffic_accident	TR01766	1280	720	15.0	126	h264	8.400000	449249	427856	Lavf58.76.100			
train/traffic_accident/videos/TR01767.mp4	train	traffic_accident	TR01767	1280	720	15.0	75	h264	5.000000	627033	1003252	Lavf58.76.100			
train/traffic_accident/videos/TR01768.mp4	train	traffic_accident	TR01768	1280	720	15.0	75	h264	5.000000	551474	882358	Lavf58.76.100			
train/traffic_accident/videos/TR01769.mp4	train	traffic_accident	TR01769	1280	720	15.0	75	h264	5.000000	1249105	1998568	Lavf58.76.100			
train/traffic_accident/videos/TR01770.mp4	train	traffic_accident	TR01770	1280	720	15.0	75	h264	5.000000	556440	890304	Lavf58.76.100			
train/traffic_accident/videos/TR01771.mp4	train	traffic_accident	TR01771	1280	720	15.0	75	h264	5.000000	1024194	1638710	Lavf58.76.100			
train/traffic_accident/videos/TR01772.mp4	train	traffic_accident	TR01772	1280	720	15.0	75	h264	5.000000	744209	1190734	Lavf58.76.100			
train/traffic_accident/videos/TR01773.mp4	train	traffic_accident	TR01773	1280	720	15.0	75	h264	5.000000	827161	1323457	Lavf58.76.100			
train/traffic_accident/videos/TR01774.mp4	train	traffic_accident	TR01774	1280	720	15.0	120	h264	8.000000	1165599	1165599	Lavf58.76.100			
train/traffic_accident/videos/TR01775.mp4	train	traffic_accident	TR01775	1280	720	15.0	75	h264	5.000000	1250265	2000424	Lavf58.76.100			
train/traffic_accident/videos/TR01776.mp4	train	traffic_accident	TR01776	1280	720	15.0	75	h264	5.000000	778534	1245654	Lavf58.76.100			
train/traffic_accident/videos/TR01777.mp4	train	traffic_accident	TR01777	1280	720	15.0	75	h264	5.000000	713290	1141264	Lavf58.76.100			
train/traffic_accident/videos/TR01778.mp4	train	traffic_accident	TR01778	1280	720	15.0	120	h264	8.000000	626656	626656	Lavf58.76.100			
train/traffic_accident/videos/TR01779.mp4	train	traffic_accident	TR01779	1280	720	15.0	75	h264	5.000000	523294	837270	Lavf58.76.100			
train/traffic_accident/videos/TR01780.mp4	train	traffic_accident	TR01780	1280	720	15.0	75	h264	5.000000	1178741	1885985	Lavf58.76.100			
train/traffic_accident/videos/TR01781.mp4	train	traffic_accident	TR01781	1280	720	15.0	75	h264	5.000000	763882	1222211	Lavf58.76.100			
train/traffic_accident/videos/TR01782.mp4	train	traffic_accident	TR01782	1280	720	15.0	75	h264	5.000000	620271	992433	Lavf58.76.100			
train/traffic_accident/videos/TR01783.mp4	train	traffic_accident	TR01783	1280	720	15.0	101	h264	6.733333	293182	348335	Lavf58.76.100			
train/traffic_accident/videos/TR01784.mp4	train	traffic_accident	TR01784	1280	720	15.0	75	h264	5.000000	682708	1092332	Lavf58.76.100			
train/traffic_accident/videos/TR01785.mp4	train	traffic_accident	TR01785	1280	720	15.0	75	h264	5.000000	1197237	1915579	Lavf58.76.100			
train/traffic_accident/videos/TR01786.mp4	train	traffic_accident	TR01786	1280	720	15.0	75	h264	5.000000	1210449	1936718	Lavf58.76.100			
train/traffic_accident/videos/TR01787.mp4	train	traffic_accident	TR01787	1280	720	15.0	75	h264	5.000000	830617	1328987	Lavf58.76.100			
train/traffic_accident/videos/TR01788.mp4	train	traffic_accident	TR01788	1280	720	15.0	75	h264	5.000000	1500456	2400729	Lavf58.76.100			
train/traffic_accident/videos/TR01789.mp4	train	traffic_accident	TR01789	1280	720	15.0	75	h264	5.000000	854691	1367505	Lavf58.76.100			
train/traffic_accident/videos/TR01790.mp4	train	traffic_accident	TR01790	1280	720	15.0	75	h264	5.000000	979765	1567624	Lavf58.76.100			
train/traffic_accident/videos/TR01791.mp4	train	traffic_accident	TR01791	1280	720	15.0	75	h264	5.000000	910809	1457294	Lavf58.76.100			
train/traffic_accident/videos/TR01792.mp4	train	traffic_accident	TR01792	1280	720	15.0	75	h264	5.000000	533815	854104	Lavf58.76.100			
train/traffic_accident/videos/TR01793.mp4	train	traffic_accident	TR01793	1280	720	15.0	75	h264	5.000000	1090100	1744160	Lavf58.76.100			
train/traffic_accident/videos/TR01794.mp4	train	traffic_accident	TR01794	1280	720	15.0	135	h264	9.000000	1145281	1018027	Lavf58.76.100			0
train/traffic_accident/videos/TR01795.mp4	train	traffic_accident	TR01795	1280	720	15.0	75	h264	5.000000	873113	1396980	Lavf58.76.100			
train/traffic_accident/videos/TR01796.mp4	train	traffic_accident	TR01796	1280	720	15.0	75	h264	5.000000	1226815	1962904	Lavf58.76.100			
train/traffic_accident/videos/TR01797.mp4	train	traffic_accident	TR01797	1280	720	15.0	75	h264	5.000000	691001	1105601	Lavf58.76.100			
train/traffic_accident/videos/TR01798.mp4	train	traffic_accident	TR01798	1280	720	15.0	75	h264	5.000000	789847	1263755	Lavf58.76.100			
train/traffic_accident/videos/TR01799.mp4	train	traffic_accident	TR01799	1280	720	15.0	75	h264	5.000000	549550	879280	Lavf58.76.100			
train/traffic_accident/videos/TR01800.mp4	train	traffic_accident	TR01800	1280	720	15.0	75	h264	5.000000	1084226	1734761	Lavf58.76.100			
train/traffic_accident/videos/TR01801.mp4	train	traffic_accident	TR01801	1280	720	15.0	75	h264	5.000000	1138367	1821387	Lavf58.76.100			
train/traffic_accident/videos/TR01802.mp4	train	traffic_accident	TR01802	1280	720	15.0	75	h264	5.000000	823938	1318300	Lavf58.76.100			
train/traffic_accident/videos/TR01803.mp4	train	traffic_accident	TR01803	1280	720	15.0	75	h264	5.000000	556132	889811	Lavf58.76.100			
train/traffic_accident/videos/TR01804.mp4	train	traffic_accident	TR01804	1280	720	15.0	108	h264	7.200000	690442	767157	Lavf58.76.100			
train/traffic_accident/videos/TR01805.mp4	train	traffic_accident	TR01805	1280	720	15.0	75	h264	5.000000	781341	1250145	Lavf58.76.100			
train/traffic_accident/videos/TR01806.mp4	train	traffic_accident	TR01806	1280	720	15.0	75	h264	5.000000	1077754	1724406	Lavf58.76.100			
train/traffic_accident/videos/TR01807.mp4	train	traffic_accident	TR01807	1280	720	15.0	75	h264	5.000000	711134	1137814	Lavf58.76.100			
train/traffic_accident/videos/TR01808.mp4	train	traffic_accident	TR01808	1280	720	15.0	75	h264	5.000000	1111044	1777670	Lavf58.76.100			
train/traffic_accident/videos/TR01809.mp4	train	traffic_accident	TR01809	1280	720	15.0	75	h264	5.000000	938892	1502227	Lavf58.76.100			
train/traffic_accident/videos/TR01810.mp4	train	traffic_accident	TR01810	1280	720	15.0	75	h264	5.000000	1486081	2377729	Lavf58.76.100			
train/traffic_accident/videos/TR01811.mp4	train	traffic_accident	TR01811	1280	720	15.0	75	h264	5.000000	424406	679049	Lavf58.76.100			
train/traffic_accident/videos/TR01812.mp4	train	traffic_accident	TR01812	1280	720	15.0	75	h264	5.000000	1747299	2795678	Lavf58.76.100			
train/traffic_accident/videos/TR01813.mp4	train	traffic_accident	TR01813	1280	720	15.0	75	h264	5.000000	1378783	2206052	Lavf58.76.100			
train/traffic_accident/videos/TR01814.mp4	train	traffic_accident	TR01814	1280	720	15.0	75	h264	5.000000	1000270	1600432	Lavf58.76.100			
train/traffic_accident/videos/TR01815.mp4	train	traffic_accident	TR01815	1280	720	15.0	75	h264	5.000000	548766	878025	Lavf58.76.100			
train/traffic_accident/videos/TR01816.mp4	train	traffic_accident	TR01816	1280	720	15.0	75	h264	5.000000	1422781	2276449	Lavf58.76.100			
train/traffic_accident/videos/TR01817.mp4	train	traffic_accident	TR01817	1280	720	15.0	75	h264	5.000000	566848	906956	Lavf58.76.100			
train/traffic_accident/videos/TR01818.mp4	train	traffic_accident	TR01818	1280	720	15.0	75	h264	5.000000	613124	980998	Lavf58.76.100			
train/traffic_accident/videos/TR01819.mp4	train	traffic_accident	TR01819	1280	720	15.0	86	h264	5.733333	454941	634801	Lavf58.76.100			
train/traffic_accident/videos/TR01820.mp4	train	traffic_accident	TR01820	1280	720	15.0	75	h264	5.000000	1080587	1728939	Lavf58.76.100			
train/traffic_accident/videos/TR01821.mp4	train	traffic_accident	TR01821	1280	720	15.0	75	h264	5.000000	1115555	1784888	Lavf58.76.100			
train/traffic_accident/videos/TR01822.mp4	train	traffic_accident	TR01822	1280	720	15.0	105	h264	7.000000	539744	616850	Lavf58.76.100			
train/traffic_accident/videos/TR01823.mp4	train	traffic_accident	TR01823	1280	720	15.0	75	h264	5.000000	673449	1077518	Lavf58.76.100			
train/traffic_accident/videos/TR01824.mp4	train	traffic_accident	TR01824	1280	720	15.0	136	h264	9.066667	455338	401768	Lavf58.76.100			0
train/traffic_accident/videos/TR01825.mp4	train	traffic_accident	TR01825	1280	720	15.0	75	h264	5.000000	677276	1083641	Lavf58.76.100			
train/traffic_accident/videos/TR01826.mp4	train	traffic_accident	TR01826	1280	720	15.0	111	h264	7.400000	1054658	1140170	Lavf58.76.100			
train/traffic_accident/videos/TR01827.mp4	train	traffic_accident	TR01827	1280	720	15.0	75	h264	5.000000	1524662	2439459	Lavf58.76.100			
train/traffic_accident/videos/TR01828.mp4	train	traffic_accident	TR01828	1280	720	15.0	75	h264	5.000000	602438	963900	Lavf58.76.100			
train/traffic_accident/videos/TR01829.mp4	train	traffic_accident	TR01829	1280	720	15.0	75	h264	5.000000	915248	1464396	Lavf58.76.100			
train/traffic_accident/videos/TR01830.mp4	train	traffic_accident	TR01830	1280	720	15.0	75	h264	5.000000	851793	1362868	Lavf58.76.100			
train/traffic_accident/videos/TR01831.mp4	train	traffic_accident	TR01831	1280	720	15.0	75	h264	5.000000	877886	1404617	Lavf58.76.100			
train/traffic_accident/videos/TR01832.mp4	train	traffic_accident	TR01832	1280	720	15.0	75	h264	5.000000	707455	1131928	Lavf58.76.100			
train/traffic_accident/videos/TR01833.mp4	train	traffic_accident	TR01833	1280	720	15.0	75	h264	5.000000	1032767	1652427	Lavf58.76.100			
train/traffic_accident/videos/TR01834.mp4	train	traffic_accident	TR01834	1280	720	15.0	75	h264	5.000000	489732	783571	Lavf58.76.100			
train/traffic_accident/videos/TR01835.mp4	train	traffic_accident	TR01835	1280	720	15.0	75	h264	5.000000	2067181	3307489	Lavf58.76.100			
train/traffic_accident/videos/TR01836.mp4	train	traffic_accident	TR01836	1280	720	15.0	75	h264	5.000000	1136006	1817609	Lavf58.76.100			
train/traffic_accident/videos/TR01837.mp4	train	traffic_accident	TR01837	1280	720	15.0	75	h264	5.000000	846896	1355033	Lavf58.76.100			
train/traffic_accident/videos/TR01838.mp4	train	traffic_accident	TR01838	1280	720	15.0	75	h264	5.000000	698180	1117088	Lavf58.76.100			
train/traffic_accident/videos/TR01839.mp4	train	traffic_accident	TR01839	1280	720	15.0	75	h264	5.000000	1183294	1893270	Lavf58.76.100			
train/traffic_accident/videos/TR01840.mp4	train	traffic_accident	TR01840	1280	720	15.0	75	h264	5.000000	1676744	2682790	Lavf58.76.100			
train/traffic_accident/videos/TR01841.mp4	train	traffic_accident	TR01841	1280	720	15.0	75	h264	5.000000	403336	645337	Lavf58.76.100			
train/traffic_accident/videos/TR01842.mp4	train	traffic_accident	TR01842	1280	720	15.0	75	h264	5.000000	873745	1397992	Lavf58.76.100			
train/traffic_accident/videos/TR01843.mp4	train	traffic_accident	TR01843	1280	720	15.0	75	h264	5.000000	512410	819856	Lavf58.76.100			
train/traffic_accident/videos/TR01844.mp4	train	traffic_accident	TR01844	1280	720	15.0	75	h264	5.000000	890143	1424228	Lavf58.76.100			
train/traffic_accident/videos/TR01845.mp4	train	traffic_accident	TR01845	1280	720	15.0	75	h264	5.000000	586854	938966	Lavf58.76.100			
train/traffic_accident/videos/TR01846.mp4	train	traffic_accident	TR01846	1280	720	15.0	149	h264	9.933333	850884	685275	Lavf58.76.100			
train/traffic_accident/videos/TR01847.mp4	train	traffic_accident	TR01847	1280	720	15.0	75	h264	5.000000	1436727	2298763	Lavf58.76.100			
train/traffic_accident/videos/TR01848.mp4	train	traffic_accident	TR01848	1280	720	15.0	55	h264	3.666667	284012	619662	Lavf58.76.100			
train/traffic_accident/videos/TR01849.mp4	train	traffic_accident	TR01849	1280	720	15.0	75	h264	5.000000	909407	1455051	Lavf58.76.100			
train/traffic_accident/videos/TR02758.mp4	train	traffic_accident	TR02758	720	404	30.0	233	mpeg4	7.766667	2168548	2233697	Lavf59.27.100			
train/traffic_accident/videos/TR02768.mp4	train	traffic_accident	TR02768	640	480	25.0	104	h264	4.160000	1409154	2709911				
train/traffic_accident/videos/TR02778.mp4	train	traffic_accident	TR02778	320	240	30.0	891	h264	29.700000	7979033	2149234	Lavf56.36.100			0
train/traffic_accident/videos/TR02787.mp4	train	traffic_accident	TR02787	640	480	25.0	159	h264	6.360000	3298597	4149178				
train/traffic_accident/videos/TR02795.mp4	train	traffic_accident	TR02795	640	480	25.0	175	h264	7.000000	3645596	4166395				
train/traffic_accident/videos/TR02803.mp4	train	traffic_accident	TR02803	640	480	25.0	124	h264	4.960000	4146744	6688296				
train/traffic_accident/videos/TR02811.mp4	train	traffic_accident	TR02811	480	360	30.0	3059	h264	102.353560	7137612	557878				
train/traffic_accident/videos/TR02819.mp4	train	traffic_accident	TR02819	1280	720	30.0	2907	h264	96.920091	15821707	1305958				
train/traffic_accident/videos/TR02827.mp4	train	traffic_accident	TR02827	640	480	25.0	144	h264	5.760000	3039250	4221180				
train/traffic_accident/videos/TR02834.mp4	train	traffic_accident	TR02834	720	404	30.0	296	mpeg4	9.866667	1824882	1479634	Lavf59.27.100			
train/traffic_accident/videos/TR02841.mp4	train	traffic_accident	TR02841	1280	720	25.0	925	h264	37.012608	9909035	2141764				
train/traffic_accident/videos/TR02848.mp4	train	traffic_accident	TR02848	640	480	25.0	135	h264	5.400000	3977382	5892417				
train/traffic_accident/videos/TR02855.mp4	train	traffic_accident	TR02855	320	240	30.0	2162	h264	72.214059	3309523	366634				
train/traffic_accident/videos/TR02862.mp4	train	traffic_accident	TR02862	320	240	30.0	1086	h264	36.200000	3795522	838789	Lavf56.36.100			0
train/traffic_accident/videos/TR02869.mp4	train	traffic_accident	TR02869	640	360	29.97	3125	h264	104.327256	6905883	529555				
train/traffic_accident/videos/TR02876.mp4	train	traffic_accident	TR02876	480	360	30.0	1830	h264	61.068481	3831992	501992				
train/traffic_accident/videos/TR02883.mp4	train	traffic_accident	TR02883	640	480	25.0	339	h264	13.560000	13841478	8166063				
train/traffic_accident/videos/TR02890.mp4	train	traffic_accident	TR02890	640	480	25.0	100	h264	4.000000	3683739	7367478				
train/traffic_accident/videos/TR02896.mp4	train	traffic_accident	TR02896	320	240	30.0	1005	h264	33.541995	4903363	1169486	Lavf56.36.100			0
train/traffic_accident/videos/TR02902.mp4	train	traffic_accident	TR02902	640	480	25.0	104	h264	4.160000	2052569	3947248				
train/traffic_accident/videos/TR02908.mp4	train	traffic_accident	TR02908	640	480	25.0	133	h264	5.320000	2435717	3662732				
train/traffic_accident/videos/TR02914.mp4	train	traffic_accident	TR02914	640	480	25.0	188	h264	7.520000	4027569	4284647				
train/traffic_accident/videos/TR02920.mp4	train	traffic_accident	TR02920	720	404	30.0	177	mpeg4	5.900000	1633200	2214508	Lavf59.27.100			
train/traffic_accident/videos/TR02926.mp4	train	traffic_accident	TR02926	320	240	30.0	1391	h264	46.440000	8237252	1418992	Lavf56.36.100			0
train/traffic_accident/videos/TR02932.mp4	train	traffic_accident	TR02932	320	180	29.97	4635	h264	155.109297	6505050	335507				
train/traffic_accident/videos/TR02938.mp4	train	traffic_accident	TR02938	720	404	30.0	232	mpeg4	7.733333	2427329	2511030	Lavf59.27.100			
train/traffic_accident/videos/TR02944.mp4	train	traffic_accident	TR02944	640	480	25.0	253	h264	10.120000	8318663	6576018				
train/traffic_accident/videos/TR02950.mp4	train	traffic_accident	TR02950	320	240	30.0	3967	h264	132.233333	14974030	905915	Lavf56.36.100			0
train/traffic_accident/videos/TR02956.mp4	train	traffic_accident	TR02956	320	240	30.0	2503	h264	84.365011	12808732	1214601	Lavf56.36.100			0
train/traffic_accident/videos/TR02962.mp4	train	traffic_accident	TR02962	422	360	10.0	875	h264	87.562449	3372579	308130				
train/traffic_accident/videos/TR02968.mp4	train	traffic_accident	TR02968	640	480	25.0	155	h264	6.200000	3299911	4257949				
train/traffic_accident/videos/TR02974.mp4	train	traffic_accident	TR02974	640	480	25.0	288	h264	11.520000	9075988	6302769				
train/traffic_accident/videos/TR02980.mp4	train	traffic_accident	TR02980	320	240	30.0	3510	h264	117.000000	30941602	2115665	Lavf56.36.100			0
train/traffic_accident/videos/TR02986.mp4	train	traffic_accident	TR02986	320	240	30.0	1495	h264	49.846009	12401019	1990292	Lavf56.36.100			0
train/traffic_accident/videos/TR02992.mp4	train	traffic_accident	TR02992	640	480	25.0	102	h264	4.080000	2532210	4965117				
train/traffic_accident/videos/TR02998.mp4	train	traffic_accident	TR02998	640	480	25.0	228	h264	9.120000	6643608	5827726				
train/traffic_accident/videos/TR03004.mp4	train	traffic_accident	TR03004	480	360	30.0	1077	h264	36.014150	2602134	578024				
train/traffic_accident/videos/TR03010.mp4	train	traffic_accident	TR03010	640	480	25.0	153	h264	6.120000	2733853	3573664				
train/traffic_accident/videos/TR03016.mp4	train	traffic_accident	TR03016	1280	720	29.97	3213	h264	107.229751	26603784	1984806				
train/traffic_accident/videos/TR03022.mp4	train	traffic_accident	TR03022	640	480	25.0	219	h264	8.760000	3993396	3646936				
train/traffic_accident/videos/TR03028.mp4	train	traffic_accident	TR03028	720	404	30.0	125	mpeg4	4.166667	1158902	2225091	Lavf59.27.100			
train/traffic_accident/videos/TR03034.mp4	train	traffic_accident	TR03034	400	300	30.0	1478	h264	49.365624	2215865	359094				
train/traffic_accident/videos/TR03040.mp4	train	traffic_accident	TR03040	640	480	25.0	205	h264	8.200000	6157300	6007121				
train/traffic_accident/videos/TR03046.mp4	train	traffic_accident	TR03046	360	240	29.97	2369	h264	79.180045	2590489	261731				
train/traffic_accident/videos/TR03052.mp4	train	traffic_accident	TR03052	640	480	25.0	142	h264	5.680000	3060488	4310546				
train/traffic_accident/videos/TR03058.mp4	train	traffic_accident	TR03058	320	240	30.0	2885	h264	96.177007	20467805	1702511	Lavf56.36.100			0
train/traffic_accident/videos/TR03064.mp4	train	traffic_accident	TR03064	320	240	30.0	329	h264	10.966667	2731482	1992570	Lavf56.36.100			0
train/traffic_accident/videos/TR03070.mp4	train	traffic_accident	TR03070	406	720	29.285	751	h264	25.658050	3696879	1152660				
train/traffic_accident/videos/TR03076.mp4	train	traffic_accident	TR03076	640	480	25.0	501	h264	20.040000	9419091	3760116	Lavf60.3.100			
train/traffic_accident/videos/TR03082.mp4	train	traffic_accident	TR03082	320	240	30.0	4596	h264	153.218005	27627503	1442519	Lavf56.36.100			0
train/traffic_accident/videos/TR03088.mp4	train	traffic_accident	TR03088	640	480	25.0	157	h264	6.280000	1944263	2476768				
train/traffic_accident/videos/TR03094.mp4	train	traffic_accident	TR03094	640	480	25.0	114	h264	4.560000	5486861	9626071				
train/traffic_accident/videos/TR03100.mp4	train	traffic_accident	TR03100	640	480	25.0	292	h264	11.680000	6286696	4305956				
train/traffic_accident/videos/TR03106.mp4	train	traffic_accident	TR03106	640	480	25.0	146	h264	5.840000	4067812	5572345				
train/traffic_accident/videos/TR03112.mp4	train	traffic_accident	TR03112	320	240	30.0	1980	h264	66.096009	17114760	2071502	Lavf56.36.100			0
train/traffic_accident/videos/TR03118.mp4	train	traffic_accident	TR03118	640	480	25.0	179	h264	7.160000	2012738	2248869				
train/traffic_accident/videos/TR03124.mp4	train	traffic_accident	TR03124	640	480	25.0	103	h264	4.120000	2734720	5310135				
train/traffic_accident/videos/TR03130.mp4	train	traffic_accident	TR03130	426	240	30.0	294	mpeg4	9.800000	1180591	963747	Lavf59.27.100			
train/traffic_accident/videos/TR03136.mp4	train	traffic_accident	TR03136	490	360	29.97	635	h264	21.269478	1832561	689273				
train/traffic_accident/videos/TR03142.mp4	train	traffic_accident	TR03142	480	360	15.0	994	h264	66.316190	3092326	373040				
train/traffic_accident/videos/TR03148.mp4	train	traffic_accident	TR03148	640	480	25.0	160	h264	6.400000	6024349	7530436				
train/traffic_accident/videos/TR03154.mp4	train	traffic_accident	TR03154	640	480	25.0	294	h264	11.760000	9059760	6163102				
train/traffic_accident/videos/TR03160.mp4	train	traffic_accident	TR03160	640	480	25.0	211	h264	8.440000	8368302	7932039				
train/traffic_accident/videos/TR03166.mp4	train	traffic_accident	TR03166	576	240	30.0	210	mpeg4	7.000000	1168651	1335601	Lavf59.27.100			
train/traffic_accident/videos/TR03172.mp4	train	traffic_accident	TR03172	640	480	25.0	242	h264	9.680000	6696656	5534426				
train/traffic_accident/videos/TR03178.mp4	train	traffic_accident	TR03178	640	480	25.0	244	h264	9.760000	8575088	7028760				
train/traffic_accident/videos/TR03184.mp4	train	traffic_accident	TR03184	320	240	30.0	1807	h264	60.255011	13985172	1856797	Lavf56.36.100			0
train/traffic_accident/videos/TR03190.mp4	train	traffic_accident	TR03190	640	480	25.0	375	h264	15.000000	19724930	10519962				
train/traffic_accident/videos/TR03196.mp4	train	traffic_accident	TR03196	640	480	25.0	213	h264	8.520000	4518832	4243034				
train/traffic_accident/videos/TR03201.mp4	train	traffic_accident	TR03201	640	480	25.0	111	h264	4.440000	3604083	6493843				
train/traffic_accident/videos/TR03206.mp4	train	traffic_accident	TR03206	640	480	25.0	180	h264	7.200000	4213369	4681521				
train/traffic_accident/videos/TR03211.mp4	train	traffic_accident	TR03211	640	480	25.0	134	h264	5.360000	3044095	4543425				
train/traffic_accident/videos/TR03216.mp4	train	traffic_accident	TR03216	640	480	25.0	132	h264	5.280000	2279586	3453918				
train/traffic_congestion/videos/TR00630.mp4	train	traffic_congestion	TR00630	1280	720	15.0	80	h264	5.333333	911065	1366597	Lavf58.76.100			
train/traffic_congestion/videos/TR00631.mp4	train	traffic_congestion	TR00631	1280	720	15.0	163	h264	10.866667	1577498	1161348	Lavf58.76.100			
train/traffic_congestion/videos/TR00632.mp4	train	traffic_congestion	TR00632	1280	720	15.0	78	h264	5.200000	606944	933760	Lavf58.76.100			
train/traffic_congestion/videos/TR00633.mp4	train	traffic_congestion	TR00633	1280	720	15.0	78	h264	5.200000	639734	984206	Lavf58.76.100			
train/traffic_congestion/videos/TR00634.mp4	train	traffic_congestion	TR00634	1280	720	15.0	80	h264	5.333333	799554	1199331	Lavf58.76.100			
train/traffic_congestion/videos/TR00635.mp4	train	traffic_congestion	TR00635	1280	720	15.0	80	h264	5.333333	854038	1281057	Lavf58.76.100			
train/traffic_congestion/videos/TR00636.mp4	train	traffic_congestion	TR00636	1280	720	15.0	80	h264	5.333333	659730	989595	Lavf58.76.100			
train/traffic_congestion/videos/TR00637.mp4	train	traffic_congestion	TR00637	1280	720	15.0	86	h264	5.733333	716493	999757	Lavf58.76.100	EV录屏3.9.6软件录制	本视频由湖南一唯信息科技开发的EV录屏软件录制，www.ieway.cn	
train/traffic_congestion/videos/TR00638.mp4	train	traffic_congestion	TR00638	1280	720	15.0	153	h264	10.200000	1827552	1433374	Lavf58.76.100			
train/traffic_congestion/videos/TR00639.mp4	train	traffic_congestion	TR00639	1280	720	15.0	80	h264	5.333333	772852	1159278	Lavf58.76.100			
train/traffic_congestion/videos/TR00640.mp4	train	traffic_congestion	TR00640	1280	720	15.0	80	h264	5.333333	712920	1069380	Lavf58.76.100			
train/traffic_congestion/videos/TR00641.mp4	train	traffic_congestion	TR00641	1280	720	15.0	84	h264	5.600000	790182	1128831	Lavf58.76.100	EV录屏3.9.6软件录制	本视频由湖南一唯信息科技开发的EV录屏软件录制，www.ieway.cn	
train/traffic_congestion/videos/TR00642.mp4	train	traffic_congestion	TR00642	1280	720	15.0	80	h264	5.333333	703070	1054605	Lavf58.76.100			
train/traffic_congestion/videos/TR00643.mp4	train	traffic_congestion	TR00643	1280	720	15.0	87	h264	5.800000	845693	1166473	Lavf58.76.100	EV录屏3.9.6软件录制	本视频由湖南一唯信息科技开发的EV录屏软件录制，www.ieway.cn	
train/traffic_congestion/videos/TR00644.mp4	train	traffic_congestion	TR00644	1280	720	15.0	80	h264	5.333333	621947	932920	Lavf58.76.100			
train/traffic_congestion/videos/TR00645.mp4	train	traffic_congestion	TR00645	1280	720	15.0	187	h264	12.466667	1747195	1121194	Lavf58.76.100			
train/traffic_congestion/videos/TR00646.mp4	train	traffic_congestion	TR00646	1280	720	15.0	80	h264	5.333333	672647	1008970	Lavf58.76.100			
train/traffic_congestion/videos/TR00647.mp4	train	traffic_congestion	TR00647	1280	720	15.0	80	h264	5.333333	852139	1278208	Lavf58.76.100			
train/traffic_congestion/videos/TR00648.mp4	train	traffic_congestion	TR00648	1280	720	15.0	80	h264	5.333333	775466	1163199	Lavf58.76.100			
train/traffic_congestion/videos/TR00649.mp4	train	traffic_congestion	TR00649	1280	720	15.0	80	h264	5.333333	606760	910140	Lavf58.76.100			
train/traffic_congestion/videos/TR00650.mp4	train	traffic_congestion	TR00650	1280	720	15.0	233	h264	15.533333	2794612	1439285	Lavf58.76.100			
train/traffic_congestion/videos/TR00651.mp4	train	traffic_congestion	TR00651	1280	720	15.0	86	h264	5.733333	814268	1136187	Lavf58.76.100	EV录屏3.9.6软件录制	本视频由湖南一唯信息科技开发的EV录屏软件录制，www.ieway.cn	
train/traffic_congestion/videos/TR00652.mp4	train	traffic_congestion	TR00652	1280	720	15.0	86	h264	5.733333	401154	559749	Lavf58.76.100	EV录屏3.9.6软件录制	本视频由湖南一唯信息科技开发的EV录屏软件录制，www.ieway.cn	
train/traffic_congestion/videos/TR00653.mp4	train	traffic_congestion	TR00653	1280	720	15.0	167	h264	11.133333	1646913	1183410	Lavf58.76.100			
train/traffic_congestion/videos/TR00654.mp4	train	traffic_congestion	TR00654	1280	720	15.0	80	h264	5.333333	927079	1390618	Lavf58.76.100			
train/traffic_congestion/videos/TR00655.mp4	train	traffic_congestion	TR00655	1280	720	15.0	80	h264	5.333333	662805	994207	Lavf58.76.100			
train/traffic_congestion/videos/TR00656.mp4	train	traffic_congestion	TR00656	1280	720	15.0	238	h264	15.866667	2967987	1496464	Lavf58.76.100			
train/traffic_congestion/videos/TR00657.mp4	train	traffic_congestion	TR00657	1280	720	15.0	80	h264	5.333333	823206	1234809	Lavf58.76.100			
train/traffic_congestion/videos/TR00658.mp4	train	traffic_congestion	TR00658	1280	720	15.0	211	h264	14.066667	2092994	1190328	Lavf58.76.100			
train/traffic_congestion/videos/TR00659.mp4	train	traffic_congestion	TR00659	1280	720	15.0	86	h264	5.733333	1566328	2185574	Lavf58.76.100	EV录屏3.9.6软件录制	本视频由湖南一唯信息科技开发的EV录屏软件录制，www.ieway.cn	
train/traffic_congestion/videos/TR00660.mp4	train	traffic_congestion	TR00660	1280	720	15.0	80	h264	5.333333	691782	1037673	Lavf58.76.100			
train/traffic_congestion/videos/TR00661.mp4	train	traffic_congestion	TR00661	1280	720	15.0	80	h264	5.333333	742271	1113406	Lavf58.76.100			
train/traffic_congestion/videos/TR00662.mp4	train	traffic_congestion	TR00662	1280	720	15.0	208	h264	13.866667	2795695	1612900	Lavf58.76.100			
train/traffic_congestion/videos/TR00663.mp4	train	traffic_congestion	TR00663	1280	720	15.0	87	h264	5.800000	1064420	1468165	Lavf58.76.100	EV录屏3.9.6软件录制	本视频由湖南一唯信息科技开发的EV录屏软件录制，www.ieway.cn	
train/traffic_congestion/videos/TR00664.mp4	train	traffic_congestion	TR00664	1280	720	15.0	80	h264	5.333333	678136	1017204	Lavf58.76.100			
train/traffic_congestion/videos/TR00665.mp4	train	traffic_congestion	TR00665	1280	720	15.0	80	h264	5.333333	1000213	1500319	Lavf58.76.100			
train/traffic_congestion/videos/TR00666.mp4	train	traffic_congestion	TR00666	1280	720	15.0	80	h264	5.333333	803602	1205403	Lavf58.76.100			
train/traffic_congestion/videos/TR00667.mp4	train	traffic_congestion	TR00667	1280	720	15.0	172	h264	11.466667	1871171	1305468	Lavf58.76.100			
train/traffic_congestion/videos/TR00668.mp4	train	traffic_congestion	TR00668	1280	720	15.0	257	h264	17.133333	2812869	1313401	Lavf58.76.100			
train/traffic_congestion/videos/TR00669.mp4	train	traffic_congestion	TR00669	1280	720	15.0	80	h264	5.333333	598734	898101	Lavf58.76.100			
train/traffic_congestion/videos/TR00670.mp4	train	traffic_congestion	TR00670	1280	720	15.0	80	h264	5.333333	725346	1088019	Lavf58.76.100			
train/traffic_congestion/videos/TR00671.mp4	train	traffic_congestion	TR00671	1280	720	15.0	80	h264	5.333333	695025	1042537	Lavf58.76.100			
train/traffic_congestion/videos/TR00672.mp4	train	traffic_congestion	TR00672	1280	720	15.0	80	h264	5.333333	899363	1349044	Lavf58.76.100			
train/traffic_congestion/videos/TR00673.mp4	train	traffic_congestion	TR00673	1280	720	15.0	80	h264	5.333333	700683	1051024	Lavf58.76.100			
train/traffic_congestion/videos/TR00674.mp4	train	traffic_congestion	TR00674	1280	720	15.0	81	h264	5.400000	791759	1172976	Lavf58.76.100			
train/traffic_congestion/videos/TR00675.mp4	train	traffic_congestion	TR00675	1280	720	15.0	80	h264	5.333333	680372	1020558	Lavf58.76.100			
train/traffic_congestion/videos/TR00676.mp4	train	traffic_congestion	TR00676	1280	720	15.0	165	h264	11.000000	2299794	1672577	Lavf58.76.100			
train/traffic_congestion/videos/TR00677.mp4	train	traffic_congestion	TR00677	1280	720	15.0	86	h264	5.733333	1408023	1964683	Lavf58.76.100	EV录屏3.9.6软件录制	本视频由湖南一唯信息科技开发的EV录屏软件录制，www.ieway.cn	
train/traffic_congestion/videos/TR00678.mp4	train	traffic_congestion	TR00678	1280	720	15.0	80	h264	5.333333	584437	876655	Lavf58.76.100			
train/traffic_congestion/videos/TR00679.mp4	train	traffic_congestion	TR00679	1280	720	15.0	80	h264	5.333333	789523	1184284	Lavf58.76.100			
train/traffic_congestion/videos/TR00680.mp4	train	traffic_congestion	TR00680	1280	720	15.0	80	h264	5.333333	739288	1108932	Lavf58.76.100			
train/traffic_congestion/videos/TR00681.mp4	train	traffic_congestion	TR00681	1280	720	15.0	85	h264	5.666667	1152253	1626710	Lavf58.76.100	EV录屏3.9.6软件录制	本视频由湖南一唯信息科技开发的EV录屏软件录制，www.ieway.cn	
train/traffic_congestion/videos/TR00682.mp4	train	traffic_congestion	TR00682	1280	720	15.0	120	h264	8.000000	216868	216868	Lavf58.76.100			
train/traffic_congestion/videos/TR00683.mp4	train	traffic_congestion	TR00683	1280	720	15.0	165	h264	11.000000	1905822	1386052	Lavf58.76.100			
train/traffic_congestion/videos/TR00684.mp4	train	traffic_congestion	TR00684	1280	720	15.0	80	h264	5.333333	644742	967113	Lavf58.76.100			
train/traffic_congestion/videos/TR00685.mp4	train	traffic_congestion	TR00685	1280	720	15.0	86	h264	5.733333	1982056	2765659	Lavf58.76.100	EV录屏3.9.6软件录制	本视频由湖南一唯信息科技开发的EV录屏软件录制，www.ieway.cn	
train/traffic_congestion/videos/TR00686.mp4	train	traffic_congestion	TR00686	1280	720	15.0	86	h264	5.733333	1187969	1657631	Lavf58.76.100	EV录屏3.9.6软件录制	本视频由湖南一唯信息科技开发的EV录屏软件录制，www.ieway.cn	
train/traffic_congestion/videos/TR00687.mp4	train	traffic_congestion	TR00687	1280	720	15.0	80	h264	5.333333	656495	984742	Lavf58.76.100			
train/traffic_congestion/videos/TR00688.mp4	train	traffic_congestion	TR00688	1280	720	15.0	180	h264	12.000000	916739	611159	Lavf58.76.100			
train/traffic_congestion/videos/TR00689.mp4	train	traffic_congestion	TR00689	1280	720	15.0	86	h264	5.733333	1495506	2086752	Lavf58.76.100	EV录屏3.9.6软件录制	本视频由湖南一唯信息科技开发的EV录屏软件录制，www.ieway.cn	
train/traffic_congestion/videos/TR00690.mp4	train	traffic_congestion	TR00690	1280	720	15.0	80	h264	5.333333	760376	1140564	Lavf58.76.100			
train/traffic_congestion/videos/TR00691.mp4	train	traffic_congestion	TR00691	1280	720	15.0	80	h264	5.333333	758723	1138084	Lavf58.76.100			
train/traffic_congestion/videos/TR00692.mp4	train	traffic_congestion	TR00692	1280	720	15.0	222	h264	14.800000	2373764	1283115	Lavf58.76.100			
train/traffic_congestion/videos/TR00693.mp4	train	traffic_congestion	TR00693	1280	720	15.0	80	h264	5.333333	658681	988021	Lavf58.76.100			
train/traffic_congestion/videos/TR00694.mp4	train	traffic_congestion	TR00694	1280	720	15.0	86	h264	5.733333	456428	636876	Lavf58.76.100	EV录屏3.9.6软件录制	本视频由湖南一唯信息科技开发的EV录屏软件录制，www.ieway.cn	
train/traffic_congestion/videos/TR00695.mp4	train	traffic_congestion	TR00695	1280	720	15.0	135	h264	9.000000	1673247	1487330	Lavf58.76.100			
train/traffic_congestion/videos/TR00696.mp4	train	traffic_congestion	TR00696	1280	720	15.0	80	h264	5.333333	851111	1276666	Lavf58.76.100			
train/traffic_congestion/videos/TR00697.mp4	train	traffic_congestion	TR00697	1280	720	15.0	86	h264	5.733333	2067262	2884551	Lavf58.76.100	EV录屏3.9.6软件录制	本视频由湖南一唯信息科技开发的EV录屏软件录制，www.ieway.cn	
train/traffic_congestion/videos/TR00698.mp4	train	traffic_congestion	TR00698	1280	720	15.0	236	h264	15.733333	2612180	1328227	Lavf58.76.100			
train/traffic_congestion/videos/TR00699.mp4	train	traffic_congestion	TR00699	1280	720	15.0	80	h264	5.333333	622238	933357	Lavf58.76.100			
train/traffic_congestion/videos/TR00700.mp4	train	traffic_congestion	TR00700	1280	720	15.0	80	h264	5.333333	646790	970185	Lavf58.76.100			
train/traffic_congestion/videos/TR00701.mp4	train	traffic_congestion	TR00701	1280	720	15.0	86	h264	5.733333	2579838	3599774	Lavf58.76.100	EV录屏3.9.6软件录制	本视频由湖南一唯信息科技开发的EV录屏软件录制，www.ieway.cn	
train/traffic_congestion/videos/TR00702.mp4	train	traffic_congestion	TR00702	1280	720	15.0	217	h264	14.466667	2195726	1214226	Lavf58.76.100			
train/traffic_congestion/videos/TR00703.mp4	train	traffic_congestion	TR00703	1280	720	15.0	80	h264	5.333333	689651	1034476	Lavf58.76.100			
train/traffic_congestion/videos/TR00704.mp4	train	traffic_congestion	TR00704	1280	720	15.0	208	h264	13.866667	2290575	1321485	Lavf58.76.100			
train/traffic_congestion/videos/TR00705.mp4	train	traffic_congestion	TR00705	1280	720	15.0	80	h264	5.333333	697127	1045690	Lavf58.76.100			
train/traffic_congestion/videos/TR00706.mp4	train	traffic_congestion	TR00706	1280	720	15.0	85	h264	5.666667	1301738	1837747	Lavf58.76.100	EV录屏3.9.6软件录制	本视频由湖南一唯信息科技开发的EV录屏软件录制，www.ieway.cn	
train/traffic_congestion/videos/TR00707.mp4	train	traffic_congestion	TR00707	1280	720	15.0	228	h264	15.200000	2468674	1299302	Lavf58.76.100			
train/traffic_congestion/videos/TR00708.mp4	train	traffic_congestion	TR00708	1280	720	15.0	87	h264	5.800000	1387076	1913208	Lavf58.76.100	EV录屏3.9.6软件录制	本视频由湖南一唯信息科技开发的EV录屏软件录制，www.ieway.cn	
train/traffic_congestion/videos/TR00709.mp4	train	traffic_congestion	TR00709	1280	720	15.0	228	h264	15.200000	2660903	1400475	Lavf58.76.100			
train/traffic_congestion/videos/TR00710.mp4	train	traffic_congestion	TR00710	1280	720	15.0	80	h264	5.333333	705267	1057900	Lavf58.76.100			
train/traffic_congestion/videos/TR00711.mp4	train	traffic_congestion	TR00711	1280	720	15.0	86	h264	5.733333	1340053	1869841	Lavf58.76.100	EV录屏3.9.6软件录制	本视频由湖南一唯信息科技开发的EV录屏软件录制，www.ieway.cn	
train/traffic_congestion/videos/TR00712.mp4	train	traffic_congestion	TR00712	1280	720	15.0	78	h264	5.200000	729488	1122289	Lavf58.76.100			
train/traffic_congestion/videos/TR00713.mp4	train	traffic_congestion	TR00713	1280	720	15.0	178	h264	11.866667	1831143	1234478	Lavf58.76.100			
train/traffic_congestion/videos/TR00714.mp4	train	traffic_congestion	TR00714	1280	720	15.0	80	h264	5.333333	686091	1029136	Lavf58.76.100			
train/traffic_congestion/videos/TR00715.mp4	train	traffic_congestion	TR00715	1280	720	15.0	80	h264	5.333333	686356	1029534	Lavf58.76.100			
train/traffic_congestion/videos/TR00716.mp4	train	traffic_congestion	TR00716	1280	720	15.0	80	h264	5.333333	666062	999093	Lavf58.76.100			
train/traffic_congestion/videos/TR00717.mp4	train	traffic_congestion	TR00717	1280	720	15.0	86	h264	5.733333	1207774	1685266	Lavf58.76.100	EV录屏3.9.6软件录制	本视频由湖南一唯信息科技开发的EV录屏软件录制，www.ieway.cn	
train/traffic_congestion/videos/TR00718.mp4	train	traffic_congestion	TR00718	1280	720	15.0	80	h264	5.333333	695543	1043314	Lavf58.76.100			
train/traffic_congestion/videos/TR00719.mp4	train	traffic_congestion	TR00719	1280	720	15.0	87	h264	5.800000	934209	1288564	Lavf58.76.100	EV录屏3.9.6软件录制	本视频由湖南一唯信息科技开发的EV录屏软件录制，www.ieway.cn	
train/traffic_congestion/videos/TR00720.mp4	train	traffic_congestion	TR00720	1280	720	15.0	78	h264	5.200000	652593	1003989	Lavf58.76.100			
train/traffic_congestion/videos/TR00721.mp4	train	traffic_congestion	TR00721	1280	720	15.0	80	h264	5.333333	667332	1000998	Lavf58.76.100			
train/traffic_congestion/videos/TR00722.mp4	train	traffic_congestion	TR00722	1280	720	15.0	86	h264	5.733333	1467993	2048362	Lavf58.76.100	EV录屏3.9.6软件录制	本视频由湖南一唯信息科技开发的EV录屏软件录制，www.ieway.cn	
train/traffic_congestion/videos/TR00723.mp4	train	traffic_congestion	TR00723	1280	720	15.0	84	h264	5.600000	1229303	1756147	Lavf58.76.100	EV录屏3.9.6软件录制	本视频由湖南一唯信息科技开发的EV录屏软件录制，www.ieway.cn	
train/traffic_congestion/videos/TR00724.mp4	train	traffic_congestion	TR00724	1280	720	15.0	86	h264	5.733333	824136	1149957	Lavf58.76.100	EV录屏3.9.6软件录制	本视频由湖南一唯信息科技开发的EV录屏软件录制，www.ieway.cn	
train/traffic_congestion/videos/TR00725.mp4	train	traffic_congestion	TR00725	1280	720	15.0	80	h264	5.333333	600965	901447	Lavf58.76.100			
train/traffic_congestion/videos/TR00726.mp4	train	traffic_congestion	TR00726	1280	720	15.0	80	h264	5.333333	645497	968245	Lavf58.76.100			
train/traffic_congestion/videos/TR00727.mp4	train	traffic_congestion	TR00727	1280	720	15.0	86	h264	5.733333	806485	1125327	Lavf58.76.100	EV录屏3.9.6软件录制	本视频由湖南一唯信息科技开发的EV录屏软件录制，www.ieway.cn	
train/traffic_congestion/videos/TR00728.mp4	train	traffic_congestion	TR00728	1280	720	15.0	80	h264	5.333333	758555	1137832	Lavf58.76.100			
train/traffic_congestion/videos/TR00729.mp4	train	traffic_congestion	TR00729	1280	720	15.0	81	h264	5.400000	809506	1199268	Lavf58.76.100			
train/traffic_congestion/videos/TR00730.mp4	train	traffic_congestion	TR00730	1280	720	15.0	216	h264	14.400000	2508800	1393777	Lavf58.76.100			
train/traffic_congestion/videos/TR00731.mp4	train	traffic_congestion	TR00731	1280	720	15.0	204	h264	13.600000	2329952	1370560	Lavf58.76.100			
train/traffic_congestion/videos/TR00732.mp4	train	traffic_congestion	TR00732	1280	720	15.0	182	h264	12.133333	1861573	1227410	Lavf58.76.100			
train/traffic_congestion/videos/TR00733.mp4	train	traffic_congestion	TR00733	1280	720	15.0	80	h264	5.333333	789780	1184670	Lavf58.76.100			
train/traffic_congestion/videos/TR00734.mp4	train	traffic_congestion	TR00734	1280	720	15.0	80	h264	5.333333	686076	1029114	Lavf58.76.100			
train/traffic_congestion/videos/TR00735.mp4	train	traffic_congestion	TR00735	1280	720	15.0	85	h264	5.666667	1050286	1482756	Lavf58.76.100	EV录屏3.9.6软件录制	本视频由湖南一唯信息科技开发的EV录屏软件录制，www.ieway.cn	
train/traffic_congestion/videos/TR00736.mp4	train	traffic_congestion	TR00736	1280	720	15.0	80	h264	5.333333	739209	1108813	Lavf58.76.100			
train/traffic_congestion/videos/TR00737.mp4	train	traffic_congestion	TR00737	1280	720	15.0	86	h264	5.733333	1014874	1416103	Lavf58.76.100	EV录屏3.9.6软件录制	本视频由湖南一唯信息科技开发的EV录屏软件录制，www.ieway.cn	
train/traffic_congestion/videos/TR00738.mp4	train	traffic_congestion	TR00738	1280	720	15.0	120	h264	8.000000	715510	715510	Lavf58.76.100			
train/traffic_congestion/videos/TR00739.mp4	train	traffic_congestion	TR00739	1280	720	15.0	80	h264	5.333333	663487	995230	Lavf58.76.100			
train/traffic_congestion/videos/TR00740.mp4	train	traffic_congestion	TR00740	1280	720	15.0	80	h264	5.333333	708164	1062246	Lavf58.76.100			
train/traffic_congestion/videos/TR00741.mp4	train	traffic_congestion	TR00741	1280	720	15.0	80	h264	5.333333	689127	1033690	Lavf58.76.100			
train/traffic_congestion/videos/TR00742.mp4	train	traffic_congestion	TR00742	1280	720	15.0	80	h264	5.333333	703197	1054795	Lavf58.76.100			
train/traffic_congestion/videos/TR00743.mp4	train	traffic_congestion	TR00743	1280	720	15.0	80	h264	5.333333	683981	1025971	Lavf58.76.100			
train/traffic_congestion/videos/TR00744.mp4	train	traffic_congestion	TR00744	1280	720	15.0	85	h264	5.666667	851267	1201788	Lavf58.76.100	EV录屏3.9.6软件录制	本视频由湖南一唯信息科技开发的EV录屏软件录制，www.ieway.cn	
train/traffic_congestion/videos/TR00745.mp4	train	traffic_congestion	TR00745	1280	720	15.0	80	h264	5.333333	692819	1039228	Lavf58.76.100			
train/traffic_congestion/videos/TR00746.mp4	train	traffic_congestion	TR00746	1280	720	15.0	221	h264	14.733333	2304689	1251414	Lavf58.76.100			
train/traffic_congestion/videos/TR00747.mp4	train	traffic_congestion	TR00747	1280	720	15.0	80	h264	5.333333	655204	982806	Lavf58.76.100			
train/traffic_congestion/videos/TR00748.mp4	train	traffic_congestion	TR00748	1280	720	15.0	86	h264	5.733333	357586	498957	Lavf58.76.100	EV录屏3.9.6软件录制	本视频由湖南一唯信息科技开发的EV录屏软件录制，www.ieway.cn	
train/traffic_congestion/videos/TR00749.mp4	train	traffic_congestion	TR00749	1280	720	15.0	80	h264	5.333333	758346	1137519	Lavf58.76.100			
train/traffic_congestion/videos/TR00750.mp4	train	traffic_congestion	TR00750	1280	720	15.0	71	h264	4.733333	780989	1319981	Lavf58.76.100			
train/traffic_congestion/videos/TR00751.mp4	train	traffic_congestion	TR00751	1280	720	15.0	80	h264	5.333333	731810	1097715	Lavf58.76.100			
train/traffic_congestion/videos/TR00752.mp4	train	traffic_congestion	TR00752	1280	720	15.0	181	h264	12.066667	1801705	1194500	Lavf58.76.100			
train/traffic_congestion/videos/TR00753.mp4	train	traffic_congestion	TR00753	1280	720	15.0	86	h264	5.733333	804160	1122083	Lavf58.76.100	EV录屏3.9.6软件录制	本视频由湖南一唯信息科技开发的EV录屏软件录制，www.ieway.cn	
train/traffic_congestion/videos/TR00754.mp4	train	traffic_congestion	TR00754	1280	720	15.0	80	h264	5.333333	972440	1458660	Lavf58.76.100			
train/traffic_congestion/videos/TR00755.mp4	train	traffic_congestion	TR00755	1280	720	15.0	80	h264	5.333333	739556	1109334	Lavf58.76.100			
train/traffic_congestion/videos/TR00756.mp4	train	traffic_congestion	TR00756	1280	720	15.0	85	h264	5.666667	630487	890099	Lavf58.76.100	EV录屏3.9.6软件录制	本视频由湖南一唯信息科技开发的EV录屏软件录制，www.ieway.cn	
train/traffic_congestion/videos/TR00757.mp4	train	traffic_congestion	TR00757	1280	720	15.0	80	h264	5.333333	705649	1058473	Lavf58.76.100			
train/traffic_congestion/videos/TR00758.mp4	train	traffic_congestion	TR00758	1280	720	15.0	86	h264	5.733333	1302835	1817909	Lavf58.76.100	EV录屏3.9.6软件录制	本视频由湖南一唯信息科技开发的EV录屏软件录制，www.ieway.cn	
train/traffic_congestion/videos/TR00759.mp4	train	traffic_congestion	TR00759	1280	720	15.0	80	h264	5.333333	606455	909682	Lavf58.76.100			
train/traffic_congestion/videos/TR00760.mp4	train	traffic_congestion	TR00760	1280	720	15.0	80	h264	5.333333	740879	1111318	Lavf58.76.100			
train/traffic_congestion/videos/TR00761.mp4	train	traffic_congestion	TR00761	1280	720	15.0	218	h264	14.533333	2656926	1462528	Lavf58.76.100			
train/traffic_congestion/videos/TR00762.mp4	train	traffic_congestion	TR00762	1280	720	15.0	80	h264	5.333333	691907	1037860	Lavf58.76.100			
train/traffic_congestion/videos/TR00763.mp4	train	traffic_congestion	TR00763	1280	720	15.0	238	h264	15.866667	2258023	1138498	Lavf58.76.100			
train/traffic_congestion/videos/TR00764.mp4	train	traffic_congestion	TR00764	1280	720	15.0	80	h264	5.333333	850390	1275585	Lavf58.76.100			
train/traffic_congestion/videos/TR00765.mp4	train	traffic_congestion	TR00765	1280	720	15.0	86	h264	5.733333	989035	1380048	Lavf58.76.100	EV录屏3.9.6软件录制	本视频由湖南一唯信息科技开发的EV录屏软件录制，www.ieway.cn	
train/traffic_congestion/videos/TR00766.mp4	train	traffic_congestion	TR00766	1280	720	15.0	80	h264	5.333333	568668	853002	Lavf58.76.100			
train/traffic_congestion/videos/TR00767.mp4	train	traffic_congestion	TR00767	1280	720	15.0	86	h264	5.733333	1556212	2171458	Lavf58.76.100	EV录屏3.9.6软件录制	本视频由湖南一唯信息科技开发的EV录屏软件录制，www.ieway.cn	
train/traffic_congestion/videos/TR00768.mp4	train	traffic_congestion	TR00768	1280	720	15.0	80	h264	5.333333	818047	1227070	Lavf58.76.100			
train/traffic_congestion/videos/TR00769.mp4	train	traffic_congestion	TR00769	1280	720	15.0	80	h264	5.333333	662418	993627	Lavf58.76.100			
train/traffic_congestion/videos/TR00770.mp4	train	traffic_congestion	TR00770	1280	720	15.0	85	h264	5.666667	1687396	2382205	Lavf58.76.100	EV录屏3.9.6软件录制	本视频由湖南一唯信息科技开发的EV录屏软件录制，www.ieway.cn	
train/traffic_congestion/videos/TR00771.mp4	train	traffic_congestion	TR00771	1280	720	15.0	247	h264	16.466667	2817184	1368672	Lavf58.76.100			
train/traffic_congestion/videos/TR00772.mp4	train	traffic_congestion	TR00772	1280	720	15.0	164	h264	10.933333	1951734	1428098	Lavf58.76.100			
train/traffic_congestion/videos/TR00773.mp4	train	traffic_congestion	TR00773	1280	720	15.0	165	h264	11.000000	1728314	1256955	Lavf58.76.100			
train/traffic_congestion/videos/TR00774.mp4	train	traffic_congestion	TR00774	1280	720	15.0	80	h264	5.333333	763501	1145251	Lavf58.76.100			
train/traffic_congestion/videos/TR00775.mp4	train	traffic_congestion	TR00775	1280	720	15.0	108	h264	7.200000	908386	1009317	Lavf58.76.100			
train/traffic_congestion/videos/TR00776.mp4	train	traffic_congestion	TR00776	1280	720	15.0	227	h264	15.133333	2212760	1169740	Lavf58.76.100			
train/traffic_congestion/videos/TR00777.mp4	train	traffic_congestion	TR00777	1280	720	15.0	80	h264	5.333333	664492	996738	Lavf58.76.100			
train/traffic_congestion/videos/TR00778.mp4	train	traffic_congestion	TR00778	1280	720	15.0	80	h264	5.333333	701546	1052319	Lavf58.76.100			
train/traffic_congestion/videos/TR00779.mp4	train	traffic_congestion	TR00779	1280	720	15.0	86	h264	5.733333	1206584	1683605	Lavf58.76.100	EV录屏3.9.6软件录制	本视频由湖南一唯信息科技开发的EV录屏软件录制，www.ieway.cn	
train/traffic_congestion/videos/TR00780.mp4	train	traffic_congestion	TR00780	1280	720	15.0	86	h264	5.733333	865244	1207317	Lavf58.76.100	EV录屏3.9.6软件录制	本视频由湖南一唯信息科技开发的EV录屏软件录制，www.ieway.cn	
train/traffic_congestion/videos/TR00781.mp4	train	traffic_congestion	TR00781	1280	720	15.0	85	h264	5.666667	1837317	2593859	Lavf58.76.100	EV录屏3.9.7软件录制	本视频由湖南一唯信息科技开发的EV录屏软件录制，www.ieway.cn	
train/traffic_congestion/videos/TR00782.mp4	train	traffic_congestion	TR00782	1280	720	15.0	86	h264	5.733333	1514062	2112644	Lavf58.76.100	EV录屏3.9.6软件录制	本视频由湖南一唯信息科技开发的EV录屏软件录制，www.ieway.cn	
train/traffic_congestion/videos/TR00783.mp4	train	traffic_congestion	TR00783	1280	720	15.0	80	h264	5.333333	885149	1327723	Lavf58.76.100			
train/traffic_congestion/videos/TR00784.mp4	train	traffic_congestion	TR00784	1280	720	15.0	80	h264	5.333333	730392	1095588	Lavf58.76.100			
train/traffic_congestion/videos/TR00785.mp4	train	traffic_congestion	TR00785	1280	720	15.0	80	h264	5.333333	832995	1249492	Lavf58.76.100			
train/traffic_congestion/videos/TR00786.mp4	train	traffic_congestion	TR00786	1280	720	15.0	80	h264	5.333333	691969	1037953	Lavf58.76.100			
train/traffic_congestion/videos/TR00787.mp4	train	traffic_congestion	TR00787	1280	720	15.0	253	h264	16.866667	2585432	1226291	Lavf58.76.100			
train/traffic_congestion/videos/TR00788.mp4	train	traffic_congestion	TR00788	1280	720	15.0	86	h264	5.733333	616882	860765	Lavf58.76.100	EV录屏3.9.6软件录制	本视频由湖南一唯信息科技开发的EV录屏软件录制，www.ieway.cn	
train/traffic_congestion/videos/TR00789.mp4	train	traffic_congestion	TR00789	1280	720	15.0	173	h264	11.533333	1747369	1212047	Lavf58.76.100			
train/traffic_congestion/videos/TR00790.mp4	train	traffic_congestion	TR00790	1280	720	15.0	80	h264	5.333333	690135	1035202	Lavf58.76.100			
train/traffic_congestion/videos/TR00791.mp4	train	traffic_congestion	TR00791	1280	720	15.0	80	h264	5.333333	731945	1097917	Lavf58.76.100			
train/traffic_congestion/videos/TR00792.mp4	train	traffic_congestion	TR00792	1280	720	15.0	80	h264	5.333333	628883	943324	Lavf58.76.100			
train/traffic_congestion/videos/TR00793.mp4	train	traffic_congestion	TR00793	1280	720	15.0	188	h264	12.533333	2068365	1320233	Lavf58.76.100			
train/traffic_congestion/videos/TR00794.mp4	train	traffic_congestion	TR00794	1280	720	15.0	80	h264	5.333333	668824	1003236	Lavf58.76.100			
train/traffic_congestion/videos/TR00795.mp4	train	traffic_congestion	TR00795	1280	720	15.0	80	h264	5.333333	838153	1257229	Lavf58.76.100			
train/traffic_congestion/videos/TR00796.mp4	train	traffic_congestion	TR00796	1280	720	15.0	78	h264	5.200000	716615	1102484	Lavf58.76.100			
train/traffic_congestion/videos/TR00797.mp4	train	traffic_congestion	TR00797	1280	720	15.0	80	h264	5.333333	706803	1060204	Lavf58.76.100			
train/traffic_congestion/videos/TR00798.mp4	train	traffic_congestion	TR00798	1280	720	15.0	80	h264	5.333333	705337	1058005	Lavf58.76.100			
train/traffic_congestion/videos/TR00799.mp4	train	traffic_congestion	TR00799	1280	720	15.0	201	h264	13.400000	2285157	1364272	Lavf58.76.100			
train/traffic_congestion/videos/TR00800.mp4	train	traffic_congestion	TR00800	1280	720	15.0	80	h264	5.333333	649433	974149	Lavf58.76.100			
train/traffic_congestion/videos/TR00801.mp4	train	traffic_congestion	TR00801	1280	720	15.0	80	h264	5.333333	637067	955600	Lavf58.76.100			
train/traffic_congestion/videos/TR00802.mp4	train	traffic_congestion	TR00802	1280	720	15.0	165	h264	11.000000	2377400	1729018	Lavf58.76.100			
train/traffic_congestion/videos/TR00803.mp4	train	traffic_congestion	TR00803	1280	720	15.0	157	h264	10.466667	1366845	1044722	Lavf58.76.100			
train/traffic_congestion/videos/TR00804.mp4	train	traffic_congestion	TR00804	1280	720	15.0	86	h264	5.733333	703202	981212	Lavf58.76.100	EV录屏3.9.6软件录制	本视频由湖南一唯信息科技开发的EV录屏软件录制，www.ieway.cn	
train/traffic_congestion/videos/TR00805.mp4	train	traffic_congestion	TR00805	1280	720	15.0	267	h264	17.800000	2403852	1080382	Lavf58.76.100			
train/traffic_congestion/videos/TR00806.mp4	train	traffic_congestion	TR00806	1280	720	15.0	166	h264	11.066667	1464256	1058498	Lavf58.76.100			
train/traffic_congestion/videos/TR00807.mp4	train	traffic_congestion	TR00807	1280	720	15.0	80	h264	5.333333	911277	1366915	Lavf58.76.100			
train/traffic_congestion/videos/TR00808.mp4	train	traffic_congestion	TR00808	1280	720	15.0	81	h264	5.400000	766727	1135891	Lavf58.76.100			
train/traffic_congestion/videos/TR00809.mp4	train	traffic_congestion	TR00809	1280	720	15.0	153	h264	10.200000	1403876	1101079	Lavf58.76.100			
train/traffic_congestion/videos/TR00810.mp4	train	traffic_congestion	TR00810	1280	720	15.0	231	h264	15.400000	2201475	1143623	Lavf58.76.100			
train/traffic_congestion/videos/TR00811.mp4	train	traffic_congestion	TR00811	1280	720	15.0	177	h264	11.800000	1617824	1096829	Lavf58.76.100			
train/traffic_congestion/videos/TR00812.mp4	train	traffic_congestion	TR00812	1280	720	15.0	172	h264	11.466667	1501677	1047681	Lavf58.76.100			
train/traffic_congestion/videos/TR00813.mp4	train	traffic_congestion	TR00813	1280	720	15.0	78	h264	5.200000	1717661	2642555	Lavf58.76.100	EV录屏3.9.6软件录制	本视频由湖南一唯信息科技开发的EV录屏软件录制，www.ieway.cn	
train/traffic_congestion/videos/TR00814.mp4	train	traffic_congestion	TR00814	1280	720	15.0	253	h264	16.866667	2756326	1307348	Lavf58.76.100			
train/traffic_congestion/videos/TR00815.mp4	train	traffic_congestion	TR00815	1280	720	15.0	80	h264	5.333333	643747	965620	Lavf58.76.100			
train/traffic_congestion/videos/TR00816.mp4	train	traffic_congestion	TR00816	1280	720	15.0	80	h264	5.333333	924277	1386415	Lavf58.76.100			
train/traffic_congestion/videos/TR00817.mp4	train	traffic_congestion	TR00817	1280	720	15.0	87	h264	5.800000	598252	825175	Lavf58.76.100	EV录屏3.9.6软件录制	本视频由湖南一唯信息科技开发的EV录屏软件录制，www.ieway.cn	
train/traffic_congestion/videos/TR00818.mp4	train	traffic_congestion	TR00818	1280	720	15.0	86	h264	5.733333	1052732	1468928	Lavf58.76.100	EV录屏3.9.6软件录制	本视频由湖南一唯信息科技开发的EV录屏软件录制，www.ieway.cn	
train/traffic_congestion/videos/TR00819.mp4	train	traffic_congestion	TR00819	1280	720	15.0	86	h264	5.733333	884311	1233922	Lavf58.76.100	EV录屏3.9.6软件录制	本视频由湖南一唯信息科技开发的EV录屏软件录制，www.ieway.cn	
train/traffic_congestion/videos/TR00820.mp4	train	traffic_congestion	TR00820	1280	720	15.0	87	h264	5.800000	1830360	2524634	Lavf58.76.100	EV录屏3.9.6软件录制	本视频由湖南一唯信息科技开发的EV录屏软件录制，www.ieway.cn	
train/traffic_congestion/videos/TR00821.mp4	train	traffic_congestion	TR00821	1280	720	15.0	80	h264	5.333333	760431	1140646	Lavf58.76.100			
train/traffic_congestion/videos/TR00822.mp4	train	traffic_congestion	TR00822	1280	720	15.0	80	h264	5.333333	803007	1204510	Lavf58.76.100			
train/traffic_congestion/videos/TR00823.mp4	train	traffic_congestion	TR00823	1280	720	15.0	86	h264	5.733333	1634605	2280844	Lavf58.76.100	EV录屏3.9.6软件录制	本视频由湖南一唯信息科技开发的EV录屏软件录制，www.ieway.cn	
train/traffic_congestion/videos/TR00824.mp4	train	traffic_congestion	TR00824	1280	720	15.0	80	h264	5.333333	699830	1049745	Lavf58.76.100			
train/traffic_congestion/videos/TR00825.mp4	train	traffic_congestion	TR00825	1280	720	15.0	242	h264	16.133333	2603679	1291080	Lavf58.76.100			
train/traffic_congestion/videos/TR00826.mp4	train	traffic_congestion	TR00826	1280	720	15.0	80	h264	5.333333	656268	984402	Lavf58.76.100			
train/traffic_congestion/videos/TR00827.mp4	train	traffic_congestion	TR00827	1280	720	15.0	80	h264	5.333333	701031	1051546	Lavf58.76.100			
train/traffic_congestion/videos/TR00828.mp4	train	traffic_congestion	TR00828	1280	720	15.0	80	h264	5.333333	696429	1044643	Lavf58.76.100			
train/traffic_congestion/videos/TR00829.mp4	train	traffic_congestion	TR00829	1280	720	15.0	80	h264	5.333333	699318	1048977	Lavf58.76.100			
train/traffic_congestion/videos/TR00830.mp4	train	traffic_congestion	TR00830	1280	720	15.0	80	h264	5.333333	677769	1016653	Lavf58.76.100			
train/traffic_congestion/videos/TR00831.mp4	train	traffic_congestion	TR00831	1280	720	15.0	78	h264	5.200000	697199	1072613	Lavf58.76.100			
train/traffic_congestion/videos/TR00832.mp4	train	traffic_congestion	TR00832	1280	720	15.0	80	h264	5.333333	694148	1041222	Lavf58.76.100			
train/traffic_congestion/videos/TR00833.mp4	train	traffic_congestion	TR00833	1280	720	15.0	157	h264	10.466667	1840804	1406983	Lavf58.76.100			
train/traffic_congestion/videos/TR00834.mp4	train	traffic_congestion	TR00834	1280	720	15.0	263	h264	17.533333	2823070	1288092	Lavf58.76.100			
train/traffic_congestion/videos/TR00835.mp4	train	traffic_congestion	TR00835	1280	720	15.0	221	h264	14.733333	2137770	1160780	Lavf58.76.100			
train/traffic_congestion/videos/TR00836.mp4	train	traffic_congestion	TR00836	1280	720	15.0	80	h264	5.333333	667313	1000969	Lavf58.76.100			
train/traffic_congestion/videos/TR00837.mp4	train	traffic_congestion	TR00837	1280	720	15.0	80	h264	5.333333	855086	1282629	Lavf58.76.100			
train/traffic_congestion/videos/TR00838.mp4	train	traffic_congestion	TR00838	1280	720	15.0	78	h264	5.200000	609517	937718	Lavf58.76.100			
train/traffic_congestion/videos/TR00839.mp4	train	traffic_congestion	TR00839	1280	720	15.0	187	h264	12.466667	1813789	1163928	Lavf58.76.100			
train/traffic_congestion/videos/TR00840.mp4	train	traffic_congestion	TR00840	1280	720	15.0	80	h264	5.333333	712065	1068097	Lavf58.76.100			
train/traffic_congestion/videos/TR00841.mp4	train	traffic_congestion	TR00841	1280	720	15.0	80	h264	5.333333	743594	1115391	Lavf58.76.100			
train/traffic_congestion/videos/TR00842.mp4	train	traffic_congestion	TR00842	1280	720	15.0	80	h264	5.333333	704981	1057471	Lavf58.76.100			
train/traffic_congestion/videos/TR00843.mp4	train	traffic_congestion	TR00843	1280	720	15.0	78	h264	5.200000	631195	971069	Lavf58.76.100			
train/traffic_congestion/videos/TR00844.mp4	train	traffic_congestion	TR00844	1280	720	15.0	153	h264	10.200000	1426574	1118881	Lavf58.76.100			
train/traffic_congestion/videos/TR00845.mp4	train	traffic_congestion	TR00845	1280	720	15.0	80	h264	5.333333	771929	1157893	Lavf58.76.100			
train/traffic_congestion/videos/TR00846.mp4	train	traffic_congestion	TR00846	1280	720	15.0	80	h264	5.333333	706971	1060456	Lavf58.76.100			
train/traffic_congestion/videos/TR00847.mp4	train	traffic_congestion	TR00847	1280	720	15.0	186	h264	12.400000	1711689	1104315	Lavf58.76.100			
train/traffic_congestion/videos/TR00848.mp4	train	traffic_congestion	TR00848	1280	720	15.0	153	h264	10.200000	1720478	1349394	Lavf58.76.100			
train/traffic_congestion/videos/TR00849.mp4	train	traffic_congestion	TR00849	1280	720	15.0	78	h264	5.200000	808309	1243552	Lavf58.76.100			
train/traffic_congestion/videos/TR00850.mp4	train	traffic_congestion	TR00850	1280	720	15.0	80	h264	5.333333	717932	1076898	Lavf58.76.100			
train/traffic_congestion/videos/TR00851.mp4	train	traffic_congestion	TR00851	1280	720	15.0	80	h264	5.333333	650270	975405	Lavf58.76.100			
train/traffic_congestion/videos/TR00852.mp4	train	traffic_congestion	TR00852	1280	720	15.0	78	h264	5.200000	575424	885267	Lavf58.76.100			
train/traffic_congestion/videos/TR00853.mp4	train	traffic_congestion	TR00853	1280	720	15.0	80	h264	5.333333	660306	990459	Lavf58.76.100			
train/traffic_congestion/videos/TR00854.mp4	train	traffic_congestion	TR00854	1280	720	15.0	77	h264	5.133333	526058	819830	Lavf58.76.100			
train/traffic_congestion/videos/TR00855.mp4	train	traffic_congestion	TR00855	1280	720	15.0	87	h264	5.800000	819420	1130234	Lavf58.76.100	EV录屏3.9.6软件录制	本视频由湖南一唯信息科技开发的EV录屏软件录制，www.ieway.cn	
train/traffic_congestion/videos/TR00856.mp4	train	traffic_congestion	TR00856	1280	720	15.0	80	h264	5.333333	663021	994531	Lavf58.76.100			
train/traffic_congestion/videos/TR00857.mp4	train	traffic_congestion	TR00857	1280	720	15.0	80	h264	5.333333	896394	1344591	Lavf58.76.100			
train/traffic_congestion/videos/TR00858.mp4	train	traffic_congestion	TR00858	1280	720	15.0	86	h264	5.733333	1913753	2670353	Lavf58.76.100	EV录屏3.9.6软件录制	本视频由湖南一唯信息科技开发的EV录屏软件录制，www.ieway.cn	
train/traffic_congestion/videos/TR00859.mp4	train	traffic_congestion	TR00859	1280	720	15.0	157	h264	10.466667	1535207	1173406	Lavf58.76.100			
train/traffic_congestion/videos/TR00860.mp4	train	traffic_congestion	TR00860	1280	720	15.0	80	h264	5.333333	678126	1017189	Lavf58.76.100			
train/traffic_congestion/videos/TR00861.mp4	train	traffic_congestion	TR00861	1280	720	15.0	165	h264	11.000000	2033494	1478904	Lavf58.76.100			
train/traffic_congestion/videos/TR00862.mp4	train	traffic_congestion	TR00862	1280	720	15.0	80	h264	5.333333	774193	1161289	Lavf58.76.100			
train/traffic_congestion/videos/TR00863.mp4	train	traffic_congestion	TR00863	1280	720	15.0	80	h264	5.333333	729640	1094460	Lavf58.76.100			
train/traffic_congestion/videos/TR00864.mp4	train	traffic_congestion	TR00864	1280	720	15.0	80	h264	5.333333	779347	1169020	Lavf58.76.100			
train/traffic_congestion/videos/TR00865.mp4	train	traffic_congestion	TR00865	1280	720	15.0	194	h264	12.933333	2204670	1363713	Lavf58.76.100			
train/traffic_congestion/videos/TR00866.mp4	train	traffic_congestion	TR00866	1280	720	15.0	81	h264	5.400000	720703	1067708	Lavf58.76.100			
train/traffic_congestion/videos/TR00867.mp4	train	traffic_congestion	TR00867	1280	720	15.0	158	h264	10.533333	1932696	1467870	Lavf58.76.100			
train/traffic_congestion/videos/TR00868.mp4	train	traffic_congestion	TR00868	1280	720	15.0	86	h264	5.733333	806937	1125958	Lavf58.76.100	EV录屏3.9.6软件录制	本视频由湖南一唯信息科技开发的EV录屏软件录制，www.ieway.cn	
train/traffic_congestion/videos/TR00869.mp4	train	traffic_congestion	TR00869	1280	720	15.0	80	h264	5.333333	663637	995455	Lavf58.76.100			
train/traffic_congestion/videos/TR00870.mp4	train	traffic_congestion	TR00870	1280	720	15.0	80	h264	5.333333	689900	1034850	Lavf58.76.100			
train/traffic_congestion/videos/TR00871.mp4	train	traffic_congestion	TR00871	1280	720	15.0	86	h264	5.733333	1684000	2349767	Lavf58.76.100	EV录屏3.9.6软件录制	本视频由湖南一唯信息科技开发的EV录屏软件录制，www.ieway.cn	
train/traffic_congestion/videos/TR00872.mp4	train	traffic_congestion	TR00872	1280	720	15.0	85	h264	5.666667	1362143	1923025	Lavf58.76.100	EV录屏3.9.6软件录制	本视频由湖南一唯信息科技开发的EV录屏软件录制，www.ieway.cn	
train/traffic_congestion/videos/TR00873.mp4	train	traffic_congestion	TR00873	1280	720	15.0	197	h264	13.133333	1831366	1115552	Lavf58.76.100			
train/traffic_congestion/videos/TR00874.mp4	train	traffic_congestion	TR00874	1280	720	15.0	199	h264	13.266667	2342178	1412368	Lavf58.76.100			
train/traffic_congestion/videos/TR00875.mp4	train	traffic_congestion	TR00875	1280	720	15.0	243	h264	16.200000	2906400	1435259	Lavf58.76.100			
train/traffic_congestion/videos/TR00876.mp4	train	traffic_congestion	TR00876	1280	720	15.0	165	h264	11.000000	2146525	1561109	Lavf58.76.100			
train/traffic_congestion/videos/TR00877.mp4	train	traffic_congestion	TR00877	1280	720	15.0	80	h264	5.333333	717566	1076349	Lavf58.76.100			
train/traffic_congestion/videos/TR00878.mp4	train	traffic_congestion	TR00878	1280	720	15.0	80	h264	5.333333	723624	1085436	Lavf58.76.100			
train/traffic_congestion/videos/TR00879.mp4	train	traffic_congestion	TR00879	1280	720	15.0	247	h264	16.466667	2232683	1084704	Lavf58.76.100			
train/traffic_congestion/videos/TR02756.mp4	train	traffic_congestion	TR02756	640	480	25.0	501	h264	20.040000	25384891	10133689	Lavf60.3.100			
train/traffic_congestion/videos/TR02766.mp4	train	traffic_congestion	TR02766	640	480	25.0	501	h264	20.040000	24508337	9783767	Lavf60.3.100			
train/traffic_congestion/videos/TR02776.mp4	train	traffic_congestion	TR02776	640	480	25.0	501	h264	20.040000	8665349	3459221	Lavf60.3.100			
train/traffic_congestion/videos/TR02785.mp4	train	traffic_congestion	TR02785	640	480	25.0	501	h264	20.040000	3337456	1332317	Lavf60.3.100			
train/traffic_congestion/videos/TR02794.mp4	train	traffic_congestion	TR02794	640	480	25.0	501	h264	20.040000	25582415	10212540	Lavf60.3.100			
train/traffic_congestion/videos/TR02802.mp4	train	traffic_congestion	TR02802	640	480	25.0	226	h264	9.040000	12226299	10819733				
train/traffic_congestion/videos/TR02810.mp4	train	traffic_congestion	TR02810	640	480	25.0	501	h264	20.040000	25123060	10029165	Lavf60.3.100			
train/traffic_congestion/videos/TR02818.mp4	train	traffic_congestion	TR02818	640	480	25.0	501	h264	20.040000	27137091	10833170	Lavf60.3.100			
train/traffic_congestion/videos/TR02826.mp4	train	traffic_congestion	TR02826	640	480	25.0	501	h264	20.040000	25257365	10082780	Lavf60.3.100			
train/traffic_congestion/videos/TR02833.mp4	train	traffic_congestion	TR02833	640	480	25.0	501	h264	20.040000	15415580	6153924	Lavf60.3.100			
train/traffic_congestion/videos/TR02840.mp4	train	traffic_congestion	TR02840	640	480	25.0	501	h264	20.040000	12392924	4947275	Lavf60.3.100			
train/traffic_congestion/videos/TR02847.mp4	train	traffic_congestion	TR02847	640	480	25.0	501	h264	20.040000	24656833	9843047	Lavf60.3.100			
train/traffic_congestion/videos/TR02854.mp4	train	traffic_congestion	TR02854	640	480	25.0	501	h264	20.040000	25044564	9997829	Lavf60.3.100			
train/traffic_congestion/videos/TR02861.mp4	train	traffic_congestion	TR02861	640	480	25.0	500	h264	20.000000	25785233	10314093	Lavf60.3.100			
train/traffic_congestion/videos/TR02868.mp4	train	traffic_congestion	TR02868	640	480	25.0	501	h264	20.040000	25771843	10288160	Lavf60.3.100			
train/traffic_congestion/videos/TR02875.mp4	train	traffic_congestion	TR02875	640	480	25.0	501	h264	20.040000	25421404	10148265	Lavf60.3.100			
train/traffic_congestion/videos/TR02882.mp4	train	traffic_congestion	TR02882	640	480	25.0	501	h264	20.040000	11087856	4426289	Lavf60.3.100			
train/traffic_congestion/videos/TR02889.mp4	train	traffic_congestion	TR02889	640	480	25.0	184	h264	7.360000	8554158	9297997				
train/vehicle_blocking_traffic/videos/TR00101.mp4	train	vehicle_blocking_traffic	TR00101	1280	720	15.0	195	h264	13.000000	721349	443907	Lavf58.76.100			
train/vehicle_blocking_traffic/videos/TR00102.mp4	train	vehicle_blocking_traffic	TR00102	1280	720	15.0	165	h264	11.000000	551411	401026	Lavf58.76.100			
train/vehicle_blocking_traffic/videos/TR00103.mp4	train	vehicle_blocking_traffic	TR00103	1280	720	15.0	89	h264	5.933333	500454	674769	Lavf58.76.100			
train/vehicle_blocking_traffic/videos/TR00104.mp4	train	vehicle_blocking_traffic	TR00104	1280	720	15.0	116	h264	7.733333	780653	807572	Lavf58.76.100			
train/vehicle_blocking_traffic/videos/TR00105.mp4	train	vehicle_blocking_traffic	TR00105	1280	720	15.0	120	h264	8.000000	1124671	1124671	Lavf58.76.100			
train/vehicle_blocking_traffic/videos/TR00106.mp4	train	vehicle_blocking_traffic	TR00106	1280	720	15.0	180	h264	12.000000	348348	232232	Lavf58.76.100			
train/vehicle_blocking_traffic/videos/TR00107.mp4	train	vehicle_blocking_traffic	TR00107	1280	720	15.0	165	h264	11.000000	550674	400490	Lavf58.76.100			
train/vehicle_blocking_traffic/videos/TR00108.mp4	train	vehicle_blocking_traffic	TR00108	1280	720	15.0	120	h264	8.000000	1547073	1547073	Lavf58.76.100			
train/vehicle_blocking_traffic/videos/TR00109.mp4	train	vehicle_blocking_traffic	TR00109	1280	720	15.0	165	h264	11.000000	3586984	2608715	Lavf58.76.100			
train/vehicle_blocking_traffic/videos/TR00110.mp4	train	vehicle_blocking_traffic	TR00110	1280	720	15.0	165	h264	11.000000	889876	647182	Lavf58.76.100			
train/vehicle_blocking_traffic/videos/TR00111.mp4	train	vehicle_blocking_traffic	TR00111	1280	720	15.0	165	h264	11.000000	831175	604490	Lavf58.76.100			
train/vehicle_blocking_traffic/videos/TR00112.mp4	train	vehicle_blocking_traffic	TR00112	1280	720	15.0	135	h264	9.000000	244682	217495	Lavf58.76.100			
train/vehicle_blocking_traffic/videos/TR00113.mp4	train	vehicle_blocking_traffic	TR00113	1280	720	15.0	165	h264	11.000000	612632	445550	Lavf58.76.100			
train/vehicle_blocking_traffic/videos/TR00114.mp4	train	vehicle_blocking_traffic	TR00114	1280	720	15.0	165	h264	11.000000	548255	398730	Lavf58.76.100			
train/vehicle_blocking_traffic/videos/TR00115.mp4	train	vehicle_blocking_traffic	TR00115	1280	720	15.0	214	h264	14.266667	2417508	1355611	Lavf58.76.100			
train/vehicle_blocking_traffic/videos/TR00116.mp4	train	vehicle_blocking_traffic	TR00116	1280	720	15.0	101	h264	6.733333	402398	478096	Lavf58.76.100			
train/vehicle_blocking_traffic/videos/TR00117.mp4	train	vehicle_blocking_traffic	TR00117	1280	720	15.0	165	h264	11.000000	2226925	1619581	Lavf58.76.100			
train/vehicle_blocking_traffic/videos/TR00118.mp4	train	vehicle_blocking_traffic	TR00118	1280	720	15.0	121	h264	8.066667	445235	441555	Lavf58.76.100			
train/vehicle_blocking_traffic/videos/TR00119.mp4	train	vehicle_blocking_traffic	TR00119	1280	720	15.0	120	h264	8.000000	431240	431240	Lavf58.76.100			
train/vehicle_blocking_traffic/videos/TR00120.mp4	train	vehicle_blocking_traffic	TR00120	1280	720	15.0	120	h264	8.000000	621846	621846	Lavf58.76.100			
train/vehicle_blocking_traffic/videos/TR00121.mp4	train	vehicle_blocking_traffic	TR00121	1280	720	15.0	180	h264	12.000000	948425	632283	Lavf58.76.100			0
train/vehicle_blocking_traffic/videos/TR00122.mp4	train	vehicle_blocking_traffic	TR00122	1280	720	15.0	165	h264	11.000000	1510370	1098450	Lavf58.76.100			
train/vehicle_blocking_traffic/videos/TR00123.mp4	train	vehicle_blocking_traffic	TR00123	1280	720	15.0	165	h264	11.000000	560744	407813	Lavf58.76.100			
train/vehicle_blocking_traffic/videos/TR00124.mp4	train	vehicle_blocking_traffic	TR00124	1280	720	15.0	165	h264	11.000000	731256	531822	Lavf58.76.100			
train/vehicle_blocking_traffic/videos/TR00125.mp4	train	vehicle_blocking_traffic	TR00125	1280	720	15.0	136	h264	9.066667	484611	427597	Lavf58.76.100			
train/vehicle_blocking_traffic/videos/TR00126.mp4	train	vehicle_blocking_traffic	TR00126	1280	720	15.0	120	h264	8.000000	352892	352892	Lavf58.76.100			
train/vehicle_blocking_traffic/videos/TR00127.mp4	train	vehicle_blocking_traffic	TR00127	1280	720	15.0	174	h264	11.600000	1967397	1356825	Lavf58.76.100			
train/vehicle_blocking_traffic/videos/TR00128.mp4	train	vehicle_blocking_traffic	TR00128	1280	720	15.0	145	h264	9.666667	1395035	1154511	Lavf58.76.100			
train/vehicle_blocking_traffic/videos/TR00129.mp4	train	vehicle_blocking_traffic	TR00129	1280	720	15.0	450	h264	30.000000	1981399	528373	Lavf58.76.100			0
train/vehicle_blocking_traffic/videos/TR00131.mp4	train	vehicle_blocking_traffic	TR00131	1280	720	15.0	107	h264	7.133333	676621	758827	Lavf58.76.100			
train/vehicle_blocking_traffic/videos/TR00132.mp4	train	vehicle_blocking_traffic	TR00132	1280	720	15.0	135	h264	9.000000	554910	493253	Lavf58.76.100			
train/vehicle_blocking_traffic/videos/TR00133.mp4	train	vehicle_blocking_traffic	TR00133	1280	720	15.0	150	h264	10.000000	382532	306025	Lavf58.76.100			
train/vehicle_blocking_traffic/videos/TR00134.mp4	train	vehicle_blocking_traffic	TR00134	1280	720	15.0	165	h264	11.000000	378744	275450	Lavf58.76.100			
train/vehicle_blocking_traffic/videos/TR00135.mp4	train	vehicle_blocking_traffic	TR00135	1280	720	15.0	130	h264	8.666667	1990942	1837792	Lavf58.76.100			
train/vehicle_blocking_traffic/videos/TR00136.mp4	train	vehicle_blocking_traffic	TR00136	1280	720	15.0	165	h264	11.000000	594903	432656	Lavf58.76.100			
train/vehicle_blocking_traffic/videos/TR00137.mp4	train	vehicle_blocking_traffic	TR00137	1280	720	15.0	180	h264	12.000000	870975	580650	Lavf58.76.100			0
train/vehicle_blocking_traffic/videos/TR00138.mp4	train	vehicle_blocking_traffic	TR00138	1280	720	15.0	120	h264	8.000000	417534	417534	Lavf58.76.100			
train/vehicle_blocking_traffic/videos/TR00139.mp4	train	vehicle_blocking_traffic	TR00139	1280	720	15.0	100	h264	6.666667	411999	494398	Lavf58.76.100			
train/vehicle_blocking_traffic/videos/TR00140.mp4	train	vehicle_blocking_traffic	TR00140	1280	720	15.0	120	h264	8.000000	1246313	1246313	Lavf58.76.100			0
train/vehicle_blocking_traffic/videos/TR00141.mp4	train	vehicle_blocking_traffic	TR00141	1280	720	15.0	165	h264	11.000000	462775	336563	Lavf58.76.100			
train/vehicle_blocking_traffic/videos/TR00142.mp4	train	vehicle_blocking_traffic	TR00142	1280	720	15.0	74	h264	4.933333	392629	636695	Lavf58.76.100			
train/vehicle_blocking_traffic/videos/TR00143.mp4	train	vehicle_blocking_traffic	TR00143	1280	720	15.0	165	h264	11.000000	483801	351855	Lavf58.76.100			
train/vehicle_blocking_traffic/videos/TR00145.mp4	train	vehicle_blocking_traffic	TR00145	1280	720	15.0	120	h264	8.000000	467864	467864	Lavf58.76.100			
train/vehicle_blocking_traffic/videos/TR00146.mp4	train	vehicle_blocking_traffic	TR00146	1280	720	15.0	165	h264	11.000000	907658	660114	Lavf58.76.100			
train/vehicle_blocking_traffic/videos/TR00147.mp4	train	vehicle_blocking_traffic	TR00147	1280	720	15.0	120	h264	8.000000	552934	552934	Lavf58.76.100			
train/vehicle_blocking_traffic/videos/TR00148.mp4	train	vehicle_blocking_traffic	TR00148	1280	720	15.0	165	h264	11.000000	991799	721308	Lavf58.76.100			
train/vehicle_blocking_traffic/videos/TR00149.mp4	train	vehicle_blocking_traffic	TR00149	1280	720	15.0	90	h264	6.000000	345574	460765	Lavf58.76.100			
train/vehicle_blocking_traffic/videos/TR00150.mp4	train	vehicle_blocking_traffic	TR00150	1280	720	15.0	165	h264	11.000000	524610	381534	Lavf58.76.100			
train/vehicle_blocking_traffic/videos/TR00152.mp4	train	vehicle_blocking_traffic	TR00152	1280	720	15.0	135	h264	9.000000	247730	220204	Lavf58.76.100			
train/vehicle_blocking_traffic/videos/TR00153.mp4	train	vehicle_blocking_traffic	TR00153	1280	720	15.0	73	h264	4.866667	287900	473260	Lavf58.76.100			
train/vehicle_blocking_traffic/videos/TR00154.mp4	train	vehicle_blocking_traffic	TR00154	1280	720	15.0	212	h264	14.133333	1519285	859972	Lavf58.76.100			
train/vehicle_blocking_traffic/videos/TR00155.mp4	train	vehicle_blocking_traffic	TR00155	1280	720	15.0	222	h264	14.800000	2022669	1093334	Lavf58.76.100			0
train/vehicle_blocking_traffic/videos/TR00156.mp4	train	vehicle_blocking_traffic	TR00156	1280	720	15.0	165	h264	11.000000	1029219	748522	Lavf58.76.100			
train/vehicle_blocking_traffic/videos/TR00157.mp4	train	vehicle_blocking_traffic	TR00157	1280	720	15.0	165	h264	11.000000	570824	415144	Lavf58.76.100			
train/vehicle_blocking_traffic/videos/TR00158.mp4	train	vehicle_blocking_traffic	TR00158	1280	720	15.0	103	h264	6.866667	617189	719055	Lavf58.76.100			
train/vehicle_blocking_traffic/videos/TR00160.mp4	train	vehicle_blocking_traffic	TR00160	1280	720	15.0	165	h264	11.000000	620771	451469	Lavf58.76.100			
train/vehicle_blocking_traffic/videos/TR00161.mp4	train	vehicle_blocking_traffic	TR00161	1280	720	15.0	301	h264	20.066667	1380116	550212	Lavf58.76.100			
train/vehicle_blocking_traffic/videos/TR00162.mp4	train	vehicle_blocking_traffic	TR00162	1280	720	15.0	301	h264	20.066667	924459	368555	Lavf58.76.100			
train/vehicle_blocking_traffic/videos/TR00163.mp4	train	vehicle_blocking_traffic	TR00163	1280	720	15.0	120	h264	8.000000	1709619	1709619	Lavf58.76.100			
train/vehicle_blocking_traffic/videos/TR00164.mp4	train	vehicle_blocking_traffic	TR00164	1280	720	15.0	165	h264	11.000000	888976	646528	Lavf58.76.100			
train/vehicle_blocking_traffic/videos/TR00166.mp4	train	vehicle_blocking_traffic	TR00166	1280	720	15.0	166	h264	11.066667	484233	350047	Lavf58.76.100			
train/vehicle_blocking_traffic/videos/TR00167.mp4	train	vehicle_blocking_traffic	TR00167	1280	720	15.0	150	h264	10.000000	326336	261068	Lavf58.76.100			
train/vehicle_blocking_traffic/videos/TR00168.mp4	train	vehicle_blocking_traffic	TR00168	1280	720	15.0	95	h264	6.333333	348425	440115	Lavf58.76.100			
train/vehicle_blocking_traffic/videos/TR00169.mp4	train	vehicle_blocking_traffic	TR00169	1280	720	15.0	165	h264	11.000000	602106	437895	Lavf58.76.100			
train/vehicle_blocking_traffic/videos/TR00170.mp4	train	vehicle_blocking_traffic	TR00170	1280	720	15.0	120	h264	8.000000	429973	429973	Lavf58.76.100			
train/vehicle_blocking_traffic/videos/TR00171.mp4	train	vehicle_blocking_traffic	TR00171	1280	720	15.0	210	h264	14.000000	2345495	1340282	Lavf58.76.100			
train/vehicle_blocking_traffic/videos/TR00172.mp4	train	vehicle_blocking_traffic	TR00172	1280	720	15.0	82	h264	5.466667	417521	611006	Lavf58.76.100			
train/vehicle_blocking_traffic/videos/TR00173.mp4	train	vehicle_blocking_traffic	TR00173	1280	720	15.0	135	h264	9.000000	349188	310389	Lavf58.76.100			
train/vehicle_blocking_traffic/videos/TR00174.mp4	train	vehicle_blocking_traffic	TR00174	1280	720	15.0	120	h264	8.000000	1295478	1295478	Lavf58.76.100			
train/vehicle_blocking_traffic/videos/TR00175.mp4	train	vehicle_blocking_traffic	TR00175	1280	720	15.0	120	h264	8.000000	631077	631077	Lavf58.76.100			
train/vehicle_blocking_traffic/videos/TR00176.mp4	train	vehicle_blocking_traffic	TR00176	1280	720	15.0	149	h264	9.933333	2678026	2156799	Lavf58.76.100			
train/vehicle_blocking_traffic/videos/TR00177.mp4	train	vehicle_blocking_traffic	TR00177	1280	720	15.0	120	h264	8.000000	413504	413504	Lavf58.76.100			
train/vehicle_blocking_traffic/videos/TR00178.mp4	train	vehicle_blocking_traffic	TR00178	1280	720	15.0	165	h264	11.000000	977168	710667	Lavf58.76.100			
train/vehicle_blocking_traffic/videos/TR00179.mp4	train	vehicle_blocking_traffic	TR00179	1280	720	15.0	165	h264	11.000000	470311	342044	Lavf58.76.100			
train/vehicle_blocking_traffic/videos/TR02750.mp4	train	vehicle_blocking_traffic	TR02750	640	480	25.0	501	h264	20.040000	9105462	3634914	Lavf60.3.100			
train/vehicle_blocking_traffic/videos/TR02760.mp4	train	vehicle_blocking_traffic	TR02760	640	480	25.0	501	h264	20.040000	8731197	3485507	Lavf60.3.100			
train/vehicle_blocking_traffic/videos/TR02770.mp4	train	vehicle_blocking_traffic	TR02770	640	480	25.0	501	h264	20.040000	11308973	4514560	Lavf60.3.100			
train/vehicle_blocking_traffic/videos/TR02780.mp4	train	vehicle_blocking_traffic	TR02780	640	480	25.0	501	h264	20.040000	13836641	5523609	Lavf60.3.100			
train/vehicle_blocking_traffic/videos/TR02789.mp4	train	vehicle_blocking_traffic	TR02789	320	240	30.0	2434	h264	81.176009	14568373	1435731	Lavf56.36.100			0
train/vehicle_blocking_traffic/videos/TR02797.mp4	train	vehicle_blocking_traffic	TR02797	640	480	25.0	501	h264	20.040000	11277780	4502107	Lavf60.3.100			
train/vehicle_blocking_traffic/videos/TR02805.mp4	train	vehicle_blocking_traffic	TR02805	640	480	25.0	333	h264	13.320000	13803194	8290206				
train/vehicle_blocking_traffic/videos/TR02813.mp4	train	vehicle_blocking_traffic	TR02813	640	480	25.0	501	h264	20.040000	7524972	3003980	Lavf60.3.100			
train/vehicle_blocking_traffic/videos/TR02821.mp4	train	vehicle_blocking_traffic	TR02821	640	480	25.0	501	h264	20.040000	10709244	4275147	Lavf60.3.100			
train/vehicle_blocking_traffic/videos/TR02829.mp4	train	vehicle_blocking_traffic	TR02829	320	240	30.0	866	h264	28.908005	6376241	1764560	Lavf56.36.100			0
train/vehicle_blocking_traffic/videos/TR02836.mp4	train	vehicle_blocking_traffic	TR02836	640	480	25.0	501	h264	20.040000	10417643	4158739	Lavf60.3.100			
train/vehicle_blocking_traffic/videos/TR02843.mp4	train	vehicle_blocking_traffic	TR02843	640	480	25.0	501	h264	20.040000	14222837	5677779	Lavf60.3.100			
train/vehicle_blocking_traffic/videos/TR02850.mp4	train	vehicle_blocking_traffic	TR02850	640	480	25.0	172	h264	6.880000	5086139	5914115				
train/vehicle_blocking_traffic/videos/TR02857.mp4	train	vehicle_blocking_traffic	TR02857	640	480	25.0	501	h264	20.040000	9344935	3730512	Lavf60.3.100			
train/vehicle_blocking_traffic/videos/TR02864.mp4	train	vehicle_blocking_traffic	TR02864	640	480	25.0	501	h264	20.040000	8980470	3585017	Lavf60.3.100			
train/vehicle_blocking_traffic/videos/TR02871.mp4	train	vehicle_blocking_traffic	TR02871	640	480	25.0	501	h264	20.040000	7954798	3175568	Lavf60.3.100			
train/vehicle_blocking_traffic/videos/TR02878.mp4	train	vehicle_blocking_traffic	TR02878	320	240	24.877	1617	h264	65.155193	2687634	329997				
train/vehicle_blocking_traffic/videos/TR02885.mp4	train	vehicle_blocking_traffic	TR02885	256	192	30.0	1799	mpeg4	59.966667	12170023	1623571	Lavf59.27.100			
train/vehicle_blocking_traffic/videos/TR02892.mp4	train	vehicle_blocking_traffic	TR02892	640	480	25.0	149	h264	5.960000	4196585	5633000				
train/vehicle_blocking_traffic/videos/TR02898.mp4	train	vehicle_blocking_traffic	TR02898	640	480	25.0	501	h264	20.040000	25101931	10020730	Lavf60.3.100			
train/vehicle_blocking_traffic/videos/TR02904.mp4	train	vehicle_blocking_traffic	TR02904	640	480	25.0	501	h264	20.040000	5601229	2236019	Lavf60.3.100			
train/vehicle_blocking_traffic/videos/TR02910.mp4	train	vehicle_blocking_traffic	TR02910	640	480	25.0	501	h264	20.040000	10855845	4333670	Lavf60.3.100			
train/vehicle_blocking_traffic/videos/TR02916.mp4	train	vehicle_blocking_traffic	TR02916	640	480	25.0	501	h264	20.040000	23613222	9426435	Lavf60.3.100			
train/vehicle_blocking_traffic/videos/TR02922.mp4	train	vehicle_blocking_traffic	TR02922	640	480	25.0	501	h264	20.040000	4936789	1970774	Lavf60.3.100			
train/vehicle_blocking_traffic/videos/TR02928.mp4	train	vehicle_blocking_traffic	TR02928	640	480	25.0	501	h264	20.040000	2622996	1047104	Lavf60.3.100			
train/vehicle_blocking_traffic/videos/TR02934.mp4	train	vehicle_blocking_traffic	TR02934	320	240	30.0	239	h264	7.966667	2059250	2067866	Lavf56.36.100			0
train/vehicle_blocking_traffic/videos/TR02940.mp4	train	vehicle_blocking_traffic	TR02940	640	480	25.0	376	h264	15.040000	15805374	8407113				
train/vehicle_blocking_traffic/videos/TR02946.mp4	train	vehicle_blocking_traffic	TR02946	640	480	25.0	202	h264	8.080000	6299004	6236637				
train/vehicle_blocking_traffic/videos/TR02952.mp4	train	vehicle_blocking_traffic	TR02952	640	480	25.0	136	h264	5.440000	3458153	5085519				
train/vehicle_blocking_traffic/videos/TR02958.mp4	train	vehicle_blocking_traffic	TR02958	640	480	25.0	501	h264	20.040000	3118601	1244950	Lavf60.3.100			
train/vehicle_blocking_traffic/videos/TR02964.mp4	train	vehicle_blocking_traffic	TR02964	640	480	25.0	209	h264	8.360000	3635071	3478536				
train/vehicle_blocking_traffic/videos/TR02970.mp4	train	vehicle_blocking_traffic	TR02970	1280	720	24.0	765	h264	31.880998	4553160	1142538				
train/vehicle_blocking_traffic/videos/TR02976.mp4	train	vehicle_blocking_traffic	TR02976	640	480	25.0	501	h264	20.040000	6746055	2693035	Lavf60.3.100			
train/vehicle_blocking_traffic/videos/TR02982.mp4	train	vehicle_blocking_traffic	TR02982	640	480	25.0	501	h264	20.040000	6949798	2774370	Lavf60.3.100			
train/vehicle_blocking_traffic/videos/TR02988.mp4	train	vehicle_blocking_traffic	TR02988	640	480	25.0	501	h264	20.040000	7440121	2970108	Lavf60.3.100			
train/vehicle_blocking_traffic/videos/TR02994.mp4	train	vehicle_blocking_traffic	TR02994	640	480	25.0	501	h264	20.040000	9740914	3888588	Lavf60.3.100			
train/vehicle_blocking_traffic/videos/TR03000.mp4	train	vehicle_blocking_traffic	TR03000	626	360	30.0	892	mpeg4	29.733333	5899425	1587289	Lavf59.27.100			
train/vehicle_blocking_traffic/videos/TR03006.mp4	train	vehicle_blocking_traffic	TR03006	640	480	25.0	501	h264	20.040000	10645379	4249652	Lavf60.3.100			
train/vehicle_blocking_traffic/videos/TR03012.mp4	train	vehicle_blocking_traffic	TR03012	640	480	25.0	159	h264	6.360000	2890153	3635412				
train/vehicle_blocking_traffic/videos/TR03018.mp4	train	vehicle_blocking_traffic	TR03018	492	360	25.0	551	h264	22.244717	1659542	596830				
train/vehicle_blocking_traffic/videos/TR03024.mp4	train	vehicle_blocking_traffic	TR03024	640	480	25.0	167	h264	6.680000	3028511	3626959				
train/vehicle_blocking_traffic/videos/TR03030.mp4	train	vehicle_blocking_traffic	TR03030	640	480	25.0	501	h264	20.040000	11500788	4591132	Lavf60.3.100			
train/vehicle_blocking_traffic/videos/TR03036.mp4	train	vehicle_blocking_traffic	TR03036	640	480	25.0	501	h264	20.040000	6120518	2443320	Lavf60.3.100			
train/vehicle_blocking_traffic/videos/TR03042.mp4	train	vehicle_blocking_traffic	TR03042	640	480	25.0	169	h264	6.760000	3444266	4076054				
train/vehicle_blocking_traffic/videos/TR03048.mp4	train	vehicle_blocking_traffic	TR03048	640	480	25.0	501	h264	20.040000	9797856	3911319	Lavf60.3.100			
train/vehicle_blocking_traffic/videos/TR03054.mp4	train	vehicle_blocking_traffic	TR03054	480	360	30.0	2065	h264	68.893605	3053227	354544				
train/vehicle_blocking_traffic/videos/TR03060.mp4	train	vehicle_blocking_traffic	TR03060	320	240	30.0	1946	h264	64.920998	15786607	1945331	Lavf56.36.100			0
train/vehicle_blocking_traffic/videos/TR03066.mp4	train	vehicle_blocking_traffic	TR03066	640	480	25.0	501	h264	20.040000	8269511	3301201	Lavf60.3.100			
train/vehicle_blocking_traffic/videos/TR03072.mp4	train	vehicle_blocking_traffic	TR03072	640	480	25.0	501	h264	20.040000	10870134	4339374	Lavf60.3.100			
train/vehicle_blocking_traffic/videos/TR03078.mp4	train	vehicle_blocking_traffic	TR03078	640	480	25.0	501	h264	20.040000	6572777	2623863	Lavf60.3.100			
train/vehicle_blocking_traffic/videos/TR03084.mp4	train	vehicle_blocking_traffic	TR03084	640	480	25.0	501	h264	20.040000	8579084	3424784	Lavf60.3.100			
train/vehicle_blocking_traffic/videos/TR03090.mp4	train	vehicle_blocking_traffic	TR03090	640	480	25.0	501	h264	20.040000	13310573	5313601	Lavf60.3.100			
train/vehicle_blocking_traffic/videos/TR03096.mp4	train	vehicle_blocking_traffic	TR03096	640	480	25.0	501	h264	20.040000	16955350	6768602	Lavf60.3.100			
train/vehicle_blocking_traffic/videos/TR03102.mp4	train	vehicle_blocking_traffic	TR03102	640	360	30.0	348	mpeg4	11.600000	1210859	835075	Lavf59.27.100			
train/vehicle_blocking_traffic/videos/TR03108.mp4	train	vehicle_blocking_traffic	TR03108	640	480	25.0	501	h264	20.040000	7164654	2860141	Lavf60.3.100			
train/vehicle_blocking_traffic/videos/TR03114.mp4	train	vehicle_blocking_traffic	TR03114	640	480	25.0	501	h264	20.040000	5506797	2198322	Lavf60.3.100			
train/vehicle_blocking_traffic/videos/TR03120.mp4	train	vehicle_blocking_traffic	TR03120	720	404	30.0	475	mpeg4	15.833333	2579959	1303558	Lavf59.27.100			
train/vehicle_blocking_traffic/videos/TR03126.mp4	train	vehicle_blocking_traffic	TR03126	640	480	25.0	501	h264	20.040000	7266847	2900936	Lavf60.3.100			
train/vehicle_blocking_traffic/videos/TR03132.mp4	train	vehicle_blocking_traffic	TR03132	640	480	25.0	501	h264	20.040000	11846715	4729227	Lavf60.3.100			
train/vehicle_blocking_traffic/videos/TR03138.mp4	train	vehicle_blocking_traffic	TR03138	640	480	25.0	501	h264	20.040000	12204742	4872152	Lavf60.3.100			
train/vehicle_blocking_traffic/videos/TR03144.mp4	train	vehicle_blocking_traffic	TR03144	640	480	25.0	501	h264	20.040000	5836925	2330109	Lavf60.3.100			
train/vehicle_blocking_traffic/videos/TR03150.mp4	train	vehicle_blocking_traffic	TR03150	640	480	25.0	501	h264	20.040000	8562673	3418232	Lavf60.3.100			
train/vehicle_blocking_traffic/videos/TR03156.mp4	train	vehicle_blocking_traffic	TR03156	640	480	25.0	501	h264	20.040000	10282399	4104750	Lavf60.3.100			
train/vehicle_blocking_traffic/videos/TR03162.mp4	train	vehicle_blocking_traffic	TR03162	640	480	25.0	501	h264	20.040000	24795887	9898557	Lavf60.3.100			
train/vehicle_blocking_traffic/videos/TR03168.mp4	train	vehicle_blocking_traffic	TR03168	320	240	30.0	6888	h264	229.600000	52126697	1816261	Lavf56.36.100			0
train/vehicle_blocking_traffic/videos/TR03174.mp4	train	vehicle_blocking_traffic	TR03174	640	480	25.0	501	h264	20.040000	24712393	9865226	Lavf60.3.100			
train/vehicle_blocking_traffic/videos/TR03180.mp4	train	vehicle_blocking_traffic	TR03180	640	480	25.0	501	h264	20.040000	6215626	2481287	Lavf60.3.100			
train/vehicle_blocking_traffic/videos/TR03186.mp4	train	vehicle_blocking_traffic	TR03186	640	480	25.0	501	h264	20.040000	12607582	5032966	Lavf60.3.100			
train/vehicle_blocking_traffic/videos/TR03192.mp4	train	vehicle_blocking_traffic	TR03192	640	480	25.0	214	h264	8.560000	5784679	5406242				
train/vehicle_blocking_traffic/videos/TR03198.mp4	train	vehicle_blocking_traffic	TR03198	640	480	25.0	501	h264	20.040000	8266478	3299991	Lavf60.3.100			
train/vehicle_blocking_traffic/videos/TR03203.mp4	train	vehicle_blocking_traffic	TR03203	640	480	25.0	501	h264	20.040000	11749490	4690415	Lavf60.3.100			
train/vehicle_blocking_traffic/videos/TR03208.mp4	train	vehicle_blocking_traffic	TR03208	640	480	25.0	194	h264	7.760000	5782892	5961744				
train/vehicle_blocking_traffic/videos/TR03213.mp4	train	vehicle_blocking_traffic	TR03213	640	480	25.0	501	h264	20.040000	8115484	3239714	Lavf60.3.100			
train/vehicle_blocking_traffic/videos/TR03218.mp4	train	vehicle_blocking_traffic	TR03218	640	480	25.0	501	h264	20.040000	5758447	2298781	Lavf60.3.100			
train/waterlogging_or_flood/videos/TR00415.mp4	train	waterlogging_or_flood	TR00415	1280	720	15.0	87	h264	5.800000	956817	1319747	Lavf58.76.100	EV录屏3.9.6软件录制	本视频由湖南一唯信息科技开发的EV录屏软件录制，www.ieway.cn	
train/waterlogging_or_flood/videos/TR00416.mp4	train	waterlogging_or_flood	TR00416	1280	720	15.0	87	h264	5.800000	891433	1229562	Lavf58.76.100	EV录屏3.9.6软件录制	本视频由湖南一唯信息科技开发的EV录屏软件录制，www.ieway.cn	
train/waterlogging_or_flood/videos/TR00417.mp4	train	waterlogging_or_flood	TR00417	1280	720	15.0	86	h264	5.733333	876317	1222767	Lavf58.76.100	EV录屏3.9.6软件录制	本视频由湖南一唯信息科技开发的EV录屏软件录制，www.ieway.cn	
train/waterlogging_or_flood/videos/TR00418.mp4	train	waterlogging_or_flood	TR00418	1280	720	15.0	86	h264	5.733333	892216	1244952	Lavf58.76.100	EV录屏3.9.6软件录制	本视频由湖南一唯信息科技开发的EV录屏软件录制，www.ieway.cn	
train/waterlogging_or_flood/videos/TR00419.mp4	train	waterlogging_or_flood	TR00419	1280	720	15.0	86	h264	5.733333	779113	1087134	Lavf58.76.100	EV录屏3.9.6软件录制	本视频由湖南一唯信息科技开发的EV录屏软件录制，www.ieway.cn	
train/waterlogging_or_flood/videos/TR00420.mp4	train	waterlogging_or_flood	TR00420	1280	720	15.0	86	h264	5.733333	1027326	1433478	Lavf58.76.100	EV录屏3.9.6软件录制	本视频由湖南一唯信息科技开发的EV录屏软件录制，www.ieway.cn	
train/waterlogging_or_flood/videos/TR00421.mp4	train	waterlogging_or_flood	TR00421	1280	720	15.0	86	h264	5.733333	398876	556571	Lavf58.76.100	EV录屏3.9.6软件录制	本视频由湖南一唯信息科技开发的EV录屏软件录制，www.ieway.cn	
train/waterlogging_or_flood/videos/TR00422.mp4	train	waterlogging_or_flood	TR00422	1280	720	15.0	85	h264	5.666667	1537879	2171123	Lavf58.76.100	EV录屏3.9.6软件录制	本视频由湖南一唯信息科技开发的EV录屏软件录制，www.ieway.cn	
train/waterlogging_or_flood/videos/TR00423.mp4	train	waterlogging_or_flood	TR00423	1280	720	15.0	86	h264	5.733333	463525	646779	Lavf58.76.100	EV录屏3.9.6软件录制	本视频由湖南一唯信息科技开发的EV录屏软件录制，www.ieway.cn	
train/waterlogging_or_flood/videos/TR00424.mp4	train	waterlogging_or_flood	TR00424	1280	720	15.0	87	h264	5.800000	671374	926033	Lavf58.76.100	EV录屏3.9.6软件录制	本视频由湖南一唯信息科技开发的EV录屏软件录制，www.ieway.cn	
train/waterlogging_or_flood/videos/TR00425.mp4	train	waterlogging_or_flood	TR00425	1280	720	15.0	86	h264	5.733333	803213	1120762	Lavf58.76.100	EV录屏3.9.6软件录制	本视频由湖南一唯信息科技开发的EV录屏软件录制，www.ieway.cn	
train/waterlogging_or_flood/videos/TR00426.mp4	train	waterlogging_or_flood	TR00426	1280	720	15.0	86	h264	5.733333	797931	1113392	Lavf58.76.100	EV录屏3.9.6软件录制	本视频由湖南一唯信息科技开发的EV录屏软件录制，www.ieway.cn	
train/waterlogging_or_flood/videos/TR00427.mp4	train	waterlogging_or_flood	TR00427	1280	720	15.0	83	h264	5.533333	1296511	1874473	Lavf58.76.100	EV录屏3.9.6软件录制	本视频由湖南一唯信息科技开发的EV录屏软件录制，www.ieway.cn	
train/waterlogging_or_flood/videos/TR00428.mp4	train	waterlogging_or_flood	TR00428	1280	720	15.0	86	h264	5.733333	1269098	1770834	Lavf58.76.100	EV录屏3.9.6软件录制	本视频由湖南一唯信息科技开发的EV录屏软件录制，www.ieway.cn	
train/waterlogging_or_flood/videos/TR00429.mp4	train	waterlogging_or_flood	TR00429	1280	720	15.0	86	h264	5.733333	1514355	2113053	Lavf58.76.100	EV录屏3.9.6软件录制	本视频由湖南一唯信息科技开发的EV录屏软件录制，www.ieway.cn	
train/waterlogging_or_flood/videos/TR00430.mp4	train	waterlogging_or_flood	TR00430	1280	720	15.0	85	h264	5.666667	1528008	2157187	Lavf58.76.100	EV录屏3.9.6软件录制	本视频由湖南一唯信息科技开发的EV录屏软件录制，www.ieway.cn	
train/waterlogging_or_flood/videos/TR00431.mp4	train	waterlogging_or_flood	TR00431	1280	720	15.0	86	h264	5.733333	581925	811988	Lavf58.76.100	EV录屏3.9.6软件录制	本视频由湖南一唯信息科技开发的EV录屏软件录制，www.ieway.cn	
train/waterlogging_or_flood/videos/TR00432.mp4	train	waterlogging_or_flood	TR00432	1280	720	15.0	87	h264	5.800000	685087	944947	Lavf58.76.100	EV录屏3.9.6软件录制	本视频由湖南一唯信息科技开发的EV录屏软件录制，www.ieway.cn	
train/waterlogging_or_flood/videos/TR00433.mp4	train	waterlogging_or_flood	TR00433	1280	720	15.0	85	h264	5.666667	1339171	1890594	Lavf58.76.100	EV录屏3.9.6软件录制	本视频由湖南一唯信息科技开发的EV录屏软件录制，www.ieway.cn	
train/waterlogging_or_flood/videos/TR00434.mp4	train	waterlogging_or_flood	TR00434	1280	720	15.0	82	h264	5.466667	1441914	2110117	Lavf58.76.100	EV录屏3.9.6软件录制	本视频由湖南一唯信息科技开发的EV录屏软件录制，www.ieway.cn	
train/waterlogging_or_flood/videos/TR00435.mp4	train	waterlogging_or_flood	TR00435	1280	720	15.0	85	h264	5.666667	800089	1129537	Lavf58.76.100	EV录屏3.9.6软件录制	本视频由湖南一唯信息科技开发的EV录屏软件录制，www.ieway.cn	
train/waterlogging_or_flood/videos/TR00436.mp4	train	waterlogging_or_flood	TR00436	1280	720	15.0	87	h264	5.800000	1241396	1712270	Lavf58.76.100	EV录屏3.9.6软件录制	本视频由湖南一唯信息科技开发的EV录屏软件录制，www.ieway.cn	
train/waterlogging_or_flood/videos/TR00437.mp4	train	waterlogging_or_flood	TR00437	1280	720	15.0	85	h264	5.666667	878051	1239601	Lavf58.76.100	EV录屏3.9.6软件录制	本视频由湖南一唯信息科技开发的EV录屏软件录制，www.ieway.cn	
train/waterlogging_or_flood/videos/TR00438.mp4	train	waterlogging_or_flood	TR00438	1280	720	15.0	85	h264	5.666667	1643836	2320709	Lavf58.76.100	EV录屏3.9.6软件录制	本视频由湖南一唯信息科技开发的EV录屏软件录制，www.ieway.cn	
train/waterlogging_or_flood/videos/TR00439.mp4	train	waterlogging_or_flood	TR00439	1280	720	15.0	84	h264	5.600000	856535	1223621	Lavf58.76.100	EV录屏3.9.6软件录制	本视频由湖南一唯信息科技开发的EV录屏软件录制，www.ieway.cn	
train/waterlogging_or_flood/videos/TR00440.mp4	train	waterlogging_or_flood	TR00440	1280	720	15.0	86	h264	5.733333	1370338	1912099	Lavf58.76.100	EV录屏3.9.6软件录制	本视频由湖南一唯信息科技开发的EV录屏软件录制，www.ieway.cn	
train/waterlogging_or_flood/videos/TR00441.mp4	train	waterlogging_or_flood	TR00441	1280	720	15.0	85	h264	5.666667	2147502	3031767	Lavf58.76.100	EV录屏3.9.6软件录制	本视频由湖南一唯信息科技开发的EV录屏软件录制，www.ieway.cn	
train/waterlogging_or_flood/videos/TR00442.mp4	train	waterlogging_or_flood	TR00442	1280	720	15.0	86	h264	5.733333	1338250	1867325	Lavf58.76.100	EV录屏3.9.6软件录制	本视频由湖南一唯信息科技开发的EV录屏软件录制，www.ieway.cn	
train/waterlogging_or_flood/videos/TR00443.mp4	train	waterlogging_or_flood	TR00443	1280	720	15.0	85	h264	5.666667	1253616	1769810	Lavf58.76.100	EV录屏3.9.6软件录制	本视频由湖南一唯信息科技开发的EV录屏软件录制，www.ieway.cn	
train/waterlogging_or_flood/videos/TR00444.mp4	train	waterlogging_or_flood	TR00444	1280	720	15.0	87	h264	5.800000	896925	1237137	Lavf58.76.100	EV录屏3.9.6软件录制	本视频由湖南一唯信息科技开发的EV录屏软件录制，www.ieway.cn	
train/waterlogging_or_flood/videos/TR00445.mp4	train	waterlogging_or_flood	TR00445	1280	720	15.0	86	h264	5.733333	438917	612442	Lavf58.76.100	EV录屏3.9.6软件录制	本视频由湖南一唯信息科技开发的EV录屏软件录制，www.ieway.cn	
train/waterlogging_or_flood/videos/TR00446.mp4	train	waterlogging_or_flood	TR00446	1280	720	15.0	86	h264	5.733333	587566	819859	Lavf58.76.100	EV录屏3.9.6软件录制	本视频由湖南一唯信息科技开发的EV录屏软件录制，www.ieway.cn	
train/waterlogging_or_flood/videos/TR00447.mp4	train	waterlogging_or_flood	TR00447	1280	720	15.0	86	h264	5.733333	573797	800647	Lavf58.76.100	EV录屏3.9.6软件录制	本视频由湖南一唯信息科技开发的EV录屏软件录制，www.ieway.cn	
train/waterlogging_or_flood/videos/TR00448.mp4	train	waterlogging_or_flood	TR00448	1280	720	15.0	87	h264	5.800000	406084	560115	Lavf58.76.100	EV录屏3.9.6软件录制	本视频由湖南一唯信息科技开发的EV录屏软件录制，www.ieway.cn	
train/waterlogging_or_flood/videos/TR00449.mp4	train	waterlogging_or_flood	TR00449	1280	720	15.0	84	h264	5.600000	1206171	1723101	Lavf58.76.100	EV录屏3.9.6软件录制	本视频由湖南一唯信息科技开发的EV录屏软件录制，www.ieway.cn	
train/waterlogging_or_flood/videos/TR00450.mp4	train	waterlogging_or_flood	TR00450	1280	720	15.0	87	h264	5.800000	955603	1318073	Lavf58.76.100	EV录屏3.9.6软件录制	本视频由湖南一唯信息科技开发的EV录屏软件录制，www.ieway.cn	
train/waterlogging_or_flood/videos/TR00451.mp4	train	waterlogging_or_flood	TR00451	1280	720	15.0	86	h264	5.733333	590125	823430	Lavf58.76.100	EV录屏3.9.6软件录制	本视频由湖南一唯信息科技开发的EV录屏软件录制，www.ieway.cn	
train/waterlogging_or_flood/videos/TR00452.mp4	train	waterlogging_or_flood	TR00452	1280	720	15.0	87	h264	5.800000	1565515	2159331	Lavf58.76.100	EV录屏3.9.6软件录制	本视频由湖南一唯信息科技开发的EV录屏软件录制，www.ieway.cn	
train/waterlogging_or_flood/videos/TR00453.mp4	train	waterlogging_or_flood	TR00453	1280	720	15.0	86	h264	5.733333	663570	925911	Lavf58.76.100	EV录屏3.9.6软件录制	本视频由湖南一唯信息科技开发的EV录屏软件录制，www.ieway.cn	
train/waterlogging_or_flood/videos/TR00454.mp4	train	waterlogging_or_flood	TR00454	1280	720	15.0	87	h264	5.800000	886787	1223154	Lavf58.76.100	EV录屏3.9.6软件录制	本视频由湖南一唯信息科技开发的EV录屏软件录制，www.ieway.cn	
train/waterlogging_or_flood/videos/TR00455.mp4	train	waterlogging_or_flood	TR00455	1280	720	15.0	84	h264	5.600000	389062	555802	Lavf58.76.100	EV录屏3.9.6软件录制	本视频由湖南一唯信息科技开发的EV录屏软件录制，www.ieway.cn	
train/waterlogging_or_flood/videos/TR00456.mp4	train	waterlogging_or_flood	TR00456	1280	720	15.0	86	h264	5.733333	882413	1231274	Lavf58.76.100	EV录屏3.9.6软件录制	本视频由湖南一唯信息科技开发的EV录屏软件录制，www.ieway.cn	
train/waterlogging_or_flood/videos/TR00457.mp4	train	waterlogging_or_flood	TR00457	1280	720	15.0	85	h264	5.666667	638548	901479	Lavf58.76.100	EV录屏3.9.6软件录制	本视频由湖南一唯信息科技开发的EV录屏软件录制，www.ieway.cn	
train/waterlogging_or_flood/videos/TR00458.mp4	train	waterlogging_or_flood	TR00458	1280	720	15.0	86	h264	5.733333	935983	1306022	Lavf58.76.100	EV录屏3.9.6软件录制	本视频由湖南一唯信息科技开发的EV录屏软件录制，www.ieway.cn	
train/waterlogging_or_flood/videos/TR00459.mp4	train	waterlogging_or_flood	TR00459	1280	720	15.0	87	h264	5.800000	804488	1109638	Lavf58.76.100	EV录屏3.9.6软件录制	本视频由湖南一唯信息科技开发的EV录屏软件录制，www.ieway.cn	
train/waterlogging_or_flood/videos/TR00460.mp4	train	waterlogging_or_flood	TR00460	1280	720	15.0	86	h264	5.733333	556491	776499	Lavf58.76.100	EV录屏3.9.6软件录制	本视频由湖南一唯信息科技开发的EV录屏软件录制，www.ieway.cn	
train/waterlogging_or_flood/videos/TR00461.mp4	train	waterlogging_or_flood	TR00461	1280	720	15.0	86	h264	5.733333	1212591	1691987	Lavf58.76.100	EV录屏3.9.6软件录制	本视频由湖南一唯信息科技开发的EV录屏软件录制，www.ieway.cn	
train/waterlogging_or_flood/videos/TR00462.mp4	train	waterlogging_or_flood	TR00462	1280	720	15.0	86	h264	5.733333	1156562	1613807	Lavf58.76.100	EV录屏3.9.6软件录制	本视频由湖南一唯信息科技开发的EV录屏软件录制，www.ieway.cn	
train/waterlogging_or_flood/videos/TR00463.mp4	train	waterlogging_or_flood	TR00463	1280	720	15.0	86	h264	5.733333	1534089	2140589	Lavf58.76.100	EV录屏3.9.6软件录制	本视频由湖南一唯信息科技开发的EV录屏软件录制，www.ieway.cn	
train/waterlogging_or_flood/videos/TR00464.mp4	train	waterlogging_or_flood	TR00464	1280	720	15.0	86	h264	5.733333	1161083	1620115	Lavf58.76.100	EV录屏3.9.6软件录制	本视频由湖南一唯信息科技开发的EV录屏软件录制，www.ieway.cn	
train/waterlogging_or_flood/videos/TR00465.mp4	train	waterlogging_or_flood	TR00465	1280	720	15.0	86	h264	5.733333	806677	1125595	Lavf58.76.100	EV录屏3.9.6软件录制	本视频由湖南一唯信息科技开发的EV录屏软件录制，www.ieway.cn	
train/waterlogging_or_flood/videos/TR00466.mp4	train	waterlogging_or_flood	TR00466	1280	720	15.0	86	h264	5.733333	1617450	2256907	Lavf58.76.100	EV录屏3.9.6软件录制	本视频由湖南一唯信息科技开发的EV录屏软件录制，www.ieway.cn	
train/waterlogging_or_flood/videos/TR00467.mp4	train	waterlogging_or_flood	TR00467	1280	720	15.0	84	h264	5.600000	590707	843867	Lavf58.76.100	EV录屏3.9.6软件录制	本视频由湖南一唯信息科技开发的EV录屏软件录制，www.ieway.cn	
train/waterlogging_or_flood/videos/TR00468.mp4	train	waterlogging_or_flood	TR00468	1280	720	15.0	86	h264	5.733333	1581659	2206966	Lavf58.76.100	EV录屏3.9.6软件录制	本视频由湖南一唯信息科技开发的EV录屏软件录制，www.ieway.cn	
train/waterlogging_or_flood/videos/TR00469.mp4	train	waterlogging_or_flood	TR00469	1280	720	15.0	86	h264	5.733333	1185574	1654289	Lavf58.76.100	EV录屏3.9.6软件录制	本视频由湖南一唯信息科技开发的EV录屏软件录制，www.ieway.cn	
train/waterlogging_or_flood/videos/TR00470.mp4	train	waterlogging_or_flood	TR00470	1280	720	15.0	86	h264	5.733333	927256	1293845	Lavf58.76.100	EV录屏3.9.6软件录制	本视频由湖南一唯信息科技开发的EV录屏软件录制，www.ieway.cn	
train/waterlogging_or_flood/videos/TR00471.mp4	train	waterlogging_or_flood	TR00471	1280	720	15.0	86	h264	5.733333	725268	1012001	Lavf58.76.100	EV录屏3.9.6软件录制	本视频由湖南一唯信息科技开发的EV录屏软件录制，www.ieway.cn	
train/waterlogging_or_flood/videos/TR00472.mp4	train	waterlogging_or_flood	TR00472	1280	720	15.0	86	h264	5.733333	1641942	2291081	Lavf58.76.100	EV录屏3.9.6软件录制	本视频由湖南一唯信息科技开发的EV录屏软件录制，www.ieway.cn	
train/waterlogging_or_flood/videos/TR00473.mp4	train	waterlogging_or_flood	TR00473	1280	720	15.0	87	h264	5.800000	1243559	1715253	Lavf58.76.100	EV录屏3.9.6软件录制	本视频由湖南一唯信息科技开发的EV录屏软件录制，www.ieway.cn	
train/waterlogging_or_flood/videos/TR00474.mp4	train	waterlogging_or_flood	TR00474	1280	720	15.0	87	h264	5.800000	2442423	3368859	Lavf58.76.100	EV录屏3.9.6软件录制	本视频由湖南一唯信息科技开发的EV录屏软件录制，www.ieway.cn	
train/waterlogging_or_flood/videos/TR00475.mp4	train	waterlogging_or_flood	TR00475	1280	720	15.0	87	h264	5.800000	1577357	2175664	Lavf58.76.100	EV录屏3.9.6软件录制	本视频由湖南一唯信息科技开发的EV录屏软件录制，www.ieway.cn	
train/waterlogging_or_flood/videos/TR00476.mp4	train	waterlogging_or_flood	TR00476	1280	720	15.0	86	h264	5.733333	573984	800907	Lavf58.76.100	EV录屏3.9.6软件录制	本视频由湖南一唯信息科技开发的EV录屏软件录制，www.ieway.cn	
train/waterlogging_or_flood/videos/TR00477.mp4	train	waterlogging_or_flood	TR00477	1280	720	15.0	86	h264	5.733333	913224	1274266	Lavf58.76.100	EV录屏3.9.6软件录制	本视频由湖南一唯信息科技开发的EV录屏软件录制，www.ieway.cn	
train/waterlogging_or_flood/videos/TR00478.mp4	train	waterlogging_or_flood	TR00478	1280	720	15.0	86	h264	5.733333	1307042	1823779	Lavf58.76.100	EV录屏3.9.6软件录制	本视频由湖南一唯信息科技开发的EV录屏软件录制，www.ieway.cn	
train/waterlogging_or_flood/videos/TR00479.mp4	train	waterlogging_or_flood	TR00479	1280	720	15.0	85	h264	5.666667	287084	405295	Lavf58.76.100	EV录屏3.9.6软件录制	本视频由湖南一唯信息科技开发的EV录屏软件录制，www.ieway.cn	
train/waterlogging_or_flood/videos/TR00480.mp4	train	waterlogging_or_flood	TR00480	1280	720	15.0	86	h264	5.733333	1711778	2388527	Lavf58.76.100	EV录屏3.9.6软件录制	本视频由湖南一唯信息科技开发的EV录屏软件录制，www.ieway.cn	
train/waterlogging_or_flood/videos/TR00481.mp4	train	waterlogging_or_flood	TR00481	1280	720	15.0	86	h264	5.733333	1007629	1405994	Lavf58.76.100	EV录屏3.9.6软件录制	本视频由湖南一唯信息科技开发的EV录屏软件录制，www.ieway.cn	
train/waterlogging_or_flood/videos/TR00482.mp4	train	waterlogging_or_flood	TR00482	1280	720	15.0	84	h264	5.600000	689487	984981	Lavf58.76.100	EV录屏3.9.6软件录制	本视频由湖南一唯信息科技开发的EV录屏软件录制，www.ieway.cn	
train/waterlogging_or_flood/videos/TR00483.mp4	train	waterlogging_or_flood	TR00483	1280	720	15.0	86	h264	5.733333	1082183	1510022	Lavf58.76.100	EV录屏3.9.6软件录制	本视频由湖南一唯信息科技开发的EV录屏软件录制，www.ieway.cn	
train/waterlogging_or_flood/videos/TR00484.mp4	train	waterlogging_or_flood	TR00484	1280	720	15.0	86	h264	5.733333	1207575	1684988	Lavf58.76.100	EV录屏3.9.6软件录制	本视频由湖南一唯信息科技开发的EV录屏软件录制，www.ieway.cn	
train/waterlogging_or_flood/videos/TR00485.mp4	train	waterlogging_or_flood	TR00485	1280	720	15.0	86	h264	5.733333	847055	1181937	Lavf58.76.100	EV录屏3.9.6软件录制	本视频由湖南一唯信息科技开发的EV录屏软件录制，www.ieway.cn	
train/waterlogging_or_flood/videos/TR00486.mp4	train	waterlogging_or_flood	TR00486	1280	720	15.0	87	h264	5.800000	871196	1201649	Lavf58.76.100	EV录屏3.9.6软件录制	本视频由湖南一唯信息科技开发的EV录屏软件录制，www.ieway.cn	
train/waterlogging_or_flood/videos/TR00487.mp4	train	waterlogging_or_flood	TR00487	1280	720	15.0	86	h264	5.733333	1237383	1726581	Lavf58.76.100	EV录屏3.9.6软件录制	本视频由湖南一唯信息科技开发的EV录屏软件录制，www.ieway.cn	
train/waterlogging_or_flood/videos/TR00488.mp4	train	waterlogging_or_flood	TR00488	1280	720	15.0	86	h264	5.733333	501125	699244	Lavf58.76.100	EV录屏3.9.6软件录制	本视频由湖南一唯信息科技开发的EV录屏软件录制，www.ieway.cn	
train/waterlogging_or_flood/videos/TR00489.mp4	train	waterlogging_or_flood	TR00489	1280	720	15.0	86	h264	5.733333	977999	1364649	Lavf58.76.100	EV录屏3.9.6软件录制	本视频由湖南一唯信息科技开发的EV录屏软件录制，www.ieway.cn	
train/waterlogging_or_flood/videos/TR00490.mp4	train	waterlogging_or_flood	TR00490	1280	720	15.0	86	h264	5.733333	998545	1393318	Lavf58.76.100	EV录屏3.9.6软件录制	本视频由湖南一唯信息科技开发的EV录屏软件录制，www.ieway.cn	
train/waterlogging_or_flood/videos/TR00491.mp4	train	waterlogging_or_flood	TR00491	1280	720	15.0	85	h264	5.666667	573143	809143	Lavf58.76.100	EV录屏3.9.6软件录制	本视频由湖南一唯信息科技开发的EV录屏软件录制，www.ieway.cn	
train/waterlogging_or_flood/videos/TR00492.mp4	train	waterlogging_or_flood	TR00492	1280	720	15.0	85	h264	5.666667	464909	656342	Lavf58.76.100	EV录屏3.9.6软件录制	本视频由湖南一唯信息科技开发的EV录屏软件录制，www.ieway.cn	
train/waterlogging_or_flood/videos/TR00493.mp4	train	waterlogging_or_flood	TR00493	1280	720	15.0	84	h264	5.600000	836527	1195038	Lavf58.76.100	EV录屏3.9.6软件录制	本视频由湖南一唯信息科技开发的EV录屏软件录制，www.ieway.cn	
train/waterlogging_or_flood/videos/TR00494.mp4	train	waterlogging_or_flood	TR00494	1280	720	15.0	86	h264	5.733333	913696	1274924	Lavf58.76.100	EV录屏3.9.6软件录制	本视频由湖南一唯信息科技开发的EV录屏软件录制，www.ieway.cn	
train/waterlogging_or_flood/videos/TR00495.mp4	train	waterlogging_or_flood	TR00495	1280	720	15.0	86	h264	5.733333	754490	1052776	Lavf58.76.100	EV录屏3.9.6软件录制	本视频由湖南一唯信息科技开发的EV录屏软件录制，www.ieway.cn	
train/waterlogging_or_flood/videos/TR00496.mp4	train	waterlogging_or_flood	TR00496	1280	720	15.0	85	h264	5.666667	1031280	1455924	Lavf58.76.100	EV录屏3.9.6软件录制	本视频由湖南一唯信息科技开发的EV录屏软件录制，www.ieway.cn	
train/waterlogging_or_flood/videos/TR00497.mp4	train	waterlogging_or_flood	TR00497	1280	720	15.0	87	h264	5.800000	715045	986268	Lavf58.76.100	EV录屏3.9.6软件录制	本视频由湖南一唯信息科技开发的EV录屏软件录制，www.ieway.cn	
train/waterlogging_or_flood/videos/TR00498.mp4	train	waterlogging_or_flood	TR00498	1280	720	15.0	86	h264	5.733333	1807322	2521844	Lavf58.76.100	EV录屏3.9.6软件录制	本视频由湖南一唯信息科技开发的EV录屏软件录制，www.ieway.cn	
train/waterlogging_or_flood/videos/TR00499.mp4	train	waterlogging_or_flood	TR00499	1280	720	15.0	86	h264	5.733333	646364	901903	Lavf58.76.100	EV录屏3.9.6软件录制	本视频由湖南一唯信息科技开发的EV录屏软件录制，www.ieway.cn	
train/waterlogging_or_flood/videos/TR00500.mp4	train	waterlogging_or_flood	TR00500	1280	720	15.0	86	h264	5.733333	716358	999569	Lavf58.76.100	EV录屏3.9.6软件录制	本视频由湖南一唯信息科技开发的EV录屏软件录制，www.ieway.cn	
train/waterlogging_or_flood/videos/TR00501.mp4	train	waterlogging_or_flood	TR00501	1280	720	15.0	86	h264	5.733333	1115334	1556280	Lavf58.76.100	EV录屏3.9.6软件录制	本视频由湖南一唯信息科技开发的EV录屏软件录制，www.ieway.cn	
train/waterlogging_or_flood/videos/TR00502.mp4	train	waterlogging_or_flood	TR00502	1280	720	15.0	87	h264	5.800000	1140098	1572548	Lavf58.76.100	EV录屏3.9.6软件录制	本视频由湖南一唯信息科技开发的EV录屏软件录制，www.ieway.cn	
train/waterlogging_or_flood/videos/TR00503.mp4	train	waterlogging_or_flood	TR00503	1280	720	15.0	87	h264	5.800000	2413338	3328742	Lavf58.76.100	EV录屏3.9.6软件录制	本视频由湖南一唯信息科技开发的EV录屏软件录制，www.ieway.cn	
train/waterlogging_or_flood/videos/TR00504.mp4	train	waterlogging_or_flood	TR00504	1280	720	15.0	86	h264	5.733333	585826	817431	Lavf58.76.100	EV录屏3.9.6软件录制	本视频由湖南一唯信息科技开发的EV录屏软件录制，www.ieway.cn	
train/waterlogging_or_flood/videos/TR00505.mp4	train	waterlogging_or_flood	TR00505	1280	720	15.0	85	h264	5.666667	1417846	2001664	Lavf58.76.100	EV录屏3.9.6软件录制	本视频由湖南一唯信息科技开发的EV录屏软件录制，www.ieway.cn	
train/waterlogging_or_flood/videos/TR00506.mp4	train	waterlogging_or_flood	TR00506	1280	720	15.0	80	h264	5.333333	1089579	1634368	Lavf58.76.100	EV录屏3.9.6软件录制	本视频由湖南一唯信息科技开发的EV录屏软件录制，www.ieway.cn	
train/waterlogging_or_flood/videos/TR00507.mp4	train	waterlogging_or_flood	TR00507	1280	720	15.0	87	h264	5.800000	355539	490398	Lavf58.76.100	EV录屏3.9.6软件录制	本视频由湖南一唯信息科技开发的EV录屏软件录制，www.ieway.cn	
train/waterlogging_or_flood/videos/TR00508.mp4	train	waterlogging_or_flood	TR00508	1280	720	15.0	85	h264	5.666667	998317	1409388	Lavf58.76.100	EV录屏3.9.6软件录制	本视频由湖南一唯信息科技开发的EV录屏软件录制，www.ieway.cn	
train/waterlogging_or_flood/videos/TR00509.mp4	train	waterlogging_or_flood	TR00509	1280	720	15.0	86	h264	5.733333	672626	938547	Lavf58.76.100	EV录屏3.9.6软件录制	本视频由湖南一唯信息科技开发的EV录屏软件录制，www.ieway.cn	
train/wrong_way_driving/videos/TR00001.mp4	train	wrong_way_driving	TR00001	1280	720	15.0	26	h264	1.733333	375824	1734572	Lavf58.76.100			
train/wrong_way_driving/videos/TR00002.mp4	train	wrong_way_driving	TR00002	1280	720	15.0	120	h264	8.000000	394312	394312	Lavf58.76.100			
train/wrong_way_driving/videos/TR00004.mp4	train	wrong_way_driving	TR00004	1280	720	15.0	165	h264	11.000000	1234472	897797	Lavf58.76.100			
train/wrong_way_driving/videos/TR00005.mp4	train	wrong_way_driving	TR00005	1280	720	15.0	120	h264	8.000000	1705272	1705272	Lavf58.76.100			
train/wrong_way_driving/videos/TR00006.mp4	train	wrong_way_driving	TR00006	1280	720	15.0	120	h264	8.000000	718835	718835	Lavf58.76.100			
train/wrong_way_driving/videos/TR00007.mp4	train	wrong_way_driving	TR00007	1280	720	15.0	120	h264	8.000000	1397387	1397387	Lavf58.76.100			
train/wrong_way_driving/videos/TR00008.mp4	train	wrong_way_driving	TR00008	1280	720	15.0	120	h264	8.000000	839176	839176	Lavf58.76.100			
train/wrong_way_driving/videos/TR00009.mp4	train	wrong_way_driving	TR00009	1280	720	15.0	120	h264	8.000000	408178	408178	Lavf58.76.100			
train/wrong_way_driving/videos/TR00010.mp4	train	wrong_way_driving	TR00010	1280	720	15.0	301	h264	20.066667	4241533	1690976	Lavf58.76.100			
train/wrong_way_driving/videos/TR00011.mp4	train	wrong_way_driving	TR00011	1280	720	15.0	82	h264	5.466667	323448	473338	Lavf58.76.100			
train/wrong_way_driving/videos/TR00012.mp4	train	wrong_way_driving	TR00012	1280	720	15.0	120	h264	8.000000	195284	195284	Lavf58.76.100			
train/wrong_way_driving/videos/TR00013.mp4	train	wrong_way_driving	TR00013	1280	720	15.0	120	h264	8.000000	484235	484235	Lavf58.76.100			
train/wrong_way_driving/videos/TR00014.mp4	train	wrong_way_driving	TR00014	1280	720	15.0	53	h264	3.533333	185240	419411	Lavf58.76.100			
train/wrong_way_driving/videos/TR00015.mp4	train	wrong_way_driving	TR00015	1280	720	15.0	165	h264	11.000000	827104	601530	Lavf58.76.100			
train/wrong_way_driving/videos/TR00016.mp4	train	wrong_way_driving	TR00016	1280	720	15.0	120	h264	8.000000	1400581	1400581	Lavf58.76.100			
train/wrong_way_driving/videos/TR00017.mp4	train	wrong_way_driving	TR00017	1280	720	15.0	120	h264	8.000000	867461	867461	Lavf58.76.100			
train/wrong_way_driving/videos/TR00018.mp4	train	wrong_way_driving	TR00018	1280	720	15.0	120	h264	8.000000	2425210	2425210	Lavf58.76.100			
train/wrong_way_driving/videos/TR00019.mp4	train	wrong_way_driving	TR00019	1280	720	15.0	120	h264	8.000000	454354	454354	Lavf58.76.100			
train/wrong_way_driving/videos/TR00020.mp4	train	wrong_way_driving	TR00020	1280	720	15.0	120	h264	8.000000	543719	543719	Lavf58.76.100			
train/wrong_way_driving/videos/TR00021.mp4	train	wrong_way_driving	TR00021	1280	720	15.0	165	h264	11.000000	3881973	2823253	Lavf58.76.100			
train/wrong_way_driving/videos/TR00022.mp4	train	wrong_way_driving	TR00022	1280	720	15.0	120	h264	8.000000	1337863	1337863	Lavf58.76.100			
train/wrong_way_driving/videos/TR00023.mp4	train	wrong_way_driving	TR00023	1280	720	15.0	93	h264	6.200000	533858	688849	Lavf58.76.100			
train/wrong_way_driving/videos/TR00024.mp4	train	wrong_way_driving	TR00024	1280	720	15.0	84	h264	5.600000	2077884	2968405	Lavf58.76.100			
train/wrong_way_driving/videos/TR00025.mp4	train	wrong_way_driving	TR00025	1280	720	15.0	113	h264	7.533333	302105	320819	Lavf58.76.100			
train/wrong_way_driving/videos/TR00026.mp4	train	wrong_way_driving	TR00026	1280	720	15.0	65	h264	4.333333	289789	534995	Lavf58.76.100			
train/wrong_way_driving/videos/TR00027.mp4	train	wrong_way_driving	TR00027	1280	720	15.0	211	h264	14.066667	1133593	644697	Lavf58.76.100			
train/wrong_way_driving/videos/TR00029.mp4	train	wrong_way_driving	TR00029	1280	720	15.0	150	h264	10.000000	586992	469593	Lavf58.76.100			
train/wrong_way_driving/videos/TR00030.mp4	train	wrong_way_driving	TR00030	1280	720	15.0	120	h264	8.000000	499999	499999	Lavf58.76.100			
train/wrong_way_driving/videos/TR00031.mp4	train	wrong_way_driving	TR00031	1280	720	15.0	165	h264	11.000000	729352	530437	Lavf58.76.100			
train/wrong_way_driving/videos/TR00032.mp4	train	wrong_way_driving	TR00032	1280	720	15.0	121	h264	8.066667	503860	499695	Lavf58.76.100			
train/wrong_way_driving/videos/TR00033.mp4	train	wrong_way_driving	TR00033	1280	720	15.0	165	h264	11.000000	693948	504689	Lavf58.76.100			
train/wrong_way_driving/videos/TR00034.mp4	train	wrong_way_driving	TR00034	1280	720	15.0	11	h264	0.733333	216521	2362048	Lavf58.76.100			
train/wrong_way_driving/videos/TR00035.mp4	train	wrong_way_driving	TR00035	1280	720	15.0	174	h264	11.600000	752343	518857	Lavf58.76.100			0
train/wrong_way_driving/videos/TR00037.mp4	train	wrong_way_driving	TR00037	1280	720	15.0	120	h264	8.000000	662462	662462	Lavf58.76.100			
train/wrong_way_driving/videos/TR00038.mp4	train	wrong_way_driving	TR00038	1280	720	15.0	165	h264	11.000000	3077916	2238484	Lavf58.76.100			
train/wrong_way_driving/videos/TR00040.mp4	train	wrong_way_driving	TR00040	1280	720	15.0	121	h264	8.066667	492770	488697	Lavf58.76.100			
train/wrong_way_driving/videos/TR00041.mp4	train	wrong_way_driving	TR00041	1280	720	15.0	166	h264	11.066667	720642	520946	Lavf58.76.100			
train/wrong_way_driving/videos/TR00043.mp4	train	wrong_way_driving	TR00043	1280	720	15.0	120	h264	8.000000	948902	948902	Lavf58.76.100			
train/wrong_way_driving/videos/TR00044.mp4	train	wrong_way_driving	TR00044	1280	720	15.0	120	h264	8.000000	586005	586005	Lavf58.76.100			
train/wrong_way_driving/videos/TR00045.mp4	train	wrong_way_driving	TR00045	1280	720	15.0	120	h264	8.000000	187396	187396	Lavf58.76.100			
train/wrong_way_driving/videos/TR00046.mp4	train	wrong_way_driving	TR00046	1280	720	15.0	114	h264	7.600000	348164	366488	Lavf58.76.100			
train/wrong_way_driving/videos/TR00047.mp4	train	wrong_way_driving	TR00047	1280	720	15.0	120	h264	8.000000	520780	520780	Lavf58.76.100			
train/wrong_way_driving/videos/TR00048.mp4	train	wrong_way_driving	TR00048	1280	720	15.0	120	h264	8.000000	374180	374180	Lavf58.76.100			
train/wrong_way_driving/videos/TR00049.mp4	train	wrong_way_driving	TR00049	1280	720	15.0	120	h264	8.000000	1067691	1067691	Lavf58.76.100			
train/wrong_way_driving/videos/TR00051.mp4	train	wrong_way_driving	TR00051	1280	720	15.0	120	h264	8.000000	1464857	1464857	Lavf58.76.100			
train/wrong_way_driving/videos/TR00052.mp4	train	wrong_way_driving	TR00052	1280	720	15.0	120	h264	8.000000	347472	347472	Lavf58.76.100			
train/wrong_way_driving/videos/TR00055.mp4	train	wrong_way_driving	TR00055	1280	720	15.0	120	h264	8.000000	555981	555981	Lavf58.76.100			0
train/wrong_way_driving/videos/TR00056.mp4	train	wrong_way_driving	TR00056	1280	720	15.0	165	h264	11.000000	553075	402236	Lavf58.76.100			
train/wrong_way_driving/videos/TR00057.mp4	train	wrong_way_driving	TR00057	1280	720	15.0	90	h264	6.000000	421351	561801	Lavf58.76.100			
train/wrong_way_driving/videos/TR00058.mp4	train	wrong_way_driving	TR00058	1280	720	15.0	165	h264	11.000000	480648	349562	Lavf58.76.100			
train/wrong_way_driving/videos/TR00059.mp4	train	wrong_way_driving	TR00059	1280	720	15.0	120	h264	8.000000	458653	458653	Lavf58.76.100			
train/wrong_way_driving/videos/TR00060.mp4	train	wrong_way_driving	TR00060	1280	720	15.0	129	h264	8.600000	420311	390986	Lavf58.76.100			
train/wrong_way_driving/videos/TR00061.mp4	train	wrong_way_driving	TR00061	1280	720	15.0	89	h264	5.933333	770603	1039015	Lavf58.76.100			
train/wrong_way_driving/videos/TR00062.mp4	train	wrong_way_driving	TR00062	1280	720	15.0	195	h264	13.000000	1765613	1086531	Lavf58.76.100			
train/wrong_way_driving/videos/TR00063.mp4	train	wrong_way_driving	TR00063	1280	720	15.0	103	h264	6.866667	370536	431692	Lavf58.76.100			
train/wrong_way_driving/videos/TR00064.mp4	train	wrong_way_driving	TR00064	1280	720	15.0	120	h264	8.000000	671432	671432	Lavf58.76.100			
train/wrong_way_driving/videos/TR00065.mp4	train	wrong_way_driving	TR00065	1280	720	15.0	120	h264	8.000000	428773	428773	Lavf58.76.100			
train/wrong_way_driving/videos/TR00066.mp4	train	wrong_way_driving	TR00066	1280	720	15.0	301	h264	20.066667	933390	372115	Lavf58.76.100			
train/wrong_way_driving/videos/TR00067.mp4	train	wrong_way_driving	TR00067	1280	720	15.0	165	h264	11.000000	1004404	730475	Lavf58.76.100			
train/wrong_way_driving/videos/TR00068.mp4	train	wrong_way_driving	TR00068	1280	720	15.0	165	h264	11.000000	1778846	1293706	Lavf58.76.100			
train/wrong_way_driving/videos/TR00069.mp4	train	wrong_way_driving	TR00069	1280	720	15.0	165	h264	11.000000	1071692	779412	Lavf58.76.100			
train/wrong_way_driving/videos/TR00071.mp4	train	wrong_way_driving	TR00071	1280	720	15.0	116	h264	7.733333	397490	411196	Lavf58.76.100			
train/wrong_way_driving/videos/TR00072.mp4	train	wrong_way_driving	TR00072	1280	720	15.0	120	h264	8.000000	434981	434981	Lavf58.76.100			
train/wrong_way_driving/videos/TR00073.mp4	train	wrong_way_driving	TR00073	1280	720	15.0	301	h264	20.066667	2653846	1058011	Lavf58.76.100			
train/wrong_way_driving/videos/TR00074.mp4	train	wrong_way_driving	TR00074	1280	720	15.0	120	h264	8.000000	1064913	1064913	Lavf58.76.100			
train/wrong_way_driving/videos/TR00075.mp4	train	wrong_way_driving	TR00075	1280	720	15.0	165	h264	11.000000	772873	562089	Lavf58.76.100			
train/wrong_way_driving/videos/TR00076.mp4	train	wrong_way_driving	TR00076	1280	720	15.0	165	h264	11.000000	1209978	879984	Lavf58.76.100			
train/wrong_way_driving/videos/TR00077.mp4	train	wrong_way_driving	TR00077	1280	720	15.0	165	h264	11.000000	352461	256335	Lavf58.76.100			
train/wrong_way_driving/videos/TR00078.mp4	train	wrong_way_driving	TR00078	1280	720	15.0	165	h264	11.000000	717162	521572	Lavf58.76.100			
train/wrong_way_driving/videos/TR00079.mp4	train	wrong_way_driving	TR00079	1280	720	15.0	301	h264	20.066667	1237753	493456	Lavf58.76.100			
train/wrong_way_driving/videos/TR00080.mp4	train	wrong_way_driving	TR00080	1280	720	15.0	301	h264	20.066667	4225913	1684749	Lavf58.76.100			
train/wrong_way_driving/videos/TR00081.mp4	train	wrong_way_driving	TR00081	1280	720	15.0	165	h264	11.000000	768961	559244	Lavf58.76.100			
train/wrong_way_driving/videos/TR00082.mp4	train	wrong_way_driving	TR00082	1280	720	15.0	165	h264	11.000000	1143046	831306	Lavf58.76.100			
train/wrong_way_driving/videos/TR00083.mp4	train	wrong_way_driving	TR00083	1280	720	15.0	120	h264	8.000000	1683676	1683676	Lavf58.76.100			
train/wrong_way_driving/videos/TR00084.mp4	train	wrong_way_driving	TR00084	1280	720	15.0	123	h264	8.200000	531212	518255	Lavf58.76.100			0
train/wrong_way_driving/videos/TR00085.mp4	train	wrong_way_driving	TR00085	1280	720	15.0	121	h264	8.066667	357762	354805	Lavf58.76.100			
train/wrong_way_driving/videos/TR00086.mp4	train	wrong_way_driving	TR00086	1280	720	15.0	107	h264	7.133333	437877	491077	Lavf58.76.100			
train/wrong_way_driving/videos/TR00087.mp4	train	wrong_way_driving	TR00087	1280	720	15.0	120	h264	8.000000	867039	867039	Lavf58.76.100			
train/wrong_way_driving/videos/TR00088.mp4	train	wrong_way_driving	TR00088	1280	720	15.0	120	h264	8.000000	1737587	1737587	Lavf58.76.100			
train/wrong_way_driving/videos/TR00089.mp4	train	wrong_way_driving	TR00089	1280	720	15.0	165	h264	11.000000	1280416	931211	Lavf58.76.100			
train/wrong_way_driving/videos/TR00090.mp4	train	wrong_way_driving	TR00090	1280	720	15.0	72	h264	4.800000	791072	1318453	Lavf58.76.100			
train/wrong_way_driving/videos/TR00091.mp4	train	wrong_way_driving	TR00091	1280	720	15.0	104	h264	6.933333	221931	256074	Lavf58.76.100			
train/wrong_way_driving/videos/TR00092.mp4	train	wrong_way_driving	TR00092	1280	720	15.0	300	h264	20.000000	2096682	838672	Lavf58.76.100			
train/wrong_way_driving/videos/TR00093.mp4	train	wrong_way_driving	TR00093	1280	720	15.0	165	h264	11.000000	1967473	1430889	Lavf58.76.100			
train/wrong_way_driving/videos/TR00094.mp4	train	wrong_way_driving	TR00094	1280	720	15.0	120	h264	8.000000	521237	521237	Lavf58.76.100			
train/wrong_way_driving/videos/TR00095.mp4	train	wrong_way_driving	TR00095	1280	720	15.0	120	h264	8.000000	1855575	1855575	Lavf58.76.100			
train/wrong_way_driving/videos/TR00096.mp4	train	wrong_way_driving	TR00096	1280	720	15.0	120	h264	8.000000	694630	694630	Lavf58.76.100			
train/wrong_way_driving/videos/TR00097.mp4	train	wrong_way_driving	TR00097	1280	720	15.0	57	h264	3.800000	691120	1454989	Lavf58.76.100			
train/wrong_way_driving/videos/TR00098.mp4	train	wrong_way_driving	TR00098	1280	720	15.0	120	h264	8.000000	655697	655697	Lavf58.76.100			
train/wrong_way_driving/videos/TR00099.mp4	train	wrong_way_driving	TR00099	1280	720	15.0	120	h264	8.000000	457656	457656	Lavf58.76.100			
train/wrong_way_driving/videos/TR00100.mp4	train	wrong_way_driving	TR00100	1280	720	15.0	165	h264	11.000000	1412894	1027559	Lavf58.76.100			
train/wrong_way_driving/videos/TR02751.mp4	train	wrong_way_driving	TR02751	640	480	25.0	93	h264	3.720000	1618965	3481645				
train/wrong_way_driving/videos/TR02761.mp4	train	wrong_way_driving	TR02761	640	480	25.0	501	h264	20.040000	12659797	5053811	Lavf60.3.100			
train/wrong_way_driving/videos/TR02771.mp4	train	wrong_way_driving	TR02771	640	480	25.0	501	h264	20.040000	6439381	2570611	Lavf60.3.100			
train/wrong_way_driving/videos/TR02781.mp4	train	wrong_way_driving	TR02781	640	480	25.0	204	h264	8.160000	5367887	5262634				
train/wrong_way_driving/videos/TR02790.mp4	train	wrong_way_driving	TR02790	640	480	25.0	501	h264	20.040000	25038098	9995248	Lavf60.3.100			
train/wrong_way_driving/videos/TR02798.mp4	train	wrong_way_driving	TR02798	640	480	25.0	501	h264	20.040000	16525444	6596983	Lavf60.3.100			
train/wrong_way_driving/videos/TR02806.mp4	train	wrong_way_driving	TR02806	640	480	25.0	501	h264	20.040000	23686432	9455661	Lavf60.3.100			
train/wrong_way_driving/videos/TR02814.mp4	train	wrong_way_driving	TR02814	640	480	25.0	501	h264	20.040000	25999722	10379130	Lavf60.3.100			
train/wrong_way_driving/videos/TR02822.mp4	train	wrong_way_driving	TR02822	640	480	25.0	501	h264	20.040000	8054051	3215190	Lavf60.3.100			
train/wrong_way_driving/videos/TR02830.mp4	train	wrong_way_driving	TR02830	576	240	30.0	240	mpeg4	8.000000	1930505	1930505	Lavf59.27.100			
train/wrong_way_driving/videos/TR02837.mp4	train	wrong_way_driving	TR02837	640	480	25.0	501	h264	20.040000	6872708	2743596	Lavf60.3.100			
train/wrong_way_driving/videos/TR02844.mp4	train	wrong_way_driving	TR02844	640	480	25.0	501	h264	20.040000	14548615	5807830	Lavf60.3.100			
train/wrong_way_driving/videos/TR02851.mp4	train	wrong_way_driving	TR02851	640	480	25.0	501	h264	20.040000	25215389	10066023	Lavf60.3.100			
train/wrong_way_driving/videos/TR02858.mp4	train	wrong_way_driving	TR02858	640	480	25.0	501	h264	20.040000	14931163	5960544	Lavf60.3.100			
train/wrong_way_driving/videos/TR02865.mp4	train	wrong_way_driving	TR02865	640	480	25.0	206	h264	8.240000	3150642	3058875				
train/wrong_way_driving/videos/TR02872.mp4	train	wrong_way_driving	TR02872	640	480	25.0	501	h264	20.040000	6748817	2694138	Lavf60.3.100			
train/wrong_way_driving/videos/TR02879.mp4	train	wrong_way_driving	TR02879	320	240	30.0	1862	h264	62.335011	11574435	1485449	Lavf56.36.100			0
train/wrong_way_driving/videos/TR02886.mp4	train	wrong_way_driving	TR02886	640	480	25.0	210	h264	8.400000	10775096	10261996				
train/wrong_way_driving/videos/TR02893.mp4	train	wrong_way_driving	TR02893	640	480	25.0	501	h264	20.040000	18834715	7518848	Lavf60.3.100			
train/wrong_way_driving/videos/TR02899.mp4	train	wrong_way_driving	TR02899	640	480	25.0	501	h264	20.040000	25749271	10279150	Lavf60.3.100			
train/wrong_way_driving/videos/TR02905.mp4	train	wrong_way_driving	TR02905	640	480	25.0	186	h264	7.440000	6639270	7139000				
train/wrong_way_driving/videos/TR02911.mp4	train	wrong_way_driving	TR02911	640	480	25.0	501	h264	20.040000	20229643	8075705	Lavf60.3.100			
train/wrong_way_driving/videos/TR02917.mp4	train	wrong_way_driving	TR02917	640	480	25.0	501	h264	20.040000	24792888	9897360	Lavf60.3.100			
train/wrong_way_driving/videos/TR02923.mp4	train	wrong_way_driving	TR02923	640	480	25.0	501	h264	20.040000	26539081	10594443	Lavf60.3.100			
train/wrong_way_driving/videos/TR02929.mp4	train	wrong_way_driving	TR02929	640	480	25.0	155	h264	6.200000	3501843	4518507				
train/wrong_way_driving/videos/TR02935.mp4	train	wrong_way_driving	TR02935	640	480	25.0	501	h264	20.040000	22229170	8873920	Lavf60.3.100			
train/wrong_way_driving/videos/TR02941.mp4	train	wrong_way_driving	TR02941	640	480	25.0	171	h264	6.840000	2895414	3386449				
train/wrong_way_driving/videos/TR02947.mp4	train	wrong_way_driving	TR02947	640	480	25.0	501	h264	20.040000	20895340	8341453	Lavf60.3.100			
train/wrong_way_driving/videos/TR02953.mp4	train	wrong_way_driving	TR02953	640	480	25.0	305	h264	12.200000	3895127	2554181				
train/wrong_way_driving/videos/TR02959.mp4	train	wrong_way_driving	TR02959	640	480	25.0	501	h264	20.040000	9968413	3979406	Lavf60.3.100			
train/wrong_way_driving/videos/TR02965.mp4	train	wrong_way_driving	TR02965	640	480	25.0	501	h264	20.040000	12481633	4982687	Lavf60.3.100			
train/wrong_way_driving/videos/TR02971.mp4	train	wrong_way_driving	TR02971	640	480	25.0	501	h264	20.040000	11355962	4533318	Lavf60.3.100			
train/wrong_way_driving/videos/TR02977.mp4	train	wrong_way_driving	TR02977	640	480	25.0	501	h264	20.040000	13492741	5386323	Lavf60.3.100			
train/wrong_way_driving/videos/TR02983.mp4	train	wrong_way_driving	TR02983	640	480	25.0	501	h264	20.040000	7831851	3126487	Lavf60.3.100			
train/wrong_way_driving/videos/TR02989.mp4	train	wrong_way_driving	TR02989	640	480	25.0	501	h264	20.040000	7143589	2851732	Lavf60.3.100			
train/wrong_way_driving/videos/TR02995.mp4	train	wrong_way_driving	TR02995	640	480	25.0	501	h264	20.040000	14031985	5601590	Lavf60.3.100			
train/wrong_way_driving/videos/TR03001.mp4	train	wrong_way_driving	TR03001	640	480	25.0	501	h264	20.040000	7540997	3010378	Lavf60.3.100			
train/wrong_way_driving/videos/TR03007.mp4	train	wrong_way_driving	TR03007	640	480	25.0	501	h264	20.040000	5279881	2107736	Lavf60.3.100			
train/wrong_way_driving/videos/TR03013.mp4	train	wrong_way_driving	TR03013	640	480	25.0	241	h264	9.640000	5026015	4170966				
train/wrong_way_driving/videos/TR03019.mp4	train	wrong_way_driving	TR03019	320	240	30.0	277	h264	9.257007	1304570	1127422	Lavf56.36.100			0
train/wrong_way_driving/videos/TR03025.mp4	train	wrong_way_driving	TR03025	640	480	25.0	501	h264	20.040000	3386463	1351881	Lavf60.3.100			
train/wrong_way_driving/videos/TR03031.mp4	train	wrong_way_driving	TR03031	640	480	25.0	501	h264	20.040000	25620518	10227751	Lavf60.3.100			
train/wrong_way_driving/videos/TR03037.mp4	train	wrong_way_driving	TR03037	640	480	25.0	501	h264	20.040000	11350037	4530952	Lavf60.3.100			
train/wrong_way_driving/videos/TR03043.mp4	train	wrong_way_driving	TR03043	640	480	25.0	178	h264	7.120000	3333882	3745934				
train/wrong_way_driving/videos/TR03049.mp4	train	wrong_way_driving	TR03049	640	480	25.0	501	h264	20.040000	19092908	7621919	Lavf60.3.100			
train/wrong_way_driving/videos/TR03055.mp4	train	wrong_way_driving	TR03055	640	480	25.0	308	h264	12.320000	3619504	2350327				
train/wrong_way_driving/videos/TR03061.mp4	train	wrong_way_driving	TR03061	640	480	25.0	501	h264	20.040000	14110942	5633110	Lavf60.3.100			
train/wrong_way_driving/videos/TR03067.mp4	train	wrong_way_driving	TR03067	640	480	25.0	501	h264	20.040000	12347441	4929118	Lavf60.3.100			
train/wrong_way_driving/videos/TR03073.mp4	train	wrong_way_driving	TR03073	640	480	25.0	177	h264	7.080000	5941692	6713776				
train/wrong_way_driving/videos/TR03079.mp4	train	wrong_way_driving	TR03079	640	480	25.0	501	h264	20.040000	8160037	3257499	Lavf60.3.100			
train/wrong_way_driving/videos/TR03085.mp4	train	wrong_way_driving	TR03085	640	480	25.0	501	h264	20.040000	11104127	4432785	Lavf60.3.100			
train/wrong_way_driving/videos/TR03091.mp4	train	wrong_way_driving	TR03091	640	480	25.0	501	h264	20.040000	11282262	4503897	Lavf60.3.100			
train/wrong_way_driving/videos/TR03097.mp4	train	wrong_way_driving	TR03097	640	480	25.0	500	h264	20.000000	7824394	3129757	Lavf60.3.100			
train/wrong_way_driving/videos/TR03103.mp4	train	wrong_way_driving	TR03103	640	480	25.0	501	h264	20.040000	12287743	4905286	Lavf60.3.100			
train/wrong_way_driving/videos/TR03109.mp4	train	wrong_way_driving	TR03109	640	480	25.0	501	h264	20.040000	9137188	3647580	Lavf60.3.100			
train/wrong_way_driving/videos/TR03115.mp4	train	wrong_way_driving	TR03115	640	480	25.0	501	h264	20.040000	11422185	4559754	Lavf60.3.100			
train/wrong_way_driving/videos/TR03121.mp4	train	wrong_way_driving	TR03121	640	480	25.0	501	h264	20.040000	5652448	2256466	Lavf60.3.100			
train/wrong_way_driving/videos/TR03127.mp4	train	wrong_way_driving	TR03127	256	192	30.0	2848	mpeg4	94.933333	20656285	1740698	Lavf59.27.100			
train/wrong_way_driving/videos/TR03133.mp4	train	wrong_way_driving	TR03133	640	480	25.0	173	h264	6.920000	2101825	2429855				
train/wrong_way_driving/videos/TR03139.mp4	train	wrong_way_driving	TR03139	640	480	25.0	501	h264	20.040000	24352937	9721731	Lavf60.3.100			
train/wrong_way_driving/videos/TR03145.mp4	train	wrong_way_driving	TR03145	640	480	25.0	501	h264	20.040000	25131094	10032372	Lavf60.3.100			
train/wrong_way_driving/videos/TR03151.mp4	train	wrong_way_driving	TR03151	640	480	25.0	501	h264	20.040000	24758731	9883724	Lavf60.3.100			
train/wrong_way_driving/videos/TR03157.mp4	train	wrong_way_driving	TR03157	640	480	25.0	304	h264	12.160000	11094684	7299134				
train/wrong_way_driving/videos/TR03163.mp4	train	wrong_way_driving	TR03163	640	480	25.0	501	h264	20.040000	26128001	10430339	Lavf60.3.100			
train/wrong_way_driving/videos/TR03169.mp4	train	wrong_way_driving	TR03169	640	480	25.0	501	h264	20.040000	25471658	10168326	Lavf60.3.100			
train/wrong_way_driving/videos/TR03175.mp4	train	wrong_way_driving	TR03175	640	360	25.0	5242	h264	209.885170	9654752	368001				
train/wrong_way_driving/videos/TR03181.mp4	train	wrong_way_driving	TR03181	640	480	25.0	501	h264	20.040000	7306548	2916785	Lavf60.3.100			
train/wrong_way_driving/videos/TR03187.mp4	train	wrong_way_driving	TR03187	640	480	25.0	501	h264	20.040000	13606634	5431790	Lavf60.3.100			
train/wrong_way_driving/videos/TR03193.mp4	train	wrong_way_driving	TR03193	640	480	25.0	501	h264	20.040000	9979785	3983946	Lavf60.3.100			
train/wrong_way_driving/videos/TR03199.mp4	train	wrong_way_driving	TR03199	640	480	25.0	120	h264	4.800000	1658515	2764191				
train/wrong_way_driving/videos/TR03204.mp4	train	wrong_way_driving	TR03204	640	480	25.0	501	h264	20.040000	8869009	3540522	Lavf60.3.100			
train/wrong_way_driving/videos/TR03209.mp4	train	wrong_way_driving	TR03209	640	480	25.0	501	h264	20.040000	11776168	4701065	Lavf60.3.100			
train/wrong_way_driving/videos/TR03214.mp4	train	wrong_way_driving	TR03214			0.0									
test/videos/T001.mp4	test		T001	640	640	24.0	136	h264	5.666667	2388477	3371967	Lavf56.38.102	EV录屏3.9.7软件录制	本视频由湖南一唯信息科技开发的EV录屏软件录制，www.ieway.cn	
test/videos/T002.mp4	test		T002	640	640	24.0	138	h264	5.750000	2413810	3358344	Lavf56.38.102	EV录屏3.9.7软件录制	本视频由湖南一唯信息科技开发的EV录屏软件录制，www.ieway.cn	
test/videos/T003.mp4	test		T003	256	192	30.0	420	mpeg4	14.000000	1435677	820386	Lavf59.27.100			
test/videos/T004.mp4	test		T004	256	192	30.0	421	mpeg4	14.033333	885095	504567	Lavf59.27.100			
test/videos/T005.mp4	test		T005	640	640	24.0	136	h264	5.666667	2393721	3379370	Lavf56.38.102	EV录屏3.9.6软件录制	本视频由湖南一唯信息科技开发的EV录屏软件录制，www.ieway.cn	
test/videos/T006.mp4	test		T006	720	404	30.0	510	mpeg4	17.000000	1473388	693359	Lavf59.27.100			
test/videos/T007.mp4	test		T007	720	404	30.0	680	mpeg4	22.666667	4460042	1574132	Lavf59.27.100			
test/videos/T008.mp4	test		T008	640	640	24.0	136	h264	5.666667	2434444	3436861	Lavf56.38.102	EV录屏3.9.6软件录制	本视频由湖南一唯信息科技开发的EV录屏软件录制，www.ieway.cn	
test/videos/T009.mp4	test		T009	640	640	24.0	138	h264	5.750000	2414729	3359622	Lavf56.38.102	EV录屏3.9.6软件录制	本视频由湖南一唯信息科技开发的EV录屏软件录制，www.ieway.cn	
test/videos/T010.mp4	test		T010	800	410	30.0	395	h264	13.166667	925146	562114	Lavf58.76.100			
test/videos/T011.mp4	test		T011	480	352	30.0	335	mpeg4	11.166667	1797492	1287755	Lavf59.27.100			
test/videos/T012.mp4	test		T012	640	640	24.0	140	h264	5.833333	1083164	1485482	Lavf56.38.102	EV录屏3.9.5软件录制	本视频由湖南一唯信息科技开发的EV录屏软件录制，www.ieway.cn	
test/videos/T013.mp4	test		T013	640	640	24.0	140	h264	5.833333	1046141	1434707	Lavf56.38.102	EV录屏3.9.5软件录制	本视频由湖南一唯信息科技开发的EV录屏软件录制，www.ieway.cn	
test/videos/T014.mp4	test		T014	640	640	24.0	139	h264	5.791667	1049953	1450294	Lavf56.38.102	EV录屏3.9.5软件录制	本视频由湖南一唯信息科技开发的EV录屏软件录制，www.ieway.cn	
test/videos/T015.mp4	test		T015	640	640	24.0	140	h264	5.833333	1073925	1472811	Lavf56.38.102	EV录屏3.9.5软件录制	本视频由湖南一唯信息科技开发的EV录屏软件录制，www.ieway.cn	
test/videos/T016.mp4	test		T016	640	640	23.826	137	h264	5.750000	2342952	3259759	Lavf56.38.102	EV录屏3.9.6软件录制	本视频由湖南一唯信息科技开发的EV录屏软件录制，www.ieway.cn	
test/videos/T017.mp4	test		T017	640	640	24.0	136	h264	5.666667	2344050	3309246	Lavf56.38.102	EV录屏3.9.6软件录制	本视频由湖南一唯信息科技开发的EV录屏软件录制，www.ieway.cn	
test/videos/T018.mp4	test		T018	720	404	30.0	332	mpeg4	11.066667	1105768	799350	Lavf59.27.100			
test/videos/T019.mp4	test		T019	640	360	30.0	398	mpeg4	13.266667	7330328	4420298	Lavf59.27.100			
test/videos/T020.mp4	test		T020	720	404	30.0	783	mpeg4	26.100000	22258712	6822593	Lavf59.27.100			
test/videos/T021.mp4	test		T021	896	448	1.875	38	h264	20.266667	5138815	2028479	Lavf58.76.100			
test/videos/T022.mp4	test		T022	896	448	1.875	30	h264	16.000000	3412083	1706041	Lavf58.76.100			
test/videos/T023.mp4	test		T023	896	448	1.875	38	h264	20.266667	4718772	1862673	Lavf58.76.100			
test/videos/T024.mp4	test		T024	896	448	1.875	30	h264	16.000000	4343582	2171791	Lavf58.76.100			
test/videos/T025.mp4	test		T025	1280	720	25.0	6000	h264	240.000000	23067729	768924	Lavf58.76.100			
test/videos/T026.mp4	test		T026	1280	720	25.0	6001	h264	240.040000	109336892	3643955	Lavf58.76.100			
test/videos/T027.mp4	test		T027	1280	720	25.0	6000	h264	240.000000	42950964	1431698	Lavf58.76.100			
test/videos/T028.mp4	test		T028	1280	720	25.0	6000	h264	240.000000	99729545	3324318	Lavf58.76.100			
test/videos/T029.mp4	test		T029	1920	1080	29.97	7193	h264	240.006433	812037604	27067194	Lavf58.76.100		DE=None,SN=1SFLJC70AL0660, Type=Normal, HQ=Normal, Mode=P	
test/videos/T030.mp4	test		T030	1920	1080	29.97	7193	h264	240.006433	614665193	20488290	Lavf58.76.100		DE=None,SN=1SFLJC70AL0660, Type=Normal, HQ=Normal, Mode=P	
test/videos/T031.mp4	test		T031	800	410	30.0	10800	h264	360.000000	25739112	571980	Lavf58.76.100			
test/videos/T032.mp4	test		T032	896	448	1.875	577	h264	307.733333	74143365	1927470	Lavf58.76.100			
test/videos/T033.mp4	test		T033	1280	720	29.97	18846	h264	628.842812	101042269	1285437				
test/videos/T034.mp4	test		T034	896	448	1.875	706	h264	376.533333	103642263	2202031	Lavf58.76.100			
